date,stock_id,Trading_Volume,Trading_money,open,max,min,close,spread,Trading_turnover
2003-06-30,50,9930000.0,367884760.0,37.1,37.4,36.92,37.08,0.12,2047.0
2003-07-01,50,14290000.0,536078350.0,37.09,38.1,37.09,38.05,0.97,2223.0
2003-07-02,50,16232000.0,625636880.0,38.17,38.82,38.1,38.69,0.64,1906.0
2003-07-03,50,16839000.0,661217150.0,40.6,40.6,38.81,39.0,0.31,2230.0
2003-07-04,50,12491000.0,487753800.0,39.1,39.26,38.75,39.26,0.26,1514.0
2003-07-07,50,19461000.0,784967940.0,39.6,41.0,39.6,41.0,1.74,1978.0
2003-07-08,50,13945000.0,575586450.0,42.0,42.0,40.7,41.19,0.19,2296.0
2003-07-09,50,8849000.0,363763270.0,41.3,41.3,40.81,41.22,0.03,1198.0
2003-07-10,50,8603000.0,348382480.0,41.2,41.2,40.05,40.05,-1.17,1491.0
2003-07-11,50,7019000.0,277417400.0,39.6,39.97,39.3,39.91,-0.14,1404.0
2003-07-14,50,10771000.0,436827930.0,39.95,41.0,39.92,40.66,0.75,1400.0
2003-07-15,50,9432000.0,383346040.0,40.7,40.86,40.19,40.19,-0.47,1101.0
2003-07-16,50,6798000.0,276893690.0,40.5,40.98,40.24,40.85,0.66,957.0
2003-07-17,50,9924000.0,399015080.0,40.5,40.65,39.8,39.8,-1.05,1187.0
2003-07-18,50,7220000.0,287078070.0,39.78,39.98,39.55,39.92,0.12,1032.0
2003-07-21,50,6715000.0,267154330.0,40.0,40.25,39.4,39.4,-0.52,993.0
2003-07-22,50,9169000.0,363490990.0,39.41,39.98,39.41,39.98,0.58,737.0
2003-07-23,50,8148000.0,328372300.0,40.3,40.5,40.0,40.05,0.07,848.0
2003-07-24,50,10984000.0,448189430.0,40.2,41.23,40.2,41.23,1.18,1279.0
2003-07-25,50,8433000.0,346491330.0,41.0,41.34,40.85,41.23,0.0,931.0
2003-07-28,50,6839000.0,285426040.0,41.9,41.94,41.57,41.58,0.35,966.0
2003-07-29,50,5680000.0,233010990.0,41.54,41.54,40.83,41.02,-0.56,864.0
2003-07-30,50,9300000.0,378924610.0,41.0,41.02,40.55,40.6,-0.42,869.0
2003-07-31,50,5120000.0,208233880.0,40.66,41.0,40.44,40.87,0.27,965.0
2003-08-01,50,3703000.0,153340310.0,41.28,41.6,41.05,41.6,0.73,844.0
2003-08-04,50,3708000.0,153495550.0,41.47,41.55,41.21,41.4,-0.2,344.0
2003-08-05,50,4929000.0,200981630.0,41.5,41.61,40.5,40.5,-0.9,659.0
2003-08-06,50,4646000.0,186678450.0,40.2,40.3,40.06,40.23,-0.27,663.0
2003-08-07,50,5574000.0,224384730.0,40.35,40.77,39.97,40.7,0.47,736.0
2003-08-08,50,4009000.0,162440190.0,40.7,40.7,40.18,40.18,-0.52,492.0
2003-08-11,50,2619000.0,104578500.0,39.9,40.18,39.68,40.1,-0.08,488.0
2003-08-12,50,4255000.0,172402720.0,40.34,40.65,40.34,40.55,0.45,429.0
2003-08-13,50,12452000.0,521544240.0,41.0,42.45,41.0,42.45,1.9,1640.0
2003-08-14,50,11489000.0,486593840.0,42.29,42.55,42.0,42.3,-0.15,896.0
2003-08-15,50,8705000.0,374241770.0,42.66,43.5,42.66,42.72,0.42,695.0
2003-08-18,50,4295000.0,183577210.0,43.0,43.1,42.52,42.8,0.08,494.0
2003-08-19,50,6286000.0,271811720.0,43.5,43.6,42.8,43.0,0.2,704.0
2003-08-20,50,4201000.0,181073180.0,42.8,43.28,42.8,43.19,0.19,437.0
2003-08-21,50,3518000.0,152951160.0,43.19,44.0,42.8,44.0,0.81,630.0
2003-08-22,50,6243000.0,276105870.0,44.0,44.59,43.95,44.04,0.04,752.0
2003-08-25,50,4937000.0,217636420.0,44.1,44.39,43.79,44.35,0.31,518.0
2003-08-26,50,8544000.0,372327820.0,44.25,44.25,43.4,43.46,-0.89,871.0
2003-08-27,50,6352000.0,277329490.0,43.28,43.97,43.28,43.62,0.16,659.0
2003-08-28,50,4754000.0,207762210.0,43.63,43.95,43.49,43.56,-0.06,453.0
2003-08-29,50,7666000.0,338875630.0,43.6,44.92,43.6,44.92,1.36,786.0
2003-09-01,50,6283000.0,283499760.0,46.4,46.4,44.79,45.15,0.23,804.0
2003-09-02,50,2163000.0,97711050.0,45.23,45.52,44.9,45.52,0.37,473.0
2003-09-03,50,4321000.0,196259650.0,45.9,45.9,45.0,45.0,-0.52,693.0
2003-09-04,50,3077000.0,137885310.0,45.1,45.1,44.51,44.51,-0.49,586.0
2003-09-05,50,3894000.0,175161720.0,45.0,45.25,44.7,45.03,0.52,582.0
2003-09-08,50,5233000.0,237436070.0,44.8,46.0,44.59,45.95,0.92,840.0
2003-09-09,50,7878000.0,364255510.0,46.5,46.59,45.7,45.7,-0.25,938.0
2003-09-10,50,4903000.0,221018610.0,45.5,45.6,44.8,45.1,-0.6,957.0
2003-09-12,50,2730000.0,123270760.0,45.04,45.47,44.8,45.47,0.37,473.0
2003-09-15,50,2946000.0,132703240.0,45.45,45.45,44.92,45.0,-0.47,427.0
2003-09-16,50,2267000.0,102586360.0,44.6,45.49,44.6,45.45,0.45,506.0
2003-09-17,50,5547000.0,254206540.0,45.83,45.99,45.7,45.79,0.34,745.0
2003-09-18,50,1464000.0,66772040.0,45.8,45.8,45.4,45.68,-0.11,450.0
2003-09-19,50,6913000.0,316947000.0,45.68,46.0,45.6,45.8,0.12,630.0
2003-09-22,50,5920000.0,267846020.0,45.5,45.5,45.0,45.0,-0.8,609.0
2003-09-23,50,6887000.0,308671570.0,44.7,45.0,44.7,44.8,-0.2,747.0
2003-09-24,50,3625000.0,162609340.0,44.98,45.0,44.71,44.85,0.05,415.0
2003-09-25,50,6414000.0,286867240.0,44.7,44.9,44.2,44.85,0.0,528.0
2003-09-26,50,3001000.0,134549030.0,44.85,44.9,44.7,44.85,0.0,323.0
2003-09-29,50,1128000.0,50426000.0,44.8,44.81,44.6,44.71,-0.14,205.0
2003-09-30,50,4797000.0,214452980.0,44.71,44.9,44.61,44.7,-0.01,412.0
2003-10-01,50,4135000.0,183356910.0,44.51,44.51,44.06,44.16,-0.54,526.0
2003-10-02,50,6668000.0,299251370.0,44.79,45.4,44.6,45.05,0.89,668.0
2003-10-03,50,4895000.0,221499440.0,45.2,45.41,45.07,45.31,0.26,471.0
2003-10-06,50,8892000.0,408854660.0,45.7,46.34,45.7,46.25,0.94,881.0
2003-10-07,50,7937000.0,367585510.0,46.4,46.4,46.18,46.28,0.03,489.0
2003-10-08,50,1810000.0,83401240.0,46.3,46.38,45.87,46.0,-0.28,312.0
2003-10-09,50,5914000.0,272524950.0,46.0,46.2,45.9,46.14,0.14,318.0
2003-10-13,50,8657000.0,405853420.0,46.4,47.19,46.4,47.19,1.05,608.0
2003-10-14,50,6643000.0,314441550.0,47.35,47.52,47.01,47.01,-0.18,514.0
2003-10-15,50,5439000.0,255722170.0,47.01,47.3,46.81,47.05,0.04,363.0
2003-10-16,50,10708000.0,508567060.0,47.05,47.75,46.98,47.7,0.65,569.0
2003-10-17,50,4645000.0,221818940.0,47.8,47.87,47.51,47.79,0.09,379.0
2003-10-20,50,3041000.0,145807800.0,47.58,48.1,47.58,48.0,0.21,291.0
2003-10-21,50,3924000.0,188119110.0,48.0,48.25,47.49,47.8,-0.2,471.0
2003-10-22,50,2416000.0,115146310.0,47.69,47.86,47.43,47.8,0.0,277.0
2003-10-23,50,6883000.0,324846430.0,47.3,47.38,47.03,47.1,-0.7,520.0
2003-10-24,50,6866000.0,322876090.0,47.0,47.2,46.83,46.95,-0.15,543.0
2003-10-27,50,1728000.0,81221080.0,46.95,47.15,46.93,47.0,0.05,318.0
2003-10-28,50,6265000.0,298264610.0,47.0,47.89,47.0,47.85,0.85,510.0
2003-10-29,50,13510000.0,654902080.0,48.5,48.6,48.0,48.0,0.15,897.0
2003-10-30,50,5127000.0,247928850.0,48.21,49.0,48.0,48.16,0.16,438.0
2003-10-31,50,23668000.0,1140095920.0,48.15,48.27,47.81,48.0,-0.16,485.0
2003-11-03,50,3215000.0,154068730.0,48.0,48.07,47.79,48.0,0.0,479.0
2003-11-04,50,6331000.0,306226800.0,48.25,48.55,48.0,48.0,0.0,542.0
2003-11-05,50,4990000.0,240769250.0,48.0,48.5,48.0,48.44,0.44,420.0
2003-11-06,50,4923000.0,236807540.0,48.55,48.77,47.2,47.6,-0.84,660.0
2003-11-07,50,5698000.0,270468310.0,47.51,47.78,47.2,47.78,0.18,598.0
2003-11-10,50,1482000.0,70574240.0,47.6,47.78,47.49,47.51,-0.27,339.0
2003-11-11,50,2962000.0,139648650.0,47.4,47.49,47.0,47.18,-0.33,511.0
2003-11-12,50,2789000.0,131484690.0,47.18,47.23,47.0,47.02,-0.16,349.0
2003-11-13,50,2636000.0,124868910.0,47.35,47.58,47.3,47.35,0.33,242.0
2003-11-14,50,2781000.0,131867150.0,47.5,47.55,47.25,47.55,0.2,227.0
2003-11-17,50,5041000.0,236300050.0,47.3,47.3,46.65,46.7,-0.85,593.0
2003-11-18,50,6796000.0,316415070.0,46.7,46.79,46.38,46.6,-0.1,560.0
2003-11-19,50,10670000.0,490086920.0,46.0,46.27,45.75,45.99,-0.61,909.0
2003-11-20,50,5539000.0,254138080.0,46.19,46.19,45.6,45.6,-0.39,687.0
2003-11-21,50,3884000.0,175905120.0,45.3,45.6,45.1,45.57,-0.03,566.0
2003-11-24,50,1107000.0,50425640.0,45.57,45.6,45.3,45.58,0.01,240.0
2003-11-25,50,3287000.0,151501570.0,46.02,46.26,45.89,45.95,0.37,417.0
2003-11-26,50,1970000.0,90646690.0,46.19,46.19,45.93,46.0,0.05,234.0
2003-11-27,50,2694000.0,122740090.0,46.0,46.0,45.46,45.48,-0.52,431.0
2003-11-28,50,4656000.0,212429650.0,46.1,46.1,45.0,45.0,-0.48,496.0
2003-12-01,50,6751000.0,308351050.0,45.0,46.2,44.95,46.2,1.2,466.0
2003-12-02,50,2635000.0,121585880.0,46.26,46.27,46.0,46.15,-0.05,346.0
2003-12-03,50,3213000.0,148308400.0,46.15,46.25,46.01,46.07,-0.08,273.0
2003-12-04,50,3404000.0,156830210.0,46.07,46.2,45.85,46.2,0.13,243.0
2003-12-05,50,5251000.0,242927680.0,46.4,46.42,46.19,46.27,0.07,305.0
2003-12-08,50,4842000.0,221490890.0,45.78,46.3,45.61,46.3,0.03,397.0
2003-12-09,50,2503000.0,115015140.0,46.0,46.09,45.8,46.0,-0.3,374.0
2003-12-10,50,5414000.0,246982790.0,46.0,46.0,45.42,45.74,-0.26,473.0
2003-12-11,50,1478000.0,67663080.0,45.74,45.88,45.7,45.8,0.06,215.0
2003-12-12,50,1462000.0,67641050.0,46.79,46.79,46.0,46.1,0.3,321.0
2003-12-15,50,2266000.0,104826050.0,46.1,46.45,46.1,46.45,0.35,273.0
2003-12-16,50,7865000.0,363356050.0,46.29,46.29,46.1,46.18,-0.27,273.0
2003-12-17,50,11143000.0,508106360.0,46.2,46.25,44.9,45.3,-0.88,1039.0
2003-12-18,50,5103000.0,231149140.0,45.4,45.4,45.2,45.4,0.1,458.0
2003-12-19,50,5240000.0,237357230.0,45.59,45.6,45.12,45.15,-0.25,380.0
2003-12-22,50,3920000.0,179078200.0,45.15,45.8,45.15,45.78,0.63,385.0
2003-12-23,50,1645000.0,75240470.0,45.78,45.81,45.6,45.8,0.02,185.0
2003-12-24,50,1029000.0,47321680.0,45.8,46.15,45.7,45.9,0.1,244.0
2003-12-25,50,783000.0,35973190.0,45.99,46.11,45.81,45.81,-0.09,161.0
2003-12-26,50,1869000.0,85563630.0,45.9,46.1,45.7,45.75,-0.06,230.0
2003-12-29,50,3893000.0,177218790.0,45.75,45.82,45.3,45.42,-0.33,304.0
2003-12-30,50,4803000.0,219887070.0,45.79,45.9,45.45,45.9,0.48,364.0
2003-12-31,50,3519000.0,161693680.0,46.0,46.08,45.9,45.92,0.02,353.0
2004-01-02,50,16325000.0,762618140.0,46.14,47.3,45.92,47.3,1.38,1225.0
2004-01-05,50,10376000.0,494647630.0,47.3,47.84,47.3,47.8,0.5,1131.0
2004-01-06,50,7741000.0,370554660.0,48.0,48.1,47.7,47.8,0.0,657.0
2004-01-07,50,6398000.0,307702800.0,47.95,48.44,47.8,47.8,0.0,829.0
2004-01-08,50,3477000.0,166880800.0,47.9,48.18,47.8,48.08,0.28,663.0
2004-01-09,50,7688000.0,372834230.0,48.4,48.74,48.38,48.41,0.33,840.0
2004-01-12,50,6977000.0,338062480.0,48.41,48.59,48.3,48.53,0.12,519.0
2004-01-13,50,5508000.0,267291720.0,48.7,48.7,48.21,48.48,-0.05,511.0
2004-01-14,50,7776000.0,380269200.0,48.3,49.11,48.23,48.95,0.47,758.0
2004-01-15,50,3971000.0,194096980.0,49.0,49.0,48.72,48.94,-0.01,455.0
2004-01-16,50,5598000.0,274259950.0,49.0,49.19,48.8,48.9,-0.04,594.0
2004-01-27,50,6713000.0,330976320.0,49.5,49.51,49.1,49.11,0.21,756.0
2004-01-28,50,16573000.0,812564630.0,49.1,49.2,48.91,49.03,-0.08,810.0
2004-01-29,50,11158000.0,542216080.0,48.9,48.9,48.46,48.6,-0.43,739.0
2004-01-30,50,4238000.0,205878500.0,48.6,48.62,48.5,48.52,-0.08,373.0
2004-02-02,50,5168000.0,249750440.0,48.53,48.56,48.01,48.3,-0.22,476.0
2004-02-03,50,7358000.0,349312380.0,47.99,47.99,47.32,47.66,-0.64,827.0
2004-02-04,50,4757000.0,225761190.0,47.5,47.59,47.35,47.45,-0.21,371.0
2004-02-05,50,3139000.0,149120540.0,47.3,47.68,47.2,47.45,0.0,494.0
2004-02-06,50,5801000.0,277395120.0,47.5,47.98,47.5,47.91,0.46,521.0
2004-02-09,50,4237000.0,205081810.0,48.0,48.6,48.0,48.5,0.59,575.0
2004-02-10,50,7665000.0,371421620.0,48.7,48.7,48.25,48.54,0.04,542.0
2004-02-11,50,5264000.0,254721750.0,48.5,48.5,48.26,48.37,-0.17,686.0
2004-02-12,50,8114000.0,396693580.0,48.5,49.26,48.4,48.59,0.22,849.0
2004-02-13,50,6138000.0,301275790.0,48.61,49.47,48.6,49.46,0.87,664.0
2004-02-16,50,4154000.0,204417200.0,49.46,49.46,49.04,49.2,-0.26,436.0
2004-02-17,50,4645000.0,228974460.0,49.21,49.5,49.16,49.5,0.3,336.0
2004-02-18,50,4018000.0,198896410.0,49.55,49.7,49.32,49.53,0.03,450.0
2004-02-19,50,6123000.0,305214950.0,49.57,50.1,49.57,50.0,0.47,544.0
2004-02-20,50,1270000.0,63411080.0,50.0,50.05,49.7,50.0,0.0,345.0
2004-02-23,50,2001000.0,99310800.0,49.95,50.0,49.5,49.56,-0.44,264.0
2004-02-24,50,3957000.0,195271180.0,49.2,49.62,49.16,49.45,-0.11,296.0
2004-02-25,50,3115000.0,154273720.0,49.4,49.62,49.36,49.6,0.15,356.0
2004-02-26,50,6234000.0,311464670.0,49.75,50.05,49.7,49.8,0.2,387.0
2004-02-27,50,9139000.0,460315100.0,50.0,50.6,50.0,50.55,0.75,478.0
2004-03-01,50,7495000.0,386117500.0,50.8,52.0,50.8,51.95,1.4,528.0
2004-03-02,50,13953000.0,733167500.0,52.1,52.9,52.1,52.8,0.85,706.0
2004-03-03,50,19671000.0,1037574000.0,52.8,52.95,52.5,52.7,-0.1,729.0
2004-03-04,50,16061000.0,852025900.0,53.0,53.15,52.55,53.15,0.45,681.0
2004-03-05,50,22078000.0,1176644200.0,53.5,53.7,52.5,52.5,-0.65,809.0
2004-03-08,50,3510000.0,183267550.0,52.6,52.9,51.75,51.85,-0.65,475.0
2004-03-09,50,6131000.0,317388050.0,51.6,52.0,51.45,52.0,0.15,444.0
2004-03-10,50,10911000.0,562806350.0,51.95,52.1,51.2,51.35,-0.65,635.0
2004-03-11,50,19280000.0,984190450.0,50.95,51.45,50.75,51.4,0.05,681.0
2004-03-12,50,17917000.0,905092700.0,50.8,50.8,50.3,50.45,-0.95,1205.0
2004-03-15,50,15682000.0,784692260.0,51.0,51.0,49.65,49.65,-0.8,801.0
2004-03-16,50,18336000.0,899020560.0,49.32,49.38,48.8,49.0,-0.65,1265.0
2004-03-17,50,4684000.0,231030210.0,49.7,49.7,49.0,49.08,0.08,587.0
2004-03-18,50,9242000.0,462175580.0,49.7,50.8,49.5,50.7,1.62,949.0
2004-03-19,50,6632000.0,336354500.0,50.7,51.1,50.4,51.0,0.3,800.0
2004-03-22,50,4226000.0,200439180.0,47.43,47.43,47.43,47.43,-3.57,519.0
2004-03-23,50,25916000.0,1181326220.0,44.5,47.17,44.5,46.4,-1.03,2514.0
2004-03-24,50,10120000.0,474360000.0,47.3,47.3,46.45,46.95,0.55,1525.0
2004-03-25,50,5991000.0,281683230.0,46.95,47.25,46.75,46.8,-0.15,811.0
2004-03-26,50,7696000.0,361198110.0,47.24,47.3,46.7,46.79,-0.01,740.0
2004-03-29,50,4404000.0,214912170.0,48.7,49.1,48.28,49.1,2.31,952.0
2004-03-30,50,8016000.0,395164550.0,49.1,49.54,48.8,49.3,0.2,942.0
2004-03-31,50,8563000.0,421970140.0,49.5,49.5,48.98,48.99,-0.31,697.0
2004-04-01,50,4722000.0,230197700.0,49.3,49.3,48.4,48.7,-0.29,622.0
2004-04-02,50,1968000.0,96493740.0,49.0,49.2,48.9,48.91,0.21,307.0
2004-04-05,50,5805000.0,288708240.0,49.5,50.5,49.19,50.0,1.09,668.0
2004-04-06,50,3052000.0,153128790.0,50.2,50.45,49.9,49.92,-0.08,441.0
2004-04-07,50,797000.0,39784360.0,49.93,49.98,49.8,49.87,-0.05,204.0
2004-04-08,50,3677000.0,183962470.0,49.9,50.1,49.9,50.1,0.23,275.0
2004-04-09,50,1493000.0,74283700.0,49.9,49.9,49.6,49.8,-0.3,314.0
2004-04-12,50,8506000.0,431238900.0,50.05,51.05,50.05,50.95,1.15,725.0
2004-04-13,50,4769000.0,242874600.0,50.95,51.1,50.7,50.85,-0.1,358.0
2004-04-14,50,7859000.0,400888050.0,50.35,51.4,50.35,51.4,0.55,463.0
2004-04-15,50,13174000.0,673202600.0,51.4,51.6,50.35,50.4,-1.0,600.0
2004-04-16,50,12879000.0,655913850.0,50.4,51.35,50.35,51.15,0.75,517.0
2004-04-19,50,5415000.0,276703050.0,51.2,51.3,50.85,50.9,-0.25,347.0
2004-04-20,50,8261000.0,422935700.0,51.5,51.5,50.9,50.9,0.0,609.0
2004-04-21,50,5493000.0,281252450.0,50.8,51.35,50.8,51.25,0.35,244.0
2004-04-22,50,11949000.0,617793600.0,51.4,52.2,50.3,50.5,-0.75,723.0
2004-04-23,50,6594000.0,335720450.0,50.7,51.15,50.7,50.8,0.3,376.0
2004-04-26,50,2449000.0,124846600.0,50.8,51.15,50.8,50.9,0.1,224.0
2004-04-27,50,2429000.0,122460350.0,50.9,50.9,50.1,50.4,-0.5,445.0
2004-04-28,50,3648000.0,182577450.0,50.4,50.55,49.8,49.95,-0.45,451.0
2004-04-29,50,6398000.0,312929040.0,49.58,49.7,48.38,48.69,-1.26,1129.0
2004-04-30,50,31243000.0,1466449980.0,48.35,48.5,45.8,47.5,-1.19,2285.0
2004-05-03,50,13192000.0,611433900.0,47.1,47.1,45.9,45.95,-1.55,1386.0
2004-05-04,50,5530000.0,257352020.0,46.3,47.0,46.06,47.0,1.05,972.0
2004-05-05,50,7810000.0,356041070.0,47.1,47.1,44.7,44.7,-2.3,1399.0
2004-05-06,50,6536000.0,295386370.0,45.5,45.7,44.65,45.3,0.6,893.0
2004-05-07,50,5232000.0,238236140.0,45.0,45.9,45.0,45.75,0.45,557.0
2004-05-10,50,6852000.0,306414880.0,45.15,45.15,44.4,44.6,-1.15,859.0
2004-05-11,50,6260000.0,277099650.0,44.6,45.1,43.7,44.72,0.12,939.0
2004-05-12,50,2610000.0,118837360.0,45.37,45.75,45.2,45.5,0.78,687.0
2004-05-13,50,2392000.0,107800100.0,45.3,45.35,44.8,45.0,-0.5,435.0
2004-05-14,50,3577000.0,159089360.0,45.3,45.42,44.1,44.1,-0.9,687.0
2004-05-17,50,17932000.0,748123560.0,43.51,43.51,41.02,41.02,-3.08,2083.0
2004-05-18,50,8184000.0,342546610.0,41.1,42.55,41.1,41.7,0.68,1342.0
2004-05-19,50,10694000.0,472299050.0,43.4,44.61,42.7,44.61,2.91,1340.0
2004-05-20,50,13113000.0,584407650.0,44.2,45.35,43.85,44.5,-0.11,1649.0
2004-05-21,50,6032000.0,272521560.0,44.5,45.59,44.11,45.21,0.71,1164.0
2004-05-24,50,3770000.0,170318430.0,45.0,45.69,44.5,45.12,-0.09,757.0
2004-05-25,50,4675000.0,211346530.0,45.0,45.6,44.65,44.95,-0.17,745.0
2004-05-26,50,6749000.0,310936460.0,46.49,46.49,45.77,45.95,1.0,867.0
2004-05-27,50,2306000.0,105840160.0,46.0,46.1,45.76,45.95,0.0,455.0
2004-05-28,50,1952000.0,90180870.0,46.15,46.3,46.1,46.3,0.35,499.0
2004-05-31,50,3244000.0,148147100.0,46.3,46.31,45.3,45.35,-0.95,620.0
2004-06-01,50,2645000.0,119301250.0,45.2,45.35,44.81,45.2,-0.15,503.0
2004-06-02,50,2939000.0,131507430.0,44.8,44.9,44.62,44.69,-0.51,501.0
2004-06-03,50,8926000.0,393631490.0,44.8,45.15,43.6,43.64,-1.05,1078.0
2004-06-04,50,6959000.0,301615120.0,43.5,43.64,42.8,43.02,-0.62,922.0
2004-06-07,50,3170000.0,141581450.0,44.0,45.25,44.0,45.2,2.18,786.0
2004-06-08,50,3440000.0,156593790.0,45.9,46.0,45.2,45.6,0.4,660.0
2004-06-09,50,1643000.0,74725020.0,45.6,45.6,45.31,45.39,-0.21,289.0
2004-06-10,50,6412000.0,286189960.0,45.1,45.15,44.4,44.95,-0.44,602.0
2004-06-11,50,9946000.0,434775060.0,44.5,44.5,43.4,43.44,-1.51,1010.0
2004-06-14,50,7725000.0,331468910.0,43.44,43.82,42.1,42.2,-1.24,1042.0
2004-06-15,50,6911000.0,291573490.0,42.2,43.0,41.81,43.0,0.8,1036.0
2004-06-16,50,4653000.0,198565440.0,43.5,43.5,42.1,42.35,-0.65,804.0
2004-06-17,50,5538000.0,238923480.0,42.35,43.8,42.35,43.29,0.94,997.0
2004-06-18,50,6298000.0,268604370.0,43.29,43.29,42.47,42.6,-0.69,891.0
2004-06-21,50,2726000.0,117028940.0,43.7,43.7,42.52,42.52,-0.08,742.0
2004-06-23,50,4548000.0,199178600.0,42.91,44.3,42.91,43.9,1.38,1143.0
2004-06-24,50,4634000.0,205010330.0,44.02,44.5,43.9,44.36,0.46,786.0
2004-06-25,50,4994000.0,221913110.0,44.3,44.7,43.95,44.4,0.04,704.0
2004-06-28,50,3631000.0,158969830.0,44.4,44.5,43.51,43.72,-0.68,712.0
2004-06-29,50,4828000.0,210499030.0,43.52,43.83,43.29,43.8,0.08,603.0
2004-06-30,50,5444000.0,242727590.0,44.1,44.85,44.1,44.75,0.95,1060.0
2004-07-01,50,3948000.0,177103830.0,44.9,45.05,44.65,44.91,0.16,837.0
2004-07-02,50,3227000.0,142001480.0,43.96,44.2,43.9,43.92,-0.99,819.0
2004-07-05,50,4476000.0,194095550.0,43.6,43.68,43.28,43.4,-0.52,726.0
2004-07-06,50,4522000.0,196886380.0,43.4,43.8,43.35,43.8,0.4,563.0
2004-07-07,50,2471000.0,107693860.0,43.3,43.99,43.22,43.9,0.1,619.0
2004-07-08,50,3545000.0,155857130.0,43.9,44.2,43.76,43.82,-0.08,613.0
2004-07-09,50,4329000.0,190399330.0,43.85,44.4,43.71,44.35,0.53,618.0
2004-07-12,50,3406000.0,151135590.0,44.49,44.52,44.04,44.04,-0.31,531.0
2004-07-13,50,1739000.0,76181950.0,43.9,43.98,43.7,43.7,-0.34,420.0
2004-07-14,50,3800000.0,165563560.0,43.75,43.85,43.32,43.32,-0.38,573.0
2004-07-15,50,9665000.0,412460110.0,43.3,43.3,42.4,42.6,-0.72,1345.0
2004-07-16,50,3536000.0,150394090.0,42.41,42.73,42.35,42.38,-0.22,649.0
2004-07-19,50,6277000.0,264920910.0,42.3,42.56,41.95,42.37,-0.01,678.0
2004-07-20,50,8764000.0,365221620.0,42.36,42.36,41.2,41.2,-1.17,1250.0
2004-07-21,50,6458000.0,270971490.0,42.0,42.18,41.65,41.99,0.79,880.0
2004-07-22,50,5014000.0,207350060.0,41.5,41.8,41.12,41.6,-0.39,840.0
2004-07-23,50,4087000.0,170598640.0,41.6,42.15,41.5,41.58,-0.02,675.0
2004-07-26,50,4621000.0,190060480.0,41.2,41.24,41.0,41.2,-0.38,735.0
2004-07-27,50,6242000.0,257945080.0,41.19,42.0,40.9,41.86,0.66,972.0
2004-07-28,50,4877000.0,204065360.0,42.2,42.2,41.55,41.74,-0.12,660.0
2004-07-29,50,2526000.0,104894610.0,41.61,41.72,41.38,41.38,-0.36,525.0
2004-07-30,50,4483000.0,188192230.0,41.7,42.1,41.7,41.91,0.53,710.0
2004-08-02,50,4250000.0,176815350.0,41.69,41.8,41.5,41.65,-0.26,612.0
2004-08-03,50,2572000.0,107123740.0,41.75,41.85,41.5,41.67,0.02,501.0
2004-08-04,50,3277000.0,135723600.0,41.5,41.6,41.3,41.3,-0.37,675.0
2004-08-05,50,5663000.0,237884970.0,41.5,42.8,41.18,42.8,1.5,1180.0
2004-08-06,50,7607000.0,322891480.0,42.4,42.79,42.11,42.27,-0.53,928.0
2004-08-09,50,3624000.0,151790960.0,41.85,42.24,41.69,42.24,-0.03,527.0
2004-08-10,50,2919000.0,122945620.0,42.2,42.24,42.02,42.02,-0.22,423.0
2004-08-11,50,3276000.0,137705350.0,42.3,42.32,41.77,41.77,-0.25,621.0
2004-08-12,50,1448000.0,60421660.0,41.82,41.89,41.6,41.78,0.01,341.0
2004-08-13,50,2113000.0,88318990.0,41.71,42.08,41.5,41.82,0.04,412.0
2004-08-16,50,2061000.0,86013150.0,41.82,41.89,41.65,41.65,-0.17,393.0
2004-08-17,50,3021000.0,126200900.0,41.9,41.9,41.7,41.73,0.08,394.0
2004-08-18,50,6605000.0,279824870.0,41.74,42.88,41.73,42.74,1.01,1001.0
2004-08-19,50,9208000.0,402644860.0,43.0,44.22,43.0,44.2,1.46,1845.0
2004-08-20,50,5553000.0,245609520.0,44.2,44.49,44.03,44.2,0.0,888.0
2004-08-23,50,5633000.0,249809150.0,44.31,44.59,44.19,44.45,0.25,760.0
2004-08-26,50,8794000.0,400858510.0,45.0,46.0,45.0,45.95,1.5,1339.0
2004-08-27,50,5288000.0,241852040.0,45.86,45.95,45.52,45.6,-0.35,698.0
2004-08-30,50,4480000.0,203985220.0,45.6,45.7,45.36,45.59,-0.01,561.0
2004-08-31,50,8130000.0,370842060.0,45.4,45.95,45.03,45.15,-0.44,918.0
2004-09-01,50,5891000.0,269403110.0,45.3,45.85,45.3,45.8,0.65,614.0
2004-09-02,50,2231000.0,101876580.0,45.8,45.84,45.51,45.62,-0.18,371.0
2004-09-03,50,4700000.0,212568570.0,45.6,45.74,44.8,44.84,-0.78,837.0
2004-09-06,50,5569000.0,248779220.0,44.7,44.95,44.46,44.93,0.09,619.0
2004-09-07,50,3627000.0,164483490.0,44.93,45.5,44.93,45.5,0.57,635.0
2004-09-08,50,4244000.0,193465830.0,45.51,45.75,45.32,45.47,-0.03,707.0
2004-09-09,50,3800000.0,172436140.0,45.41,45.47,45.2,45.4,-0.07,331.0
2004-09-10,50,4468000.0,203623150.0,45.49,45.75,45.3,45.45,0.05,413.0
2004-09-13,50,12497000.0,576520900.0,46.01,46.31,46.0,46.3,0.85,926.0
2004-09-14,50,8103000.0,375773280.0,46.31,46.58,46.15,46.3,0.0,577.0
2004-09-15,50,7410000.0,340022990.0,46.15,46.19,45.6,45.76,-0.54,452.0
2004-09-16,50,6356000.0,289743150.0,45.5,45.8,45.4,45.76,0.0,511.0
2004-09-17,50,4935000.0,224095590.0,45.77,45.8,45.15,45.4,-0.36,429.0
2004-09-20,50,7416000.0,338583940.0,45.43,45.84,45.4,45.6,0.2,443.0
2004-09-21,50,14017000.0,648228830.0,46.82,46.82,46.0,46.21,0.61,857.0
2004-09-22,50,10730000.0,497142470.0,46.32,46.43,46.15,46.33,0.12,511.0
2004-09-23,50,3242000.0,149238990.0,46.0,46.2,45.93,46.2,-0.13,394.0
2004-09-24,50,3346000.0,153045030.0,46.08,46.2,45.4,45.4,-0.8,540.0
2004-09-27,50,1312000.0,59474020.0,45.4,45.5,45.2,45.4,0.0,323.0
2004-09-29,50,2958000.0,134371930.0,45.3,45.56,45.3,45.39,-0.01,340.0
2004-09-30,50,5675000.0,259507260.0,45.7,45.89,45.45,45.6,0.21,533.0
2004-10-01,50,6967000.0,320050900.0,45.71,46.3,45.65,46.3,0.7,573.0
2004-10-04,50,21132000.0,996139430.0,47.05,47.35,46.92,47.26,0.96,1441.0
2004-10-05,50,9362000.0,443730140.0,47.31,47.55,47.27,47.49,0.23,650.0
2004-10-06,50,10442000.0,496934950.0,47.42,47.76,47.13,47.3,-0.19,776.0
2004-10-07,50,8950000.0,425334290.0,47.43,47.73,47.39,47.5,0.2,580.0
2004-10-08,50,5198000.0,246554850.0,47.4,47.55,47.27,47.5,0.0,487.0
2004-10-11,50,4890000.0,230147560.0,47.03,47.2,46.9,47.15,-0.35,451.0
2004-10-12,50,3444000.0,160567900.0,46.9,46.99,46.28,46.28,-0.87,618.0
2004-10-13,50,4133000.0,191194670.0,46.28,46.34,46.15,46.15,-0.13,422.0
2004-10-14,50,8848000.0,401602500.0,45.54,45.75,45.03,45.16,-0.99,1256.0
2004-10-15,50,8455000.0,382359270.0,45.5,45.5,44.94,45.08,-0.08,694.0
2004-10-18,50,1397000.0,62949670.0,45.2,45.23,44.95,45.04,-0.04,363.0
2004-10-19,50,3078000.0,139098260.0,45.13,45.38,45.07,45.37,0.33,432.0
2004-10-20,50,5549000.0,249956770.0,45.1,45.18,44.9,45.1,-0.27,779.0
2004-10-21,50,4170000.0,188619550.0,45.05,45.35,44.9,45.17,0.07,516.0
2004-10-22,50,2345000.0,106059230.0,45.19,45.32,45.15,45.2,0.03,315.0
2004-10-26,50,5597000.0,248599170.0,44.58,44.58,44.2,44.22,-0.98,932.0
2004-10-27,50,6037000.0,265808920.0,44.22,44.25,43.81,44.15,-0.07,801.0
2004-10-28,50,4275000.0,190377440.0,44.5,44.85,44.39,44.85,0.7,517.0
2004-10-29,50,1279000.0,57079550.0,44.6,44.79,44.51,44.72,-0.13,328.0
2004-11-01,50,1630000.0,72630560.0,44.75,44.84,44.16,44.29,-0.43,410.0
2004-11-02,50,2759000.0,123507320.0,44.31,45.21,44.31,45.2,0.91,575.0
2004-11-03,50,9666000.0,442654710.0,45.2,46.05,45.2,46.02,0.82,1015.0
2004-11-04,50,10320000.0,475852030.0,46.0,46.45,45.85,46.2,0.18,802.0
2004-11-05,50,14989000.0,701535890.0,47.0,47.2,46.56,46.93,0.73,1006.0
2004-11-08,50,6190000.0,289511250.0,46.92,46.93,46.62,46.81,-0.12,635.0
2004-11-09,50,7071000.0,330263450.0,46.85,46.86,46.5,46.81,0.0,548.0
2004-11-10,50,11687000.0,547243060.0,47.0,47.05,46.59,46.85,0.04,635.0
2004-11-11,50,6506000.0,301178760.0,46.85,46.85,46.0,46.0,-0.85,730.0
2004-11-12,50,10154000.0,473316370.0,46.23,46.93,46.23,46.51,0.51,897.0
2004-11-15,50,10648000.0,499385260.0,46.97,47.05,46.6,46.6,0.09,568.0
2004-11-16,50,10298000.0,481605410.0,46.6,46.95,46.6,46.78,0.18,493.0
2004-11-17,50,26781000.0,1268802790.0,46.8,47.69,46.79,47.6,0.82,1626.0
2004-11-18,50,17522000.0,837419440.0,47.7,47.96,47.6,47.6,0.0,1074.0
2004-11-19,50,9392000.0,447219000.0,47.65,47.8,47.4,47.4,-0.2,663.0
2004-11-22,50,8088000.0,374028660.0,46.8,46.96,45.75,45.75,-1.65,1608.0
2004-11-23,50,4066000.0,185890530.0,45.8,45.98,45.3,45.8,0.05,760.0
2004-11-24,50,5439000.0,250734210.0,45.88,46.35,45.88,46.35,0.55,624.0
2004-11-25,50,1774000.0,81645530.0,46.35,46.35,45.9,46.03,-0.32,305.0
2004-11-26,50,6247000.0,288101290.0,46.2,46.5,45.46,45.46,-0.57,815.0
2004-11-29,50,4770000.0,216662180.0,45.45,45.6,45.25,45.55,0.09,628.0
2004-11-30,50,12616000.0,571340980.0,45.32,45.7,44.88,45.5,-0.05,1212.0
2004-12-01,50,11673000.0,531063520.0,45.41,45.95,45.21,45.63,0.13,896.0
2004-12-02,50,8488000.0,390043410.0,45.84,46.07,45.8,46.06,0.43,667.0
2004-12-03,50,2628000.0,121543770.0,46.23,46.4,46.06,46.4,0.34,528.0
2004-12-06,50,2282000.0,105866170.0,46.23,46.6,46.16,46.6,0.2,478.0
2004-12-07,50,3160000.0,147014780.0,46.6,46.67,46.4,46.64,0.04,521.0
2004-12-08,50,2216000.0,103044430.0,46.56,46.56,46.42,46.5,-0.14,388.0
2004-12-09,50,3796000.0,176651950.0,46.7,46.7,46.45,46.5,0.0,440.0
2004-12-10,50,5224000.0,242841820.0,46.5,46.55,46.35,46.43,-0.07,520.0
2004-12-13,50,10868000.0,507037650.0,46.6,47.19,45.8,46.0,-0.43,1249.0
2004-12-14,50,2300000.0,106309120.0,46.3,46.32,46.12,46.23,0.23,368.0
2004-12-15,50,13490000.0,633109970.0,46.53,47.2,46.45,47.15,0.92,1194.0
2004-12-16,50,8268000.0,390206830.0,47.16,47.3,47.05,47.3,0.15,681.0
2004-12-17,50,13153000.0,620797940.0,47.23,47.3,47.11,47.18,-0.12,465.0
2004-12-20,50,6789000.0,317317910.0,46.2,46.9,46.2,46.52,-0.66,545.0
2004-12-21,50,1774000.0,83085890.0,46.81,46.99,46.76,46.99,0.47,243.0
2004-12-22,50,7872000.0,372228670.0,47.06,47.4,47.01,47.2,0.21,532.0
2004-12-23,50,1066000.0,50037640.0,47.2,47.2,46.85,46.96,-0.24,215.0
2004-12-24,50,3315000.0,156119460.0,46.96,47.37,46.96,47.25,0.29,343.0
2004-12-27,50,5952000.0,279834990.0,47.25,47.25,46.98,47.02,-0.23,490.0
2004-12-28,50,5113000.0,240707260.0,47.01,47.2,47.0,47.2,0.18,457.0
2004-12-29,50,14060000.0,671745180.0,47.53,48.0,47.5,47.98,0.78,1146.0
2004-12-30,50,8219000.0,394604670.0,48.01,48.1,47.9,48.07,0.09,603.0
2004-12-31,50,15894000.0,767395400.0,48.1,48.56,47.91,48.5,0.43,947.0
2005-01-03,50,5175000.0,250369840.0,48.46,48.58,48.16,48.3,-0.2,493.0
2005-01-04,50,6241000.0,297438150.0,48.08,48.08,47.36,47.49,-0.81,927.0
2005-01-05,50,8543000.0,401269190.0,47.0,47.06,46.85,46.87,-0.62,880.0
2005-01-06,50,3115000.0,145957100.0,46.87,46.99,46.7,46.87,0.0,434.0
2005-01-07,50,8100000.0,378179780.0,46.93,46.96,46.48,46.5,-0.37,718.0
2005-01-10,50,2124000.0,98970400.0,46.58,46.7,46.48,46.68,0.18,397.0
2005-01-11,50,4443000.0,208183430.0,46.9,46.96,46.65,46.9,0.22,394.0
2005-01-12,50,7976000.0,369450300.0,46.7,46.77,45.9,45.95,-0.95,1151.0
2005-01-13,50,5363000.0,246742030.0,46.08,46.3,45.7,45.89,-0.06,778.0
2005-01-14,50,6006000.0,275528560.0,45.66,46.15,45.55,46.09,0.2,754.0
2005-01-17,50,3729000.0,173786340.0,46.57,46.76,46.46,46.66,0.57,754.0
2005-01-18,50,1292000.0,60211820.0,46.76,46.76,46.52,46.57,-0.09,240.0
2005-01-19,50,1774000.0,82403700.0,46.77,46.77,46.3,46.43,-0.14,324.0
2005-01-20,50,3132000.0,144906670.0,46.1,46.41,46.01,46.29,-0.14,472.0
2005-01-21,50,2437000.0,112208630.0,46.18,46.28,45.91,45.91,-0.38,466.0
2005-01-24,50,6951000.0,316788080.0,45.98,45.98,45.25,45.39,-0.52,965.0
2005-01-25,50,6497000.0,294433770.0,45.38,45.49,45.11,45.37,-0.02,636.0
2005-01-26,50,3653000.0,166953090.0,45.6,45.93,45.51,45.83,0.46,616.0
2005-01-27,50,2386000.0,109407100.0,45.9,45.96,45.74,45.83,0.0,319.0
2005-01-28,50,2386000.0,110190290.0,45.89,46.35,45.83,46.3,0.47,532.0
2005-01-31,50,10803000.0,506114950.0,46.3,47.15,46.3,47.09,0.79,1061.0
2005-02-01,50,7083000.0,333418840.0,47.1,47.2,46.91,47.08,-0.01,633.0
2005-02-02,50,17403000.0,829453020.0,47.38,47.89,47.38,47.55,0.47,1399.0
2005-02-03,50,10379000.0,494097900.0,47.61,47.75,47.53,47.67,0.12,675.0
2005-02-14,50,15342000.0,745350450.0,48.95,49.0,48.25,48.48,0.81,1178.0
2005-02-15,50,8823000.0,428104620.0,48.51,48.63,48.42,48.49,0.01,732.0
2005-02-16,50,5830000.0,281515720.0,48.55,48.55,48.06,48.4,-0.09,808.0
2005-02-17,50,11169000.0,535695590.0,48.35,48.35,47.7,47.77,-0.63,957.0
2005-02-18,50,8696000.0,416216320.0,47.62,48.04,47.62,47.95,0.18,671.0
2005-02-21,50,5249000.0,252471370.0,48.03,48.2,48.0,48.17,0.22,632.0
2005-02-22,50,9332000.0,446431020.0,48.1,48.1,47.76,47.9,-0.27,545.0
2005-02-23,50,7684000.0,365440210.0,47.48,47.9,47.32,47.9,0.0,604.0
2005-02-24,50,2667000.0,127726510.0,47.62,48.0,47.62,47.93,0.03,384.0
2005-02-25,50,26948000.0,1310027660.0,48.25,48.79,48.25,48.63,0.7,1498.0
2005-03-01,50,16898000.0,823310190.0,48.71,48.88,48.6,48.83,0.2,768.0
2005-03-02,50,7486000.0,365018160.0,48.85,48.95,48.52,48.7,-0.13,613.0
2005-03-03,50,7307000.0,353168780.0,48.51,48.58,48.15,48.5,-0.2,647.0
2005-03-04,50,2197000.0,106107810.0,48.36,48.45,48.2,48.2,-0.3,361.0
2005-03-07,50,12442000.0,603642800.0,48.52,48.57,48.4,48.45,0.25,612.0
2005-03-08,50,11222000.0,543229150.0,48.48,48.67,47.9,47.9,-0.55,724.0
2005-03-09,50,13726000.0,660208510.0,47.92,48.25,47.92,48.21,0.31,656.0
2005-03-10,50,3185000.0,152818810.0,48.1,48.12,47.8,48.05,-0.16,428.0
2005-03-11,50,6378000.0,307106270.0,48.2,48.28,48.02,48.18,0.13,352.0
2005-03-14,50,3298000.0,157934710.0,47.8,47.99,47.66,47.74,-0.44,314.0
2005-03-15,50,7815000.0,369114940.0,47.7,47.74,46.95,47.1,-0.64,960.0
2005-03-16,50,3615000.0,170725320.0,47.0,47.35,47.0,47.29,0.19,321.0
2005-03-17,50,5316000.0,249407760.0,46.8,47.03,46.79,46.86,-0.43,567.0
2005-03-18,50,3551000.0,166385600.0,46.86,46.98,46.75,46.86,0.0,348.0
2005-03-21,50,3429000.0,160795270.0,46.86,46.97,46.86,46.87,0.01,322.0
2005-03-22,50,9536000.0,443911420.0,46.85,46.85,46.4,46.72,-0.15,757.0
2005-03-23,50,10972000.0,508668300.0,46.5,46.58,46.18,46.5,-0.22,794.0
2005-03-24,50,5034000.0,234326370.0,46.5,46.72,46.4,46.4,-0.1,476.0
2005-03-25,50,2609000.0,121852570.0,46.49,46.85,46.49,46.85,0.45,371.0
2005-03-28,50,4493000.0,210403920.0,46.99,47.0,46.71,46.71,-0.14,391.0
2005-03-29,50,8957000.0,415558800.0,46.68,46.68,46.22,46.22,-0.49,529.0
2005-03-30,50,9329000.0,430906000.0,46.16,46.36,46.11,46.23,0.01,559.0
2005-03-31,50,3913000.0,182317380.0,46.4,46.75,46.4,46.75,0.52,337.0
2005-04-01,50,6105000.0,283978770.0,46.65,46.75,46.35,46.75,0.0,517.0
2005-04-04,50,2461000.0,115137460.0,46.74,46.92,46.66,46.7,-0.05,309.0
2005-04-06,50,1731000.0,80815800.0,46.7,46.74,46.6,46.65,-0.05,213.0
2005-04-07,50,5814000.0,270607770.0,46.65,46.78,46.45,46.5,-0.15,639.0
2005-04-08,50,2002000.0,93360880.0,46.68,46.68,46.53,46.65,0.15,209.0
2005-04-11,50,5313000.0,247118790.0,46.62,46.64,46.46,46.5,-0.15,240.0
2005-04-12,50,1288000.0,59916390.0,46.41,46.74,46.41,46.68,0.18,189.0
2005-04-13,50,1449000.0,67664410.0,46.68,46.78,46.68,46.73,0.05,157.0
2005-04-14,50,7099000.0,330112300.0,46.52,46.6,46.47,46.5,-0.23,399.0
2005-04-15,50,15942000.0,734003090.0,46.3,46.3,45.8,45.91,-0.59,984.0
2005-04-18,50,19698000.0,884272720.0,45.42,45.42,44.22,44.6,-1.31,1734.0
2005-04-19,50,3269000.0,146420560.0,44.68,44.94,44.63,44.9,0.3,508.0
2005-04-20,50,6765000.0,301909240.0,45.1,45.15,44.4,44.4,-0.5,649.0
2005-04-21,50,7273000.0,322015700.0,44.21,44.78,43.9,44.78,0.38,607.0
2005-04-22,50,4029000.0,181626690.0,44.99,45.26,44.85,44.85,0.07,573.0
2005-04-25,50,2139000.0,96306230.0,44.85,45.15,44.84,45.11,0.26,225.0
2005-04-26,50,3312000.0,149939600.0,45.11,45.42,45.06,45.35,0.24,357.0
2005-04-27,50,2750000.0,124693350.0,45.31,45.42,45.28,45.37,0.02,340.0
2005-04-28,50,3115000.0,141313940.0,45.35,45.67,45.13,45.5,0.13,347.0
2005-04-29,50,3583000.0,163155040.0,45.52,45.78,45.36,45.78,0.28,277.0
2005-05-03,50,4477000.0,206004490.0,46.0,46.08,45.88,45.94,0.16,352.0
2005-05-04,50,6009000.0,275281870.0,45.89,45.9,45.7,45.8,-0.14,335.0
2005-05-05,50,8188000.0,381524830.0,46.09,47.0,46.09,46.89,1.09,950.0
2005-05-06,50,3542000.0,165999540.0,46.89,47.02,46.7,46.91,0.02,523.0
2005-05-09,50,3563000.0,167187620.0,46.81,47.0,46.81,47.0,0.09,325.0
2005-05-10,50,3324000.0,156195530.0,47.0,47.04,46.86,47.0,0.0,390.0
2005-05-11,50,6348000.0,296462060.0,46.8,46.8,46.58,46.8,-0.2,419.0
2005-05-12,50,4393000.0,205380340.0,46.79,46.87,46.68,46.85,0.05,299.0
2005-05-13,50,7232000.0,341466780.0,46.85,47.37,46.85,47.2,0.35,613.0
2005-05-16,50,4450000.0,209404960.0,47.3,47.35,46.95,46.99,-0.21,347.0
2005-05-17,50,6966000.0,325316680.0,47.0,47.05,46.47,46.47,-0.52,518.0
2005-05-18,50,5164000.0,240944700.0,46.48,46.74,46.47,46.69,0.22,343.0
2005-05-19,50,14027000.0,637807870.0,45.63,45.63,45.26,45.38,0.0,759.0
2005-05-20,50,2914000.0,132112570.0,45.47,45.47,45.25,45.26,-0.12,314.0
2005-05-23,50,2562000.0,114658420.0,45.25,45.25,44.6,44.67,-0.59,519.0
2005-05-24,50,1768000.0,79146070.0,44.7,44.87,44.6,44.85,0.18,302.0
2005-05-25,50,4213000.0,189326100.0,44.98,45.2,44.65,44.74,-0.11,414.0
2005-05-26,50,1067000.0,47885000.0,44.78,45.05,44.7,45.05,0.31,233.0
2005-05-27,50,5165000.0,234473770.0,45.36,45.5,45.21,45.44,0.39,476.0
2005-05-30,50,2257000.0,102420480.0,45.45,45.55,45.29,45.42,-0.02,237.0
2005-05-31,50,6571000.0,298850400.0,45.35,45.64,45.32,45.51,0.09,453.0
2005-06-01,50,3616000.0,163455630.0,45.4,45.49,45.0,45.15,-0.36,371.0
2005-06-02,50,3014000.0,137077280.0,45.2,45.58,45.2,45.51,0.36,407.0
2005-06-03,50,3153000.0,144325870.0,45.51,45.94,45.46,45.92,0.41,513.0
2005-06-06,50,3404000.0,156302760.0,45.8,45.99,45.72,45.94,0.02,327.0
2005-06-07,50,1385000.0,63546270.0,45.94,45.95,45.77,45.9,-0.04,238.0
2005-06-08,50,10940000.0,504262190.0,45.9,46.19,45.9,46.07,0.17,535.0
2005-06-09,50,11315000.0,522267930.0,46.07,46.2,46.0,46.07,0.0,351.0
2005-06-10,50,16770000.0,776412900.0,46.2,46.42,46.17,46.4,0.33,514.0
2005-06-13,50,8534000.0,398696980.0,46.45,47.0,46.31,47.0,0.6,555.0
2005-06-14,50,8236000.0,387422960.0,46.95,47.13,46.84,47.0,0.0,577.0
2005-06-15,50,7404000.0,348082320.0,47.0,47.08,46.92,47.07,0.07,395.0
2005-06-16,50,15434000.0,729243110.0,47.12,47.45,47.07,47.41,0.34,732.0
2005-06-17,50,18412000.0,880117360.0,47.5,48.02,47.5,47.9,0.49,913.0
2005-06-20,50,2938000.0,140195640.0,47.9,47.9,47.53,47.87,-0.03,321.0
2005-06-21,50,4601000.0,218717830.0,47.61,47.7,47.42,47.5,-0.37,365.0
2005-06-22,50,28888000.0,1386032230.0,47.63,48.37,47.6,48.28,0.78,951.0
2005-06-23,50,17469000.0,844179200.0,48.28,48.45,48.0,48.26,-0.02,736.0
2005-06-24,50,9068000.0,435034340.0,48.02,48.12,47.8,47.92,-0.34,491.0
2005-06-27,50,4837000.0,230138050.0,47.55,47.69,47.5,47.62,-0.3,372.0
2005-06-28,50,6689000.0,319043400.0,47.62,47.9,47.56,47.9,0.28,395.0
2005-06-29,50,9164000.0,439427390.0,48.18,48.2,47.3,47.5,-0.4,560.0
2005-06-30,50,5951000.0,281983560.0,47.48,47.62,47.21,47.49,-0.01,345.0
2005-07-01,50,4936000.0,233065080.0,47.3,47.6,46.99,47.58,0.09,436.0
2005-07-04,50,1549000.0,73437320.0,47.58,47.58,47.3,47.32,-0.26,170.0
2005-07-05,50,3815000.0,179720300.0,47.3,47.33,47.01,47.03,-0.29,250.0
2005-07-06,50,3774000.0,177824730.0,47.05,47.18,47.03,47.13,0.1,273.0
2005-07-07,50,1967000.0,92307090.0,47.0,47.0,46.85,46.86,-0.27,288.0
2005-07-08,50,2734001.0,128444666.0,46.9,47.08,46.81,47.01,0.15,308.0
2005-07-11,50,8549000.0,406323920.0,47.38,47.95,47.3,47.95,0.94,559.0
2005-07-12,50,15505001.0,747271797.0,48.02,48.4,48.02,48.4,0.45,696.0
2005-07-13,50,10392000.0,503652340.0,48.21,48.68,48.21,48.57,0.17,568.0
2005-07-14,50,12710000.0,619847640.0,48.61,48.99,48.57,48.89,0.32,581.0
2005-07-15,50,13316000.0,652434750.0,48.94,49.07,48.9,48.99,0.1,578.0
2005-07-19,50,7126000.0,347757280.0,48.89,48.95,48.68,48.95,-0.04,350.0
2005-07-20,50,17525000.0,859758190.0,48.91,49.32,48.87,49.0,0.05,577.0
2005-07-21,50,11867000.0,584137250.0,49.04,49.5,48.82,48.91,-0.09,595.0
2005-07-22,50,3907000.0,190714870.0,48.78,48.91,48.7,48.7,-0.21,298.0
2005-07-25,50,5981000.0,292923190.0,48.81,49.11,48.81,49.0,0.3,289.0
2005-07-26,50,7128000.0,349509650.0,49.0,49.25,48.8,48.87,-0.13,330.0
2005-07-27,50,5653000.0,273882570.0,48.3,48.84,48.2,48.35,-0.52,386.0
2005-07-28,50,4395000.0,213013580.0,48.4,48.6,48.34,48.59,0.24,314.0
2005-07-29,50,8495000.0,413497110.0,48.88,48.98,48.15,48.17,-0.42,412.0
2005-08-01,50,3651000.0,175881300.0,48.1,48.35,48.1,48.33,0.16,183.0
2005-08-02,50,7106000.0,345248190.0,48.33,49.03,48.33,48.94,0.61,406.0
2005-08-03,50,23758000.0,1174643210.0,49.14,49.75,49.13,49.75,0.81,940.0
2005-08-04,50,3398000.0,168976280.0,49.75,49.85,49.54,49.76,0.01,319.0
2005-08-08,50,3962000.0,194842090.0,49.31,49.31,49.02,49.18,-0.58,279.0
2005-08-09,50,6962000.0,340872670.0,49.14,49.17,48.86,49.03,-0.15,457.0
2005-08-10,50,5479000.0,269224950.0,49.12,49.41,48.88,49.1,0.07,298.0
2005-08-11,50,2989000.0,146484150.0,48.98,49.1,48.82,49.05,-0.05,259.0
2005-08-12,50,4188000.0,205933120.0,49.1,49.29,49.0,49.0,-0.05,239.0
2005-08-15,50,12786000.0,616891330.0,48.94,48.94,47.9,47.92,-1.08,744.0
2005-08-16,50,3490000.0,167743550.0,47.92,48.18,47.92,48.17,0.25,289.0
2005-08-17,50,1720000.0,82789220.0,47.9,48.28,47.86,48.23,0.06,213.0
2005-08-18,50,3593000.0,173155660.0,48.25,48.33,47.96,48.12,-0.11,415.0
2005-08-19,50,6392000.0,304042120.0,47.98,47.98,47.47,47.57,-0.55,610.0
2005-08-22,50,1169000.0,55898040.0,47.6,47.96,47.6,47.96,0.39,220.0
2005-08-23,50,2791000.0,133879020.0,47.95,48.03,47.85,47.99,0.03,256.0
2005-08-24,50,3524000.0,168022900.0,47.87,47.87,47.6,47.69,-0.3,300.0
2005-08-25,50,6655000.0,316320430.0,47.3,47.79,47.25,47.55,-0.14,528.0
2005-08-26,50,1631000.0,77774080.0,47.6,47.77,47.55,47.72,0.17,151.0
2005-08-29,50,15288000.0,719868940.0,47.55,47.58,46.8,46.85,-0.87,909.0
2005-08-30,50,8684000.0,406770930.0,46.98,47.08,46.71,46.84,-0.01,411.0
2005-08-31,50,9373000.0,438115780.0,46.8,47.01,46.52,46.7,-0.14,516.0
2005-09-02,50,2187000.0,103368190.0,47.34,47.34,47.0,47.33,0.63,376.0
2005-09-05,50,1542000.0,72912980.0,47.39,47.39,47.2,47.27,-0.06,221.0
2005-09-06,50,3238000.0,153840370.0,47.47,47.55,47.47,47.55,0.28,291.0
2005-09-07,50,3901000.0,185941950.0,47.88,47.88,47.56,47.61,0.06,369.0
2005-09-08,50,3958000.0,188731340.0,47.69,47.79,47.57,47.65,0.04,247.0
2005-09-09,50,4396000.0,208613860.0,47.65,47.67,47.3,47.41,-0.24,331.0
2005-09-12,50,5976000.0,284548140.0,47.52,47.81,47.5,47.81,0.4,285.0
2005-09-13,50,4736000.0,226818890.0,47.78,48.03,47.71,47.96,0.15,279.0
2005-09-14,50,4996000.0,238748160.0,47.9,47.92,47.71,47.75,-0.21,287.0
2005-09-15,50,3125000.0,148732180.0,47.69,47.79,47.5,47.53,-0.22,268.0
2005-09-16,50,7029000.0,331713740.0,47.53,47.53,46.95,47.04,-0.49,535.0
2005-09-19,50,2942000.0,138498180.0,47.13,47.19,47.0,47.19,0.15,287.0
2005-09-20,50,4747000.0,223737500.0,47.19,47.73,46.8,47.73,0.54,384.0
2005-09-21,50,3009000.0,142933510.0,47.68,47.75,47.35,47.36,-0.37,255.0
2005-09-22,50,14186000.0,662104850.0,47.11,47.25,46.41,46.42,-0.94,1096.0
2005-09-23,50,19987000.0,922314780.0,46.37,46.42,45.8,46.1,-0.32,980.0
2005-09-26,50,4466000.0,205796070.0,46.2,46.3,45.85,46.12,0.02,430.0
2005-09-27,50,4106000.0,189306190.0,46.09,46.35,45.9,46.33,0.21,329.0
2005-09-28,50,5143000.0,237581610.0,46.25,46.41,46.02,46.29,-0.04,409.0
2005-09-29,50,8052000.0,374313870.0,46.24,46.85,46.19,46.75,0.46,536.0
2005-09-30,50,4995000.0,236513390.0,46.94,47.55,46.94,47.45,0.7,765.0
2005-10-03,50,6399000.0,304448760.0,47.6,47.69,47.32,47.69,0.24,600.0
2005-10-04,50,3560000.0,170119410.0,47.75,47.96,47.6,47.86,0.17,385.0
2005-10-05,50,3537000.0,169357770.0,47.82,48.0,47.68,47.71,-0.15,393.0
2005-10-06,50,2495000.0,118258220.0,47.5,47.5,47.34,47.47,-0.24,278.0
2005-10-07,50,1211000.0,57472960.0,47.3,47.68,47.3,47.4,-0.07,183.0
2005-10-11,50,1282000.0,60764530.0,47.4,47.6,47.26,47.4,0.0,171.0
2005-10-12,50,11191000.0,523612570.0,47.26,47.26,46.58,46.65,-0.75,817.0
2005-10-13,50,8743000.0,404379690.0,46.4,46.4,46.12,46.4,-0.25,636.0
2005-10-14,50,2597000.0,120477230.0,46.49,46.53,46.28,46.4,0.0,370.0
2005-10-17,50,14771000.0,676470690.0,46.5,46.5,45.38,45.42,-0.98,1309.0
2005-10-18,50,6090000.0,276756430.0,45.5,45.7,45.31,45.5,0.08,592.0
2005-10-19,50,14835000.0,661572110.0,45.2,45.2,44.1,44.24,-1.26,1795.0
2005-10-20,50,7610000.0,337658670.0,44.38,44.79,43.93,44.79,0.55,964.0
2005-10-21,50,2863000.0,127660610.0,44.35,44.78,44.18,44.6,-0.19,405.0
2005-10-24,50,4624000.0,206606320.0,44.73,44.8,44.45,44.57,-0.03,429.0
2005-10-25,50,3204000.0,144298450.0,45.2,45.27,44.83,44.84,0.27,423.0
2005-10-26,50,5327000.0,237666230.0,44.8,44.8,44.4,44.71,-0.13,522.0
2005-10-27,50,5047000.0,224499000.0,44.57,44.8,44.2,44.6,-0.11,463.0
2005-10-28,50,5717000.0,253959900.0,44.56,44.7,44.15,44.5,-0.1,537.0
2005-10-31,50,2693000.0,120908280.0,44.7,45.44,44.6,45.44,0.94,530.0
2005-11-01,50,1990000.0,90620520.0,45.6,45.7,45.4,45.52,0.08,463.0
2005-11-02,50,3080000.0,141213820.0,45.52,46.1,45.52,46.1,0.58,577.0
2005-11-03,50,2579000.0,119126950.0,46.1,46.4,45.93,46.22,0.12,528.0
2005-11-04,50,5522000.0,256706470.0,46.4,46.67,46.32,46.35,0.13,623.0
2005-11-07,50,3794000.0,176032520.0,46.4,46.55,46.25,46.32,-0.03,541.0
2005-11-08,50,3451000.0,160050010.0,46.32,46.45,46.31,46.33,0.01,310.0
2005-11-09,50,7795000.0,364984600.0,46.33,47.2,46.27,47.13,0.8,907.0
2005-11-10,50,12542000.0,593935920.0,47.25,47.56,46.9,47.3,0.17,880.0
2005-11-11,50,16057000.0,767795350.0,47.8,47.98,47.55,47.97,0.67,979.0
2005-11-14,50,9438000.0,453676740.0,47.93,48.18,47.91,48.04,0.07,656.0
2005-11-15,50,3895000.0,186037930.0,48.04,48.04,47.31,47.62,-0.42,353.0
2005-11-16,50,8085000.0,387253370.0,47.6,48.08,47.43,47.71,0.09,472.0
2005-11-17,50,2684000.0,127638220.0,47.8,47.89,47.01,47.49,-0.22,328.0
2005-11-18,50,23340000.0,1124592690.0,47.8,48.39,47.8,48.15,0.66,1165.0
2005-11-21,50,14418000.0,697577350.0,48.25,48.5,48.18,48.19,0.04,815.0
2005-11-22,50,4247000.0,203411050.0,48.1,48.1,47.82,47.85,-0.34,306.0
2005-11-23,50,8194000.0,394322620.0,47.85,48.36,47.85,48.28,0.43,502.0
2005-11-24,50,5262000.0,254185750.0,48.28,48.43,48.13,48.27,-0.01,263.0
2005-11-25,50,6680000.0,323031300.0,48.1,48.42,48.1,48.27,0.0,282.0
2005-11-28,50,17847000.0,869701320.0,48.33,49.05,48.33,49.05,0.78,913.0
2005-11-29,50,4027000.0,196455250.0,48.99,48.99,48.52,48.52,-0.53,328.0
2005-11-30,50,4813000.0,234155840.0,48.52,48.88,48.52,48.79,0.27,297.0
2005-12-01,50,1456000.0,70880970.0,48.79,48.8,48.5,48.7,-0.09,173.0
2005-12-02,50,4652000.0,228901320.0,49.14,49.35,49.05,49.05,0.35,501.0
2005-12-05,50,16443000.0,815974530.0,49.51,50.35,49.25,50.35,1.3,1001.0
2005-12-06,50,10474000.0,524467430.0,50.15,50.3,49.91,50.3,-0.05,673.0
2005-12-07,50,5844000.0,291693790.0,50.25,50.3,49.77,49.9,-0.4,306.0
2005-12-08,50,3631000.0,179315060.0,49.9,49.9,48.9,49.1,-0.8,373.0
2005-12-09,50,3145000.0,154423160.0,49.0,49.28,48.9,49.1,0.0,246.0
2005-12-12,50,3052000.0,149591550.0,49.29,49.3,48.7,49.1,0.0,245.0
2005-12-13,50,5003000.0,245783200.0,48.95,49.22,48.72,49.12,0.02,205.0
2005-12-14,50,3914000.0,191664150.0,49.12,49.13,48.81,48.81,-0.31,222.0
2005-12-15,50,1932000.0,94484270.0,48.81,48.95,48.76,48.9,0.09,181.0
2005-12-16,50,10453000.0,519976390.0,49.03,50.0,49.03,49.78,0.88,585.0
2005-12-19,50,8195000.0,410746300.0,49.81,50.4,49.81,50.35,0.57,515.0
2005-12-20,50,6701000.0,336463800.0,50.3,50.35,50.1,50.3,-0.05,451.0
2005-12-21,50,11422000.0,577079750.0,50.3,50.7,50.25,50.65,0.35,463.0
2005-12-22,50,5523000.0,279121800.0,50.6,50.75,50.25,50.25,-0.4,416.0
2005-12-23,50,25789000.0,1307570900.0,50.3,51.0,50.25,51.0,0.75,767.0
2005-12-26,50,4128000.0,211474300.0,51.15,51.35,51.0,51.25,0.25,313.0
2005-12-27,50,9100000.0,466488200.0,51.15,51.5,51.0,51.4,0.15,416.0
2005-12-28,50,6302000.0,321027300.0,51.0,51.05,50.75,51.0,-0.4,259.0
2005-12-29,50,13810000.0,709079250.0,51.0,51.6,51.0,51.35,0.35,553.0
2005-12-30,50,7252000.0,372462250.0,51.25,51.5,51.25,51.25,-0.1,319.0
2006-01-02,50,4920000.0,248570100.0,50.75,50.8,50.35,50.55,-0.7,651.0
2006-01-03,50,5229000.0,266570800.0,50.45,51.5,50.4,51.45,0.9,372.0
2006-01-04,50,9562000.0,495913300.0,51.95,52.1,51.5,51.7,0.25,627.0
2006-01-05,50,8176000.0,428028150.0,52.05,52.6,52.05,52.45,0.75,719.0
2006-01-06,50,5867000.0,307999350.0,52.45,52.8,52.3,52.3,-0.15,433.0
2006-01-09,50,7518000.0,396974750.0,52.8,53.2,52.6,52.8,0.5,310.0
2006-01-10,50,4284000.0,225187600.0,52.95,52.95,52.25,52.3,-0.5,268.0
2006-01-11,50,5611000.0,293623900.0,52.2,52.7,52.0,52.55,0.25,334.0
2006-01-12,50,15029000.0,796812400.0,52.7,53.25,52.7,52.7,0.15,604.0
2006-01-13,50,4138000.0,217876200.0,52.8,52.85,52.35,52.45,-0.25,260.0
2006-01-16,50,7382000.0,388478950.0,52.35,52.85,52.15,52.85,0.4,280.0
2006-01-17,50,7820000.0,414723150.0,52.85,53.15,52.85,52.85,0.0,310.0
2006-01-18,50,7723000.0,396254000.0,52.0,52.0,50.8,50.85,-2.0,731.0
2006-01-19,50,7862000.0,402432700.0,51.05,51.45,50.7,51.4,0.55,535.0
2006-01-20,50,5922000.0,304177350.0,51.45,51.55,51.1,51.3,-0.1,273.0
2006-01-23,50,4077000.0,206218700.0,50.8,50.9,50.4,50.55,-0.75,359.0
2006-01-24,50,3390000.0,172450000.0,50.6,51.05,50.6,51.0,0.45,273.0
2006-01-25,50,7265000.0,372713700.0,51.05,51.5,51.05,51.35,0.35,336.0
2006-02-03,50,3852000.0,199838450.0,51.8,52.3,51.55,51.6,0.25,497.0
2006-02-06,50,8421000.0,436190600.0,51.55,53.0,51.45,52.35,0.75,512.0
2006-02-07,50,8037000.0,425289150.0,52.6,53.15,52.6,53.0,0.65,601.0
2006-02-08,50,1847000.0,96927250.0,52.6,52.9,52.15,52.3,-0.7,243.0
2006-02-09,50,2717800.0,142607402.0,52.5,52.75,52.2,52.2,-0.1,279.0
2006-02-10,50,2456000.0,127912600.0,52.3,52.4,51.9,52.1,-0.1,265.0
2006-02-13,50,3806000.0,198296200.0,52.1,52.3,51.75,52.0,-0.1,246.0
2006-02-14,50,3889000.0,202589500.0,51.75,52.25,51.6,52.25,0.25,188.0
2006-02-15,50,6464002.0,339013304.0,52.3,52.6,52.05,52.05,-0.2,254.0
2006-02-16,50,10880000.0,574065800.0,52.15,53.05,52.15,53.05,1.0,634.0
2006-02-17,50,2926000.0,154983450.0,53.15,53.2,52.7,52.95,-0.1,202.0
2006-02-20,50,1346000.0,71043250.0,52.5,53.0,52.45,52.9,-0.05,189.0
2006-02-21,50,1722000.0,91295050.0,53.2,53.3,52.75,52.8,-0.1,145.0
2006-02-22,50,4011000.0,209398750.0,52.8,52.8,51.75,52.1,-0.7,376.0
2006-02-23,50,3109000.0,161166350.0,52.1,52.15,51.6,51.7,-0.4,305.0
2006-02-24,50,1177200.0,61068028.0,51.7,52.1,51.7,52.05,0.35,265.0
2006-02-27,50,1763000.0,92121700.0,52.0,52.45,51.8,52.4,0.35,224.0
2006-03-01,50,5317000.0,279213950.0,52.35,52.9,52.1,52.85,0.45,385.0
2006-03-02,50,7088120.0,376003237.0,52.9,53.3,52.85,52.85,0.0,427.0
2006-03-03,50,2136014.0,112132928.0,52.8,53.05,52.05,52.05,-0.8,288.0
2006-03-06,50,2865000.0,150258950.0,54.5,54.5,52.05,52.45,0.4,243.0
2006-03-07,50,3889000.0,201983600.0,52.2,52.2,51.7,51.8,-0.65,257.0
2006-03-08,50,1712000.0,88101250.0,52.0,52.0,51.1,51.4,-0.4,319.0
2006-03-09,50,3378000.0,174319750.0,51.65,51.75,51.3,51.65,0.25,156.0
2006-03-10,50,1181000.0,61121150.0,51.85,51.95,51.45,51.6,-0.05,152.0
2006-03-13,50,1077000.0,55922500.0,52.0,52.15,51.8,51.8,0.2,179.0
2006-03-14,50,3315000.0,170257600.0,51.9,51.9,51.15,51.3,-0.5,298.0
2006-03-15,50,2525000.0,130974100.0,51.5,52.15,51.5,52.15,0.85,202.0
2006-03-16,50,2040000.0,106765500.0,52.1,52.65,51.85,51.9,-0.25,349.0
2006-03-17,50,1886000.0,97708200.0,51.9,52.0,51.5,52.0,0.1,221.0
2006-03-20,50,2145000.0,111595550.0,52.3,52.3,51.8,51.95,-0.05,186.0
2006-03-21,50,1046000.0,54052150.0,52.0,52.0,51.55,51.55,-0.4,191.0
2006-03-22,50,3618000.0,184244650.0,51.25,51.25,50.65,50.75,-0.8,438.0
2006-03-23,50,2840000.0,143858200.0,50.7,50.95,50.4,50.5,-0.25,286.0
2006-03-24,50,957000.0,48477500.0,50.4,50.9,50.4,50.9,0.4,127.0
2006-03-27,50,1243000.0,63387100.0,50.9,51.1,50.85,51.05,0.15,148.0
2006-03-28,50,4158000.0,213174600.0,51.2,51.55,51.05,51.5,0.45,214.0
2006-03-29,50,1585000.0,81774550.0,51.2,51.75,51.2,51.7,0.2,188.0
2006-03-30,50,2387000.0,124464450.0,51.8,52.3,51.8,52.3,0.6,349.0
2006-03-31,50,2612000.0,137546250.0,52.3,53.0,52.3,52.8,0.5,451.0
2006-04-03,50,2959000.0,156805250.0,52.8,53.15,52.65,53.1,0.3,310.0
2006-04-04,50,2604000.0,138436900.0,53.1,53.25,53.0,53.1,0.0,260.0
2006-04-06,50,4154000.0,222600850.0,53.6,53.8,53.45,53.7,0.6,333.0
2006-04-07,50,3291000.0,177289450.0,53.9,54.2,53.55,53.9,0.2,432.0
2006-04-10,50,3942000.0,212952600.0,53.45,54.35,53.45,54.1,0.2,356.0
2006-04-11,50,888000.0,47657850.0,53.85,54.0,53.55,53.55,-0.55,154.0
2006-04-12,50,2479000.0,133481900.0,53.4,53.95,53.3,53.95,0.4,207.0
2006-04-13,50,3146000.0,170708600.0,54.1,54.4,54.0,54.4,0.45,290.0
2006-04-14,50,2515000.0,137603200.0,54.4,55.2,54.4,55.05,0.65,354.0
2006-04-17,50,3855101.0,212909724.0,55.15,55.35,55.0,55.2,0.15,355.0
2006-04-18,50,1197000.0,65851750.0,55.3,55.3,54.75,55.3,0.1,242.0
2006-04-19,50,4476670.0,249801734.0,55.5,56.0,55.5,55.7,0.4,390.0
2006-04-20,50,2859100.0,160029650.0,55.7,56.15,55.7,56.1,0.4,290.0
2006-04-21,50,3135000.0,176849200.0,56.3,56.6,56.15,56.25,0.15,373.0
2006-04-24,50,2788000.0,156977450.0,55.85,56.45,55.8,56.35,0.1,239.0
2006-04-25,50,1659000.0,93018400.0,56.3,56.6,55.7,55.85,-0.5,241.0
2006-04-26,50,2267000.0,127244750.0,56.0,56.85,55.7,56.85,1.0,220.0
2006-04-27,50,4249500.0,241938050.0,56.9,57.05,56.6,56.6,-0.25,321.0
2006-04-28,50,2358000.0,133001950.0,56.5,56.85,56.1,56.8,0.2,250.0
2006-05-02,50,2092000.0,118977150.0,56.8,57.0,56.5,56.8,0.0,173.0
2006-05-03,50,4254000.0,243953250.0,57.2,57.5,57.2,57.2,0.4,361.0
2006-05-04,50,2532000.0,146387950.0,57.4,58.3,57.4,58.0,0.8,293.0
2006-05-05,50,3199000.0,187213650.0,58.2,59.1,58.2,58.4,0.4,407.0
2006-05-08,50,4757000.0,280269900.0,58.6,59.2,58.6,59.2,0.8,441.0
2006-05-09,50,7118000.0,417872000.0,59.3,59.3,58.1,58.5,-0.7,688.0
2006-05-10,50,9546000.0,552539750.0,58.5,58.55,57.1,57.4,-1.1,660.0
2006-05-11,50,6134000.0,352751350.0,57.05,58.0,56.7,57.75,0.35,476.0
2006-05-12,50,3814000.0,218141950.0,57.3,57.5,56.85,57.5,-0.25,480.0
2006-05-15,50,10741000.0,604154550.0,56.9,56.9,55.75,56.0,-1.5,823.0
2006-05-16,50,6589100.0,366805100.0,56.1,56.15,55.2,55.2,-0.8,717.0
2006-05-17,50,8059000.0,447185200.0,55.3,55.8,55.15,55.6,0.4,689.0
2006-05-18,50,8801000.0,480743450.0,54.65,54.8,54.45,54.65,-0.95,932.0
2006-05-19,50,6430000.0,351940200.0,54.4,55.1,54.4,54.75,0.1,629.0
2006-05-22,50,7050000.0,383487300.0,55.1,55.2,53.9,53.9,-0.85,868.0
2006-05-23,50,9833000.0,523003850.0,53.25,53.5,52.9,53.0,-0.9,1183.0
2006-05-24,50,5950000.0,315819350.0,53.3,53.65,52.7,53.35,0.35,775.0
2006-05-25,50,4100000.0,218380200.0,53.35,53.7,53.0,53.35,0.0,504.0
2006-05-26,50,5455000.0,292491250.0,53.8,54.05,53.1,53.3,-0.05,675.0
2006-05-29,50,2022000.0,107866750.0,53.8,53.8,53.15,53.6,0.3,423.0
2006-05-30,50,4980000.0,265639500.0,53.5,53.7,53.0,53.4,-0.2,660.0
2006-06-01,50,2504000.0,133589950.0,53.25,53.6,53.15,53.4,0.0,421.0
2006-06-02,50,4501000.0,242062800.0,53.6,54.3,53.45,54.3,0.9,646.0
2006-06-05,50,6797000.0,362530700.0,54.3,54.3,52.3,52.45,-1.85,1062.0
2006-06-06,50,12300000.0,642945200.0,52.25,52.9,52.0,52.9,0.45,881.0
2006-06-07,50,7289000.0,379690550.0,52.6,52.6,51.8,51.85,-1.05,880.0
2006-06-08,50,22418000.0,1136549760.0,51.5,51.5,49.8,49.99,-1.86,1797.0
2006-06-09,50,14286000.0,713800440.0,50.0,50.8,49.4,50.8,0.81,1547.0
2006-06-12,50,7178000.0,359449410.0,50.35,50.7,49.7,50.7,-0.1,846.0
2006-06-13,50,8531000.0,424043120.0,50.2,50.2,49.41,49.6,-1.1,1009.0
2006-06-14,50,5589000.0,281940380.0,49.65,51.1,49.65,51.1,1.5,973.0
2006-06-15,50,6833000.0,347252650.0,51.45,51.45,50.4,50.8,-0.3,832.0
2006-06-16,50,9818000.0,510906300.0,51.95,52.35,51.75,51.9,1.1,1191.0
2006-06-19,50,4308000.0,223199600.0,51.9,52.1,51.6,51.85,-0.05,460.0
2006-06-20,50,11027000.0,559565630.0,51.8,51.8,49.9,50.45,-1.4,1396.0
2006-06-21,50,5953000.0,300110350.0,50.4,50.8,50.1,50.2,-0.25,727.0
2006-06-22,50,17118000.0,882501850.0,50.95,51.75,50.8,51.65,1.45,998.0
2006-06-23,50,9694000.0,493364650.0,51.3,51.4,50.65,51.15,-0.5,835.0
2006-06-26,50,6504000.0,335465900.0,51.45,52.1,51.25,51.8,0.65,725.0
2006-06-27,50,7715000.0,402516600.0,51.75,52.5,51.6,51.85,0.05,937.0
2006-06-28,50,4515000.0,231728750.0,51.35,51.55,51.05,51.55,-0.3,606.0
2006-06-29,50,4697000.0,244473000.0,51.75,52.2,51.75,52.2,0.65,550.0
2006-06-30,50,9702000.0,514522050.0,53.15,53.2,52.85,53.1,0.9,1016.0
2006-07-03,50,6957000.0,369565300.0,53.2,53.3,53.0,53.05,-0.05,489.0
2006-07-04,50,5055000.0,269744500.0,53.15,53.55,53.1,53.35,0.3,666.0
2006-07-05,50,3786000.0,200062450.0,53.05,53.15,52.5,52.7,-0.65,495.0
2006-07-06,50,9631000.0,504156600.0,52.5,52.6,52.15,52.6,-0.1,766.0
2006-07-07,50,2733000.0,143226200.0,52.4,52.7,52.2,52.3,-0.3,294.0
2006-07-10,50,2253000.0,118241700.0,52.0,53.1,51.9,53.1,0.8,423.0
2006-07-11,50,1683000.0,88822400.0,52.9,53.05,52.5,52.7,-0.4,276.0
2006-07-12,50,4522000.0,239304450.0,52.85,53.3,52.1,52.5,-0.2,627.0
2006-07-13,50,6348000.0,331008500.0,52.1,52.35,52.0,52.1,-0.4,547.0
2006-07-14,50,15703010.0,800612858.0,51.3,51.3,50.65,50.8,-1.3,1447.0
2006-07-17,50,8296000.0,413605540.0,50.55,50.6,49.3,49.63,-1.17,1449.0
2006-07-18,50,4651000.0,231627110.0,49.8,49.97,49.63,49.97,0.34,660.0
2006-07-19,50,6137000.0,307319080.0,49.98,50.3,49.8,49.99,0.02,832.0
2006-07-20,50,5327000.0,272155050.0,50.9,51.35,50.75,51.35,1.36,824.0
2006-07-21,50,5875000.0,298734900.0,50.8,51.2,50.6,51.2,-0.15,533.0
2006-07-24,50,4794000.0,240872800.0,50.2,50.65,50.05,50.6,-0.6,621.0
2006-07-25,50,3056010.0,156001760.0,51.2,51.2,50.85,50.85,0.25,467.0
2006-07-26,50,2655000.0,135051100.0,50.8,51.05,50.65,50.9,0.05,252.0
2006-07-27,50,3749000.0,192045800.0,51.0,51.6,50.85,51.6,0.7,552.0
2006-07-28,50,4696000.0,242125550.0,51.5,51.75,51.35,51.55,-0.05,533.0
2006-07-31,50,5535000.0,286416950.0,52.0,52.05,51.2,51.4,-0.15,713.0
2006-08-01,50,3569000.0,184268350.0,51.5,51.85,51.4,51.45,0.05,282.0
2006-08-02,50,2601010.0,134450150.0,51.45,51.95,51.2,51.8,0.35,412.0
2006-08-03,50,3844000.0,199626800.0,52.05,52.15,51.65,51.95,0.15,435.0
2006-08-04,50,8786000.0,454526500.0,51.95,52.0,51.35,51.45,-0.5,486.0
2006-08-07,50,4805000.0,247473050.0,51.35,51.75,51.25,51.4,-0.05,362.0
2006-08-08,50,8045000.0,418110850.0,51.45,52.25,51.45,52.25,0.85,609.0
2006-08-09,50,8354000.0,438014200.0,52.2,53.0,52.1,53.0,0.75,792.0
2006-08-10,50,8376000.0,444720400.0,52.95,53.35,52.85,53.1,0.1,697.0
2006-08-11,50,4495000.0,238616000.0,53.3,53.35,52.95,53.0,-0.1,348.0
2006-08-14,50,5787110.0,309610880.0,53.1,53.65,53.1,53.45,0.45,478.0
2006-08-15,50,6130100.0,327613920.0,53.45,53.55,53.3,53.5,0.05,336.0
2006-08-16,50,8211000.0,444301850.0,54.0,54.3,53.95,54.3,0.8,925.0
2006-08-17,50,17483300.0,957119560.0,54.65,54.9,54.55,54.75,0.45,973.0
2006-08-18,50,5902200.0,322753770.0,54.75,54.8,54.55,54.6,-0.15,415.0
2006-08-21,50,12635090.0,678993311.0,54.5,54.55,52.85,52.9,-1.7,957.0
2006-08-22,50,8043000.0,428641300.0,52.9,53.6,52.9,53.4,0.5,527.0
2006-08-23,50,4268000.0,226527000.0,53.3,53.55,52.5,53.5,0.1,575.0
2006-08-24,50,1238000.0,65938100.0,53.0,53.5,53.0,53.15,-0.35,221.0
2006-08-25,50,3727000.0,199347250.0,53.55,53.65,53.2,53.2,0.05,305.0
2006-08-28,50,5666050.0,298339950.0,53.0,53.2,52.45,52.55,-0.65,595.0
2006-08-29,50,4078000.0,216545900.0,52.8,53.5,52.6,52.9,0.35,465.0
2006-08-30,50,5897200.0,316204990.0,53.1,53.9,53.0,53.7,0.8,568.0
2006-08-31,50,6377000.0,345844900.0,54.15,54.45,54.1,54.25,0.55,694.0
2006-09-01,50,2472000.0,134130250.0,54.15,54.4,54.15,54.35,0.1,348.0
2006-09-04,50,17456000.0,961182950.0,54.8,55.35,54.8,55.05,0.7,905.0
2006-09-05,50,6564000.0,362430950.0,55.2,55.35,55.05,55.2,0.15,445.0
2006-09-06,50,7442000.0,408149350.0,54.8,55.2,54.45,54.75,-0.45,534.0
2006-09-07,50,5137000.0,279609600.0,54.45,54.8,54.25,54.55,-0.2,341.0
2006-09-08,50,4207000.0,230505400.0,54.55,55.0,54.25,54.7,0.15,325.0
2006-09-11,50,5103000.0,281909700.0,54.8,55.75,54.5,54.75,0.05,705.0
2006-09-12,50,2144000.0,116572000.0,54.5,54.7,54.15,54.15,-0.6,350.0
2006-09-13,50,2764000.0,150981650.0,54.6,54.9,54.35,54.9,0.75,342.0
2006-09-14,50,4405000.0,240437900.0,55.0,55.1,54.05,54.6,-0.3,506.0
2006-09-15,50,6096200.0,334365140.0,54.45,55.25,54.45,55.25,0.65,472.0
2006-09-18,50,16751000.0,946623000.0,56.1,56.95,56.0,56.9,1.65,970.0
2006-09-19,50,6457300.0,368076870.0,57.0,57.15,56.85,56.95,0.05,616.0
2006-09-20,50,4731300.0,267535750.0,56.75,56.8,56.35,56.6,-0.35,380.0
2006-09-21,50,6170250.0,350601900.0,57.05,57.15,56.4,56.75,0.15,404.0
2006-09-22,50,2027000.0,114325750.0,56.4,56.55,56.3,56.45,-0.3,234.0
2006-09-25,50,4595150.0,259713150.0,56.45,56.75,56.05,56.6,0.15,354.0
2006-09-26,50,6097000.0,346261550.0,57.0,57.05,56.55,56.6,0.0,385.0
2006-09-27,50,5838000.0,332807400.0,57.05,57.1,56.85,57.0,0.4,395.0
2006-09-28,50,7220000.0,408507000.0,57.1,57.1,56.1,56.5,-0.5,569.0
2006-09-29,50,7964000.0,449256500.0,56.6,56.6,56.05,56.35,-0.15,498.0
2006-10-02,50,7505000.0,425702700.0,56.45,56.9,56.45,56.75,0.4,378.0
2006-10-03,50,3057050.0,173847350.0,56.75,56.95,56.65,56.9,0.15,262.0
2006-10-04,50,3280000.0,185090550.0,56.95,57.0,56.1,56.25,-0.65,602.0
2006-10-05,50,8985000.0,512922300.0,56.65,57.3,56.6,57.25,1.0,668.0
2006-10-11,50,1525000.0,87236350.0,57.2,57.35,57.05,57.3,0.05,292.0
2006-10-12,50,1185100.0,67570000.0,57.3,57.3,56.8,57.0,-0.3,210.0
2006-10-13,50,3968000.0,228633100.0,57.5,57.85,57.3,57.65,0.65,721.0
2006-10-14,50,2997000.0,172490150.0,57.75,57.75,57.35,57.5,-0.15,339.0
2006-10-16,50,5157100.0,299308750.0,57.75,58.2,57.65,58.2,0.7,655.0
2006-10-17,50,3019000.0,174572300.0,58.2,58.2,57.6,57.85,-0.35,466.0
2006-10-18,50,4766190.0,271252998.0,57.3,57.3,56.6,57.0,-0.85,790.0
2006-10-19,50,5257200.0,298253350.0,57.0,57.05,56.5,56.7,-0.3,651.0
2006-10-20,50,3358000.0,191137650.0,56.9,57.0,56.8,57.0,0.3,372.0
2006-10-23,50,1718000.0,97594300.0,57.0,57.05,56.5,57.0,0.0,355.0
2006-10-24,50,3987000.0,228470650.0,57.35,57.65,56.45,57.5,0.5,573.0
2006-10-25,50,2411500.0,138323550.0,57.45,57.5,57.25,57.4,-0.1,473.0
2006-10-26,50,4455030.0,238964865.0,53.55,53.9,53.45,53.6,0.0,861.0
2006-10-27,50,3184900.0,171656010.0,53.75,54.0,53.75,53.9,0.3,536.0
2006-10-30,50,4226000.0,224554150.0,53.4,53.4,52.9,53.15,-0.75,823.0
2006-10-31,50,1600070.0,85032144.0,53.1,53.4,53.0,53.4,0.25,301.0
2006-11-01,50,1321156.0,70377294.0,53.3,53.4,53.2,53.25,-0.15,231.0
2006-11-02,50,2303000.0,122778700.0,53.15,53.6,52.9,53.5,0.25,394.0
2006-11-03,50,3075000.0,165867100.0,53.5,54.45,53.4,54.45,0.95,668.0
2006-11-06,50,4957100.0,266311650.0,53.45,54.1,53.2,53.9,-0.55,755.0
2006-11-07,50,1667200.0,90596310.0,54.4,54.5,54.15,54.3,0.4,470.0
2006-11-08,50,1180050.0,63910640.0,54.35,54.35,54.05,54.15,-0.15,330.0
2006-11-09,50,5036125.0,272444455.0,54.2,54.4,53.7,53.95,-0.2,477.0
2006-11-10,50,1977500.0,106180499.0,53.55,54.0,53.5,54.0,0.05,307.0
2006-11-13,50,1870160.0,100304790.0,53.95,54.0,53.5,53.6,-0.4,336.0
2006-11-14,50,1499124.0,80834170.0,53.95,54.05,53.65,54.05,0.45,319.0
2006-11-15,50,2047400.0,111055599.0,54.35,54.4,54.15,54.25,0.2,271.0
2006-11-16,50,3026000.0,164421300.0,54.4,54.5,54.15,54.4,0.15,328.0
2006-11-17,50,861000.0,46801550.0,54.5,54.5,54.25,54.4,0.0,229.0
2006-11-20,50,1357000.0,73330950.0,54.4,54.4,53.75,53.9,-0.5,279.0
2006-11-21,50,3634000.0,197694300.0,54.1,54.9,54.1,54.75,0.85,529.0
2006-11-22,50,2751000.0,151074300.0,54.8,55.2,54.75,55.1,0.35,393.0
2006-11-23,50,2455000.0,135723200.0,55.15,55.6,55.05,55.25,0.15,461.0
2006-11-24,50,878000.0,48581500.0,55.25,55.55,55.05,55.55,0.3,231.0
2006-11-27,50,1848200.0,103305060.0,55.9,56.1,55.7,55.85,0.3,298.0
2006-11-28,50,1194133.0,66433741.0,55.5,55.8,55.5,55.65,-0.2,329.0
2006-11-29,50,2591000.0,144232900.0,55.65,56.05,55.35,55.75,0.1,368.0
2006-11-30,50,1371000.0,76972150.0,55.95,56.3,55.9,56.3,0.55,301.0
2006-12-01,50,2456150.0,138905120.0,56.4,56.8,56.3,56.6,0.3,375.0
2006-12-04,50,2822000.0,160241550.0,56.8,56.95,56.5,56.95,0.35,371.0
2006-12-05,50,4003050.0,227792035.0,57.1,57.25,56.55,56.8,-0.15,456.0
2006-12-06,50,3290100.0,187883500.0,56.95,57.5,56.8,57.5,0.7,411.0
2006-12-07,50,2406000.0,137797450.0,57.35,57.5,57.1,57.3,-0.2,306.0
2006-12-08,50,3937000.0,223188150.0,57.45,57.45,56.45,56.55,-0.75,554.0
2006-12-11,50,1831000.0,103271350.0,56.5,56.55,56.25,56.5,-0.05,268.0
2006-12-12,50,6716000.0,373139450.0,56.35,56.35,55.1,55.3,-1.2,1033.0
2006-12-13,50,6380000.0,350480050.0,55.0,55.35,54.65,55.25,-0.05,786.0
2006-12-14,50,7325000.0,406413400.0,55.3,55.65,55.1,55.6,0.35,401.0
2006-12-15,50,8594000.0,481309250.0,55.9,56.15,55.9,55.95,0.35,568.0
2006-12-18,50,2053000.0,115707750.0,56.0,56.8,55.95,56.7,0.75,455.0
2006-12-19,50,3230000.0,182602200.0,56.65,56.75,56.35,56.45,-0.25,317.0
2006-12-20,50,2593010.0,146517854.0,56.7,56.7,56.3,56.5,0.05,266.0
2006-12-21,50,3761113.0,212917313.0,56.5,57.0,56.5,56.5,0.0,305.0
2006-12-22,50,562050.0,31799372.0,56.5,56.7,56.5,56.5,0.0,200.0
2006-12-25,50,558000.0,31485300.0,56.5,56.5,56.3,56.4,-0.1,141.0
2006-12-26,50,6184000.0,351996550.0,56.4,57.1,56.4,56.75,0.35,467.0
2006-12-27,50,4700000.0,268735200.0,57.1,57.35,57.0,57.05,0.3,397.0
2006-12-28,50,2689112.0,153327240.0,57.2,57.25,56.8,57.1,0.05,277.0
2006-12-29,50,5331100.0,306408924.0,57.15,57.75,57.15,57.75,0.65,608.0
2007-01-02,50,4907000.0,285899200.0,57.8,58.5,57.75,58.45,0.7,543.0
2007-01-03,50,6811000.0,399769200.0,58.55,58.95,58.45,58.7,0.25,558.0
2007-01-04,50,8554000.0,501661350.0,58.55,58.85,58.4,58.65,-0.05,511.0
2007-01-05,50,8675000.0,502791200.0,58.5,58.6,57.7,57.9,-0.75,727.0
2007-01-08,50,5904440.0,337193430.0,57.2,57.3,56.8,57.05,-0.85,767.0
2007-01-09,50,7785200.0,445811100.0,57.05,57.5,57.0,57.3,0.25,540.0
2007-01-10,50,11543000.0,652871300.0,56.95,56.95,56.35,56.5,-0.8,870.0
2007-01-11,50,7733200.0,437656340.0,57.1,57.1,56.15,56.25,-0.25,642.0
2007-01-12,50,8203020.0,469822924.0,56.7,57.6,56.7,57.5,1.25,803.0
2007-01-15,50,3373000.0,194347100.0,57.6,57.95,57.4,57.9,0.4,420.0
2007-01-16,50,4659000.0,269934950.0,57.85,58.05,57.55,57.55,-0.35,438.0
2007-01-17,50,3575000.0,206355650.0,57.5,58.05,57.2,58.0,0.45,459.0
2007-01-18,50,10224000.0,594754800.0,58.0,58.4,57.85,58.4,0.4,662.0
2007-01-19,50,8632170.0,501360416.0,58.0,58.25,57.95,58.0,-0.4,387.0
2007-01-22,50,2587000.0,148834150.0,57.7,58.0,57.35,57.85,-0.15,343.0
2007-01-23,50,5278100.0,304584000.0,57.65,57.85,57.55,57.75,-0.1,223.0
2007-01-24,50,3868000.0,226287350.0,58.45,58.65,58.4,58.6,0.85,517.0
2007-01-25,50,7077000.0,415613050.0,58.8,58.9,58.55,58.75,0.15,520.0
2007-01-26,50,3841000.0,221371050.0,58.0,58.2,57.3,57.7,-1.05,678.0
2007-01-29,50,3340000.0,191060250.0,57.7,57.7,57.0,57.15,-0.55,586.0
2007-01-30,50,2603000.0,148592950.0,57.2,57.2,56.9,57.15,0.0,346.0
2007-01-31,50,4278000.0,242372250.0,57.15,57.2,56.2,56.7,-0.45,748.0
2007-02-01,50,4300000.0,244843850.0,57.3,57.3,56.55,56.75,0.05,423.0
2007-02-02,50,2830000.0,162110400.0,57.05,57.5,57.05,57.4,0.65,361.0
2007-02-05,50,5746000.0,329578650.0,57.4,57.55,57.2,57.3,-0.1,330.0
2007-02-06,50,2963000.0,170476550.0,57.35,57.85,57.3,57.8,0.5,365.0
2007-02-07,50,3809000.0,220454250.0,57.8,58.0,57.7,57.85,0.05,345.0
2007-02-08,50,4553000.0,263471600.0,58.05,58.05,57.5,57.8,-0.05,391.0
2007-02-09,50,4620000.0,267511850.0,57.65,58.1,57.65,57.75,-0.05,358.0
2007-02-12,50,14262000.0,817854400.0,57.65,57.65,57.05,57.2,-0.55,808.0
2007-02-13,50,9622100.0,546981999.0,56.9,57.25,56.55,56.7,-0.5,868.0
2007-02-14,50,3203040.0,182491700.0,56.95,57.2,56.85,57.15,0.45,344.0
2007-02-26,50,11768000.0,682005150.0,57.7,58.2,57.7,57.95,0.8,763.0
2007-02-27,50,3151000.0,182451250.0,58.05,58.05,57.75,57.75,-0.2,379.0
2007-03-01,50,18630100.0,1045615075.0,56.5,56.75,55.75,56.05,-1.7,2398.0
2007-03-02,50,10259500.0,571108375.0,55.55,55.9,55.35,55.7,-0.35,3383.0
2007-03-03,50,6955000.0,384423800.0,55.1,55.5,55.05,55.35,-0.35,876.0
2007-03-05,50,16348360.0,883171226.0,54.75,55.0,53.05,53.45,-1.9,2375.0
2007-03-06,50,6736500.0,362450850.0,53.55,54.2,53.5,54.0,0.55,955.0
2007-03-07,50,6500780.0,353039554.0,54.35,54.55,54.05,54.3,0.3,915.0
2007-03-08,50,4607968.0,251581289.0,54.35,54.95,54.35,54.95,0.65,753.0
2007-03-09,50,2197150.0,120588425.0,55.0,55.15,54.75,54.75,-0.2,376.0
2007-03-12,50,3100287.0,171025707.0,55.0,55.35,54.8,55.3,0.55,454.0
2007-03-13,50,4187100.0,232915675.0,55.35,55.8,55.35,55.8,0.5,650.0
2007-03-14,50,4769100.0,261144350.0,54.8,54.95,54.6,54.95,-0.85,757.0
2007-03-15,50,3811500.0,212065699.0,55.1,55.9,55.1,55.75,0.8,721.0
2007-03-16,50,3308050.0,184700490.0,55.7,56.05,55.6,55.85,0.1,638.0
2007-03-19,50,5501513.0,308363641.0,56.0,56.25,55.7,56.0,0.15,503.0
2007-03-20,50,2572000.0,144689000.0,56.15,56.35,56.15,56.15,0.15,409.0
2007-03-21,50,2066050.0,116213960.0,56.25,56.35,56.15,56.25,0.1,814.0
2007-03-22,50,6557280.0,372942342.0,56.85,57.05,56.75,56.9,0.65,801.0
2007-03-23,50,6675000.0,380137900.0,56.8,57.15,56.6,56.7,-0.2,540.0
2007-03-26,50,2386000.0,136039550.0,57.0,57.15,56.85,57.1,0.4,380.0
2007-03-27,50,3919000.0,223815400.0,57.1,57.45,56.65,56.9,-0.2,566.0
2007-03-28,50,3977000.0,223574600.0,57.1,57.1,55.8,56.25,-0.65,657.0
2007-03-29,50,2168000.0,121849100.0,55.8,56.6,55.7,56.55,0.3,313.0
2007-03-30,50,2547000.0,143604600.0,56.55,56.65,56.2,56.45,-0.1,222.0
2007-04-02,50,3743000.0,211867650.0,56.75,57.0,56.3,56.7,0.25,410.0
2007-04-03,50,1694050.0,95888400.0,56.65,56.85,56.3,56.85,0.15,296.0
2007-04-04,50,7977100.0,459395380.0,57.4,57.95,57.3,57.75,0.9,1136.0
2007-04-09,50,5461100.0,316962819.0,58.0,58.15,57.9,58.15,0.4,640.0
2007-04-10,50,6659000.0,385130400.0,58.1,58.1,57.55,58.1,-0.05,675.0
2007-04-11,50,10530100.0,614751150.0,58.1,58.55,58.05,58.5,0.4,1060.0
2007-04-12,50,9187138.0,534917551.0,58.3,58.4,58.05,58.25,-0.25,563.0
2007-04-13,50,4462000.0,257981350.0,58.25,58.3,57.5,57.6,-0.65,485.0
2007-04-14,50,2724000.0,157163000.0,57.6,57.85,57.6,57.75,0.15,163.0
2007-04-16,50,6475102.0,374865536.0,58.1,58.1,57.65,58.0,0.25,815.0
2007-04-17,50,10980000.0,634374050.0,58.25,58.3,57.25,57.45,-0.55,747.0
2007-04-18,50,7595000.0,436458350.0,57.55,57.65,57.3,57.65,0.2,382.0
2007-04-19,50,6772000.0,385744600.0,57.2,57.35,56.6,56.75,-0.9,775.0
2007-04-20,50,8209000.0,466821750.0,56.75,57.0,56.7,56.95,0.2,492.0
2007-04-23,50,8571000.0,495574150.0,57.55,58.1,57.5,57.85,0.9,784.0
2007-04-24,50,2483010.0,143657285.0,57.9,58.1,57.6,58.1,0.25,263.0
2007-04-25,50,1232000.0,70950200.0,57.8,57.85,57.45,57.6,-0.5,252.0
2007-04-26,50,6357000.0,366754150.0,57.95,58.0,57.55,57.7,0.1,234.0
2007-04-27,50,1070000.0,61475000.0,57.7,57.8,57.2,57.5,-0.2,206.0
2007-04-30,50,2287340.0,130089590.0,57.55,57.55,56.75,56.9,-0.6,400.0
2007-05-02,50,1825500.0,104980100.0,56.9,57.7,56.9,57.55,0.65,343.0
2007-05-03,50,5413160.0,314567810.0,57.8,58.3,57.8,58.2,0.65,865.0
2007-05-04,50,7333000.0,431779750.0,58.75,59.2,58.7,59.2,1.0,968.0
2007-05-07,50,7536160.0,448434421.0,59.45,59.65,59.3,59.55,0.35,663.0
2007-05-08,50,6876584.0,407393938.0,59.25,59.5,59.1,59.3,-0.25,415.0
2007-05-09,50,5532100.0,326683435.0,59.1,59.25,58.9,58.95,-0.35,323.0
2007-05-10,50,9981000.0,590397800.0,59.25,59.35,59.0,59.25,0.3,517.0
2007-05-11,50,3311000.0,193749300.0,58.7,58.7,58.45,58.6,-0.65,325.0
2007-05-14,50,3819020.0,224348624.0,58.9,59.0,58.5,58.75,0.15,251.0
2007-05-15,50,3631020.0,211824213.0,58.55,58.6,58.05,58.15,-0.6,337.0
2007-05-16,50,1695000.0,98545300.0,58.05,58.25,58.0,58.2,0.05,178.0
2007-05-17,50,3784500.0,221937550.0,58.6,58.8,58.45,58.6,0.4,209.0
2007-05-18,50,1668100.0,97696000.0,58.55,58.7,58.25,58.5,-0.1,145.0
2007-05-21,50,2924702.0,172741089.0,59.0,59.6,58.5,59.6,1.1,444.0
2007-05-22,50,1929198.0,115215140.0,59.4,59.85,59.4,59.8,0.2,324.0
2007-05-23,50,3705000.0,222589000.0,60.0,60.25,59.95,60.05,0.25,418.0
2007-05-24,50,2193000.0,131682650.0,60.0,60.25,59.85,60.1,0.05,210.0
2007-05-25,50,3248250.0,192459000.0,59.4,59.5,59.05,59.45,-0.65,378.0
2007-05-28,50,1407000.0,83762050.0,59.5,59.65,59.4,59.5,0.05,171.0
2007-05-29,50,2835000.0,169732450.0,59.5,60.0,59.5,59.7,0.2,199.0
2007-05-30,50,3009200.0,178424190.0,60.1,60.1,59.05,59.25,-0.45,330.0
2007-05-31,50,1871000.0,111808600.0,59.85,59.9,59.65,59.75,0.5,197.0
2007-06-01,50,3068254.0,184001940.0,59.75,60.1,59.75,60.0,0.25,274.0
2007-06-04,50,3903050.0,234788715.0,60.2,60.35,60.0,60.2,0.2,315.0
2007-06-05,50,3417050.0,205489450.0,60.5,60.5,60.0,60.2,0.0,281.0
2007-06-06,50,5692150.0,345964910.0,60.5,61.1,60.4,60.75,0.55,501.0
2007-06-07,50,4467500.0,270558850.0,60.2,61.05,60.2,60.9,0.15,396.0
2007-06-08,50,2604000.0,157724600.0,60.4,60.75,60.3,60.7,-0.2,254.0
2007-06-11,50,3315200.0,201547600.0,60.8,60.9,60.7,60.85,0.15,287.0
2007-06-12,50,2662115.0,162624265.0,60.85,61.25,60.85,61.2,0.35,370.0
2007-06-13,50,1078200.0,65831020.0,60.95,61.2,60.95,61.2,0.0,148.0
2007-06-14,50,4642200.0,286568440.0,61.35,62.45,61.35,62.0,0.8,402.0
2007-06-15,50,5241290.0,329269977.0,62.3,63.25,62.3,63.2,1.2,501.0
2007-06-20,50,8591268.0,553631466.0,63.7,65.4,63.7,65.2,2.0,756.0
2007-06-21,50,11237198.0,733997918.0,65.0,66.1,64.65,65.8,0.6,723.0
2007-06-22,50,7531250.0,493151500.0,65.95,66.05,64.75,65.4,-0.4,741.0
2007-06-23,50,3078000.0,199618100.0,64.6,65.0,64.6,64.95,-0.45,309.0
2007-06-25,50,7083000.0,466659250.0,65.2,66.35,65.2,66.15,1.2,667.0
2007-06-26,50,4967271.0,325410272.0,66.05,66.1,65.05,65.35,-0.8,981.0
2007-06-27,50,3577129.0,232508678.0,65.15,65.4,64.7,65.0,-0.35,497.0
2007-06-28,50,6057400.0,394984310.0,65.65,65.65,65.0,65.2,0.2,452.0
2007-06-29,50,4210463.0,274148037.0,65.4,65.5,64.8,65.0,-0.2,346.0
2007-07-02,50,5579100.0,363814130.0,65.0,65.6,64.85,65.6,0.6,316.0
2007-07-03,50,4658063.0,308382475.0,66.05,66.3,66.0,66.3,0.7,530.0
2007-07-04,50,9735000.0,648866750.0,66.65,66.9,66.35,66.8,0.5,712.0
2007-07-05,50,9408244.0,629553393.0,66.9,67.15,66.75,67.15,0.35,605.0
2007-07-06,50,9029200.0,605807380.0,67.15,67.25,66.9,67.0,-0.15,691.0
2007-07-09,50,13392689.0,906941949.0,67.45,68.6,67.3,68.6,1.6,826.0
2007-07-10,50,3883401.0,266337327.0,69.0,69.0,68.2,68.65,0.05,574.0
2007-07-11,50,4321550.0,293772556.0,68.2,68.3,67.85,67.85,-0.8,695.0
2007-07-12,50,10787210.0,735070314.0,68.2,68.4,67.9,68.2,0.35,556.0
2007-07-13,50,7695218.0,530281795.0,68.95,69.15,68.75,68.8,0.6,645.0
2007-07-16,50,2759500.0,189396450.0,68.8,68.8,68.05,68.5,-0.3,544.0
2007-07-17,50,12648250.0,863465100.0,68.5,68.9,67.7,68.6,0.1,974.0
2007-07-18,50,12296750.0,841926724.0,68.05,68.7,68.05,68.2,-0.4,525.0
2007-07-19,50,12213500.0,831919549.0,68.15,68.35,67.75,68.15,-0.05,559.0
2007-07-20,50,14245900.0,976377309.0,68.35,69.2,68.35,69.2,1.05,568.0
2007-07-23,50,11835543.0,814148112.0,68.75,69.0,68.65,68.85,-0.35,591.0
2007-07-24,50,12557200.0,868697879.0,68.8,69.75,68.8,69.75,0.9,597.0
2007-07-25,50,13321008.0,924321458.0,69.45,69.75,69.15,69.75,0.0,552.0
2007-07-26,50,16677000.0,1155685600.0,69.85,69.85,68.4,68.4,-1.35,880.0
2007-07-27,50,13299200.0,879363060.0,66.15,66.85,65.55,65.55,-2.85,2192.0
2007-07-30,50,27170196.0,1752719389.0,64.45,64.75,64.2,64.7,-0.85,1778.0
2007-07-31,50,18614000.0,1221900300.0,68.0,68.0,65.2,66.3,1.6,1268.0
2007-08-01,50,16125180.0,1042203962.0,65.8,65.8,63.1,63.3,-3.0,2247.0
2007-08-02,50,13237200.0,843202140.0,64.0,64.5,62.9,64.4,1.1,1632.0
2007-08-03,50,19225000.0,1251109900.0,65.0,65.5,64.75,65.3,0.9,938.0
2007-08-06,50,10716100.0,687010230.0,63.8,64.7,63.7,64.65,-0.65,1099.0
2007-08-07,50,5691050.0,367421355.0,65.3,65.3,63.8,63.9,-0.75,921.0
2007-08-08,50,17377300.0,1122555610.0,64.2,65.2,64.1,65.2,1.3,877.0
2007-08-09,50,20097100.0,1322531600.0,65.9,66.1,65.45,65.75,0.55,972.0
2007-08-10,50,8713949.0,556519896.0,63.55,64.3,63.55,64.0,-1.75,1366.0
2007-08-13,50,15004500.0,959860323.0,64.0,64.4,63.7,63.85,-0.15,763.0
2007-08-14,50,18188710.0,1165149345.0,63.85,64.5,63.4,64.5,0.65,851.0
2007-08-15,50,9247500.0,579081750.0,63.5,63.5,61.9,62.15,-2.35,2161.0
2007-08-16,50,17825710.0,1074902320.0,61.95,61.95,58.2,59.6,-2.55,3019.0
2007-08-17,50,14138820.0,843538270.0,59.6,61.0,58.5,59.65,0.05,2210.0
2007-08-20,50,15247977.0,942927863.0,61.5,62.45,61.25,62.35,2.7,2000.0
2007-08-21,50,8464600.0,526513419.0,62.35,62.6,61.65,61.75,-0.6,1136.0
2007-08-22,50,12306608.0,765238758.0,62.0,62.5,61.75,62.45,0.7,676.0
2007-08-23,50,22638600.0,1447349138.0,64.0,64.1,63.65,64.0,1.55,1392.0
2007-08-24,50,11511457.0,730837269.0,63.3,63.7,63.2,63.5,-0.5,612.0
2007-08-27,50,12646188.0,811229882.0,64.0,64.4,63.75,63.8,0.3,907.0
2007-08-28,50,1707340.0,108784310.0,63.8,64.2,63.4,63.85,0.05,473.0
2007-08-29,50,4168658.0,261300982.0,62.6,63.1,62.45,63.0,-0.85,827.0
2007-08-30,50,6173533.0,394948254.0,63.8,64.35,63.55,63.8,0.8,793.0
2007-08-31,50,5982749.0,387998208.0,64.15,65.6,64.0,65.6,1.8,1175.0
2007-09-03,50,4281652.0,281038368.0,65.6,65.9,65.3,65.8,0.2,732.0
2007-09-04,50,3522500.0,231021550.0,65.9,65.95,65.05,65.7,-0.1,579.0
2007-09-05,50,2394200.0,157300849.0,65.95,65.95,65.0,65.0,-0.7,466.0
2007-09-06,50,3302500.0,215997548.0,64.5,65.9,64.5,65.9,0.9,690.0
2007-09-07,50,3671000.0,242912250.0,66.05,66.4,65.75,65.9,0.0,646.0
2007-09-10,50,2507120.0,162855070.0,64.5,65.6,64.5,65.4,-0.5,600.0
2007-09-11,50,1308000.0,85801900.0,65.2,65.9,65.2,65.85,0.45,317.0
2007-09-12,50,3422000.0,225647450.0,66.15,66.3,65.65,65.65,-0.2,432.0
2007-09-13,50,1453393.0,94998659.0,65.75,65.85,65.0,65.1,-0.55,336.0
2007-09-14,50,5061509.0,333661951.0,65.75,66.25,65.45,66.25,1.15,644.0
2007-09-17,50,3149030.0,205739986.0,66.2,66.2,64.8,65.25,-1.0,601.0
2007-09-19,50,4068030.0,268864618.0,66.45,66.5,65.35,65.6,0.35,764.0
2007-09-20,50,6822084.0,453308560.0,66.0,67.0,65.8,66.0,0.4,1075.0
2007-09-21,50,2933310.0,195534320.0,66.4,66.9,66.2,66.9,0.9,585.0
2007-09-26,50,6204420.0,419629510.0,66.95,68.05,66.95,67.95,1.05,1106.0
2007-09-27,50,5313180.0,363365842.0,68.2,68.95,68.0,68.9,0.95,843.0
2007-09-28,50,8971464.0,620087648.0,68.95,69.5,68.85,69.05,0.15,977.0
2007-09-29,50,2774010.0,192054738.0,69.1,69.4,69.0,69.35,0.3,470.0
2007-10-01,50,5035045.0,349616139.0,69.8,69.8,69.1,69.35,0.0,589.0
2007-10-02,50,13295560.0,936248336.0,69.9,70.9,69.85,70.6,1.25,1369.0
2007-10-03,50,16206459.0,1155285186.0,70.5,72.3,70.5,71.7,1.1,1616.0
2007-10-04,50,8758341.0,621977427.0,71.15,71.2,70.65,71.2,-0.5,916.0
2007-10-05,50,3979050.0,282760465.0,71.2,71.35,70.6,71.2,0.0,685.0
2007-10-08,50,6805500.0,489079850.0,71.5,72.2,71.5,71.85,0.65,994.0
2007-10-09,50,7118100.0,508721662.0,71.85,72.0,71.15,71.65,-0.2,868.0
2007-10-11,50,5951032.0,427846970.0,71.7,72.1,71.65,71.9,0.25,857.0
2007-10-12,50,4124100.0,292669580.0,71.6,71.9,69.9,69.9,-2.0,1147.0
2007-10-15,50,3059150.0,214667240.0,70.15,70.55,69.75,70.55,0.65,756.0
2007-10-16,50,3664860.0,258556473.0,70.0,71.3,69.9,70.9,0.35,750.0
2007-10-17,50,3493100.0,246357230.0,70.8,71.0,70.0,70.4,-0.5,707.0
2007-10-18,50,4562408.0,325014180.0,70.6,71.5,70.6,71.4,1.0,882.0
2007-10-19,50,3228300.0,229891870.0,71.3,71.45,70.9,71.05,-0.35,561.0
2007-10-22,50,11191690.0,772346221.0,69.5,69.5,68.5,69.45,-1.6,1736.0
2007-10-23,50,6887750.0,483644175.0,69.75,70.75,69.7,70.6,1.15,999.0
2007-10-24,50,7586865.0,520469451.0,68.8,69.1,67.7,67.7,0.0,1224.0
2007-10-25,50,4078773.0,278904838.0,68.25,68.6,68.15,68.4,0.7,634.0
2007-10-26,50,1661650.0,114729155.0,68.9,69.4,68.7,69.25,0.85,506.0
2007-10-29,50,3090209.0,217435115.0,69.85,70.65,69.85,70.65,1.4,898.0
2007-10-30,50,2821980.0,198892635.0,70.6,70.8,70.15,70.45,-0.2,541.0
2007-10-31,50,4157381.0,291893590.0,70.4,70.55,69.85,70.2,-0.25,602.0
2007-11-01,50,4745624.0,331079955.0,70.6,70.7,69.05,69.45,-0.75,855.0
2007-11-02,50,12894000.0,870347950.0,68.3,68.3,66.5,67.0,-2.45,2990.0
2007-11-05,50,8670370.0,575466486.0,66.3,67.1,65.6,67.1,0.1,1786.0
2007-11-06,50,5266693.0,353934627.0,67.0,67.55,66.8,67.5,0.4,865.0
2007-11-07,50,2241850.0,151397791.0,67.55,67.9,67.05,67.05,-0.45,749.0
2007-11-08,50,9935395.0,648889520.0,65.65,65.8,64.6,64.9,-2.15,2483.0
2007-11-09,50,9311725.0,606261027.0,65.0,65.55,64.7,65.35,0.45,1381.0
2007-11-12,50,19618149.0,1243750229.0,63.8,63.85,62.6,63.6,-1.75,3220.0
2007-11-13,50,16614517.0,1048592288.0,63.5,63.6,62.45,63.5,-0.1,2472.0
2007-11-14,50,6359500.0,412341150.0,64.95,65.0,64.6,64.7,1.2,1597.0
2007-11-15,50,4915980.0,316590956.0,64.4,64.75,64.15,64.25,-0.45,837.0
2007-11-16,50,10280070.0,646689080.0,63.05,63.3,62.5,63.05,-1.2,1902.0
2007-11-19,50,7496998.0,473531774.0,63.45,63.55,62.7,62.7,-0.35,937.0
2007-11-20,50,12646540.0,771074926.0,61.3,62.5,60.2,62.5,-0.2,2838.0
2007-11-21,50,8668347.0,535658341.0,62.4,62.45,61.1,61.15,-1.35,1673.0
2007-11-22,50,10856940.0,660624836.0,60.85,61.7,60.2,61.2,0.05,1730.0
2007-11-23,50,4885623.0,298013504.0,61.6,61.6,60.5,60.7,-0.5,976.0
2007-11-26,50,6320251.0,389442011.0,61.6,62.0,61.0,61.95,1.25,1385.0
2007-11-27,50,12135276.0,731130357.0,60.4,61.4,59.65,61.0,-0.95,2803.0
2007-11-28,50,4592878.0,279170368.0,61.3,61.3,60.3,60.3,-0.7,1295.0
2007-11-29,50,6342320.0,389287430.0,61.8,61.8,61.0,61.35,1.05,1465.0
2007-11-30,50,6478450.0,401657430.0,61.85,62.3,61.8,61.8,0.45,1313.0
2007-12-03,50,4661351.0,289234335.0,62.2,62.35,61.8,61.95,0.15,782.0
2007-12-04,50,3797500.0,236280850.0,62.0,62.55,61.65,62.55,0.6,734.0
2007-12-05,50,3429000.0,214012897.0,62.25,62.8,61.95,62.75,0.2,958.0
2007-12-06,50,5679380.0,358828267.0,63.3,63.6,62.6,62.8,0.05,1127.0
2007-12-07,50,5227700.0,331613415.0,63.25,63.7,63.25,63.4,0.6,938.0
2007-12-10,50,3741840.0,233931420.0,62.9,63.0,62.0,62.0,-1.4,1098.0
2007-12-11,50,4866455.0,302511818.0,62.05,62.4,61.85,62.35,0.35,789.0
2007-12-12,50,9754250.0,595528724.0,61.15,61.4,60.75,61.25,-1.1,1957.0
2007-12-13,50,14173466.0,847717726.0,60.9,60.95,58.7,58.7,-2.55,3760.0
2007-12-14,50,17124429.0,991695661.0,58.7,58.75,56.9,58.4,-0.3,3839.0
2007-12-17,50,9460379.0,543377267.0,58.0,58.3,56.7,56.7,-1.7,2583.0
2007-12-18,50,12752850.0,727891498.0,56.4,57.75,56.05,56.9,0.2,2488.0
2007-12-19,50,7474564.0,433813963.0,57.15,58.5,57.15,58.5,1.6,1799.0
2007-12-20,50,7113500.0,413072897.0,58.3,58.45,57.45,57.5,-1.0,1404.0
2007-12-21,50,8151550.0,475557789.0,57.9,58.8,57.5,58.75,1.25,1757.0
2007-12-24,50,5266017.0,312440215.0,59.45,59.5,59.15,59.15,0.4,1281.0
2007-12-25,50,2685415.0,159652794.0,59.45,59.6,59.25,59.6,0.45,858.0
2007-12-26,50,4108999.0,243133190.0,59.2,59.65,58.8,59.65,0.05,860.0
2007-12-27,50,11024049.0,668468669.0,59.7,61.05,59.7,60.9,1.25,2049.0
2007-12-28,50,10735570.0,654640976.0,60.65,61.7,60.4,61.0,0.1,1959.0
2007-12-31,50,2883481.0,176988556.0,61.05,61.7,61.05,61.45,0.45,916.0
2008-01-02,50,5007010.0,303922809.0,61.3,61.3,60.0,60.1,-1.35,1254.0
2008-01-03,50,7424700.0,437979730.0,59.3,59.35,58.6,59.1,-1.0,2156.0
2008-01-04,50,7688100.0,450218210.0,58.35,59.35,58.05,59.1,0.0,1745.0
2008-01-07,50,20087070.0,1142428081.0,57.6,57.6,56.3,56.4,-2.7,4362.0
2008-01-08,50,8734405.0,497587266.0,56.45,57.3,56.45,56.95,0.55,2212.0
2008-01-09,50,7491350.0,428138175.0,56.1,58.0,55.9,58.0,1.05,2197.0
2008-01-10,50,10325301.0,601278108.0,58.3,58.6,57.9,57.9,-0.1,1518.0
2008-01-11,50,10204020.0,591545360.0,58.5,58.5,57.45,57.65,-0.25,1538.0
2008-01-14,50,12117980.0,712203118.0,59.05,59.15,58.1,58.8,1.15,2292.0
2008-01-15,50,22194750.0,1351425587.0,59.4,61.55,59.4,61.05,2.25,3805.0
2008-01-16,50,19227210.0,1135435356.0,59.65,59.75,58.4,58.4,-2.65,3299.0
2008-01-17,50,8942776.0,519510436.0,58.95,59.0,57.35,58.15,-0.25,2338.0
2008-01-18,50,13995500.0,798277600.0,57.0,58.5,56.35,58.5,0.35,3240.0
2008-01-21,50,5582914.0,323038294.0,57.9,58.25,57.55,57.7,-0.8,1277.0
2008-01-22,50,29432466.0,1595741814.0,55.05,55.05,53.7,53.7,-4.0,5746.0
2008-01-23,50,14922505.0,806529314.0,54.8,54.85,53.4,53.6,-0.1,3045.0
2008-01-24,50,14833265.0,812858825.0,55.05,55.3,53.8,55.0,1.4,3002.0
2008-01-25,50,9894400.0,553462800.0,55.6,56.4,55.6,56.4,1.4,2215.0
2008-01-28,50,6901472.0,380653160.0,55.9,55.9,54.5,54.6,-1.8,1824.0
2008-01-29,50,4127722.0,226648982.0,55.3,55.3,54.4,55.1,0.5,1133.0
2008-01-30,50,6004400.0,331769590.0,55.1,55.8,54.75,54.95,-0.15,1312.0
2008-01-31,50,5220800.0,285728500.0,54.8,55.25,54.2,54.95,0.0,1413.0
2008-02-01,50,8820545.0,493691951.0,55.45,56.6,55.2,56.4,1.45,2111.0
2008-02-12,50,6005857.0,330968535.0,55.15,55.8,54.85,54.95,-1.45,1455.0
2008-02-13,50,6324215.0,349698825.0,55.25,55.6,54.7,54.8,-0.15,1139.0
2008-02-14,50,12638527.0,717823648.0,56.3,57.8,56.15,57.8,3.0,2805.0
2008-02-15,50,8805639.0,502609641.0,56.9,57.5,56.65,57.3,-0.5,1417.0
2008-02-18,50,4977858.0,286056606.0,57.85,57.9,57.0,57.2,-0.1,1248.0
2008-02-19,50,5145960.0,296501321.0,57.6,58.0,57.25,58.0,0.8,1165.0
2008-02-20,50,5486550.0,315207674.0,57.7,58.0,56.8,56.9,-1.1,1364.0
2008-02-21,50,6308722.0,366500125.0,57.7,58.55,57.55,58.55,1.65,1923.0
2008-02-22,50,7577150.0,442204900.0,58.1,58.8,57.75,58.8,0.25,1161.0
2008-02-25,50,9527448.0,569906075.0,59.5,60.1,59.2,60.0,1.2,2278.0
2008-02-26,50,21035523.0,1269307730.0,60.35,60.55,59.8,60.2,0.2,1918.0
2008-02-27,50,18934761.0,1149256240.0,60.85,60.9,60.5,60.7,0.5,1800.0
2008-02-29,50,6043040.0,366476990.0,60.3,61.1,60.3,60.85,0.15,1222.0
2008-03-03,50,13932227.0,819874479.0,59.25,59.3,58.35,59.15,-1.7,2541.0
2008-03-04,50,8538901.0,513420168.0,59.0,60.7,59.0,60.7,1.55,1911.0
2008-03-05,50,9571250.0,582344800.0,60.7,61.25,60.45,60.9,0.2,1729.0
2008-03-06,50,11445348.0,706449728.0,61.1,62.3,61.0,62.3,1.4,2134.0
2008-03-07,50,9138935.0,563239349.0,61.5,62.2,61.35,61.4,-0.9,1599.0
2008-03-10,50,15582677.0,935938370.0,61.0,61.5,59.55,59.6,-1.8,2525.0
2008-03-11,50,11909430.0,708874865.0,59.1,60.15,58.9,60.1,0.5,1715.0
2008-03-12,50,13038800.0,797601390.0,61.9,61.9,60.5,60.65,0.55,2165.0
2008-03-13,50,13487148.0,806018426.0,60.55,60.6,59.0,59.1,-1.55,2257.0
2008-03-14,50,19597463.0,1155246495.0,59.55,59.75,58.25,58.45,-0.65,2361.0
2008-03-17,50,26911511.0,1539070176.0,57.25,57.8,56.65,57.35,-1.1,3826.0
2008-03-18,50,25771940.0,1482618489.0,57.5,58.0,57.1,57.9,0.55,2192.0
2008-03-19,50,14920582.0,877340538.0,58.95,59.05,58.2,58.5,0.6,2874.0
2008-03-20,50,28061420.0,1651058240.0,58.5,60.0,58.2,59.95,1.45,3165.0
2008-03-21,50,16022536.0,978240082.0,60.8,61.55,60.5,61.55,1.6,3766.0
2008-03-24,50,52016390.0,3360768684.0,65.85,65.85,63.45,64.15,2.6,7622.0
2008-03-25,50,35087626.0,2223301193.0,64.25,64.25,62.8,63.05,-1.1,5251.0
2008-03-26,50,17717680.0,1113721733.0,63.15,63.4,62.35,62.4,-0.65,2779.0
2008-03-27,50,23735275.0,1458975193.0,62.35,62.35,61.05,61.2,-1.2,4369.0
2008-03-28,50,17458436.0,1073087603.0,61.1,62.0,61.05,62.0,0.8,2567.0
2008-03-31,50,14034562.0,850127324.0,61.55,61.55,60.25,60.45,-1.55,3172.0
2008-04-01,50,12150314.0,735719160.0,60.8,61.2,60.05,60.05,-0.4,2432.0
2008-04-02,50,18702256.0,1147744772.0,61.2,61.75,60.9,61.75,1.7,3119.0
2008-04-03,50,4685016.0,287561185.0,61.55,61.65,61.1,61.2,-0.55,1293.0
2008-04-07,50,8640886.0,534581358.0,61.25,62.3,61.25,62.2,1.0,1914.0
2008-04-08,50,16021120.0,990121228.0,61.8,62.0,61.6,61.6,-0.6,1728.0
2008-04-09,50,14884070.0,920419517.0,61.95,62.3,61.2,61.6,0.0,2881.0
2008-04-10,50,28012850.0,1746743591.0,61.6,62.75,61.6,62.6,1.0,3886.0
2008-04-11,50,32361181.0,2045919192.0,62.8,63.75,62.65,63.5,0.9,4049.0
2008-04-14,50,11681360.0,736906308.0,63.2,63.4,62.65,63.2,-0.3,2637.0
2008-04-15,50,8221773.0,519467180.0,63.25,63.4,63.05,63.15,-0.05,1682.0
2008-04-16,50,18641550.0,1190768603.0,63.6,64.2,63.5,64.2,1.05,3012.0
2008-04-17,50,23587400.0,1527750855.0,64.7,65.15,64.35,64.65,0.45,3811.0
2008-04-18,50,16462730.0,1057626791.0,64.55,64.65,63.9,64.4,-0.25,2111.0
2008-04-21,50,10639395.0,687746685.0,64.9,64.9,64.25,64.6,0.2,1795.0
2008-04-22,50,6961197.0,446006724.0,64.4,64.5,63.8,64.4,-0.2,1720.0
2008-04-23,50,9723815.0,620139760.0,64.05,64.3,63.35,63.75,-0.65,2103.0
2008-04-24,50,8314450.0,528696460.0,63.65,63.9,63.35,63.45,-0.3,1479.0
2008-04-25,50,9151411.0,582175378.0,63.65,64.1,63.3,63.5,0.05,1357.0
2008-04-28,50,6153008.0,394296028.0,63.7,64.55,63.45,64.15,0.65,1518.0
2008-04-29,50,12788496.0,818031914.0,64.35,64.55,63.2,63.5,-0.65,2215.0
2008-04-30,50,8118451.0,517531479.0,63.75,64.1,63.4,63.9,0.4,1229.0
2008-05-02,50,8774154.0,562594932.0,64.45,64.45,63.65,64.2,0.3,1391.0
2008-05-05,50,18912815.0,1191391711.0,64.05,64.05,62.5,62.95,-1.25,3177.0
2008-05-06,50,12513159.0,784859287.0,62.85,63.05,62.4,63.05,0.1,2026.0
2008-05-07,50,7435661.0,472080503.0,63.4,63.8,63.05,63.6,0.55,1454.0
2008-05-08,50,15496465.0,969858230.0,62.85,62.9,62.2,62.7,-0.9,2686.0
2008-05-09,50,9946750.0,619530598.0,62.65,62.7,62.05,62.25,-0.45,2123.0
2008-05-12,50,4933449.0,307008071.0,62.2,62.7,61.9,62.7,0.45,1132.0
2008-05-13,50,11711324.0,741685781.0,62.6,63.9,62.6,63.9,1.2,2365.0
2008-05-14,50,10353246.0,663101763.0,63.9,64.3,63.75,64.15,0.25,1444.0
2008-05-15,50,16854197.0,1090900005.0,64.4,65.05,64.4,65.05,0.9,2644.0
2008-05-16,50,16817876.0,1097896986.0,65.3,65.5,64.95,65.4,0.35,2171.0
2008-05-19,50,9368566.0,612321164.0,65.45,65.65,65.1,65.65,0.25,1696.0
2008-05-20,50,20778684.0,1344910060.0,65.65,65.65,63.8,64.0,-1.65,3175.0
2008-05-21,50,9583379.0,608685150.0,63.7,63.95,63.15,63.4,-0.6,2030.0
2008-05-22,50,11607500.0,728516700.0,62.65,63.45,62.5,63.45,0.05,2495.0
2008-05-23,50,11314775.0,709623452.0,63.4,63.45,62.35,62.45,-1.0,2469.0
2008-05-26,50,12670500.0,782602269.0,62.0,62.1,61.5,61.6,-0.85,2794.0
2008-05-27,50,5688927.0,352696851.0,61.75,62.3,61.75,62.2,0.6,1283.0
2008-05-28,50,7008500.0,433701820.0,62.35,62.4,61.5,61.7,-0.5,1526.0
2008-05-29,50,6921560.0,430300295.0,62.4,62.4,61.95,62.3,0.6,1341.0
2008-05-30,50,10924500.0,676185150.0,62.5,62.55,61.45,62.2,-0.1,2189.0
2008-06-02,50,6956700.0,434009910.0,62.05,62.65,62.05,62.6,0.4,1190.0
2008-06-03,50,8830000.0,545720200.0,62.15,62.45,61.45,61.6,-1.0,1946.0
2008-06-04,50,4168128.0,257207410.0,61.45,61.85,61.4,61.8,0.2,798.0
2008-06-05,50,12708265.0,782382012.0,61.7,62.7,61.0,62.7,0.9,2771.0
2008-06-06,50,6487777.0,407169601.0,62.95,63.0,62.5,62.7,0.0,1402.0
2008-06-09,50,13729799.0,837393028.0,61.05,61.2,60.85,61.15,-1.55,3160.0
2008-06-10,50,19871288.0,1196335992.0,61.0,61.05,59.65,59.7,-1.45,4310.0
2008-06-11,50,7778800.0,466205373.0,59.7,60.3,59.5,59.9,0.2,1723.0
2008-06-12,50,17468914.0,1025733026.0,59.2,59.2,58.3,58.45,-1.45,3836.0
2008-06-13,50,11555905.0,679586507.0,58.6,59.35,58.5,58.8,0.35,1908.0
2008-06-16,50,6391130.0,378687418.0,59.1,59.6,58.95,59.1,0.3,1308.0
2008-06-17,50,6118105.0,360534279.0,59.2,59.5,58.6,59.5,0.4,1175.0
2008-06-18,50,8746824.0,520728108.0,59.3,59.85,59.2,59.6,0.1,1245.0
2008-06-19,50,17913039.0,1046758587.0,59.0,59.0,58.15,58.45,-1.15,2327.0
2008-06-20,50,18487656.0,1068981539.0,58.45,58.45,57.15,57.2,-1.25,3383.0
2008-06-23,50,9910922.0,565361147.0,56.55,57.7,56.4,57.35,0.15,2186.0
2008-06-24,50,10329143.0,588984579.0,57.35,57.6,56.7,56.9,-0.45,1908.0
2008-06-25,50,14590298.0,831731334.0,56.9,57.6,56.4,57.5,0.6,1978.0
2008-06-26,50,12003600.0,689258988.0,57.5,57.7,56.95,57.05,-0.45,1754.0
2008-06-27,50,26535047.0,1462360782.0,55.0,55.55,54.7,55.25,-1.8,4600.0
2008-06-30,50,10624844.0,588171483.0,55.5,55.7,55.0,55.0,-0.25,2098.0
2008-07-01,50,10473152.0,579146671.0,55.35,55.85,54.9,54.9,-0.1,2398.0
2008-07-02,50,24648682.0,1351158912.0,54.9,55.35,54.2,54.3,-0.6,4035.0
2008-07-03,50,19027128.0,1012194972.0,53.4,54.35,52.35,54.2,-0.1,4452.0
2008-07-04,50,11288474.0,602729808.0,54.15,54.15,52.6,52.6,-1.6,2876.0
2008-07-07,50,5969107.0,315564042.0,52.5,53.6,52.35,53.55,0.95,1532.0
2008-07-08,50,19758400.0,1033067550.0,53.4,53.4,51.45,51.7,-1.85,4434.0
2008-07-09,50,26636000.0,1393322745.0,53.05,53.05,51.35,51.45,-0.25,4052.0
2008-07-10,50,13786015.0,710020181.0,51.3,52.2,50.9,51.7,0.25,2897.0
2008-07-11,50,16317440.0,850542920.0,51.75,53.0,51.4,52.9,1.2,2883.0
2008-07-14,50,11708599.0,614458905.0,52.65,53.0,52.0,52.2,-0.7,2504.0
2008-07-15,50,23245898.0,1171278467.0,51.55,51.55,49.6,49.9,-2.3,5776.0
2008-07-16,50,11449182.0,570457210.0,50.2,50.3,49.41,49.5,-0.4,3329.0
2008-07-17,50,18446550.0,952386424.0,50.8,52.2,50.75,52.2,2.7,4049.0
2008-07-18,50,15646610.0,811151376.0,52.55,52.6,50.8,51.0,-1.2,3484.0
2008-07-21,50,15920132.0,845063128.0,52.6,53.75,52.6,53.75,2.75,3448.0
2008-07-22,50,19577274.0,1032698201.0,53.2,53.2,52.35,52.9,-0.85,2951.0
2008-07-23,50,31437946.0,1702725115.0,53.7,54.65,53.45,54.3,1.4,4449.0
2008-07-24,50,15913541.0,868315845.0,54.65,54.75,54.35,54.65,0.35,2738.0
2008-07-25,50,17544551.0,941370492.0,53.5,53.9,53.35,53.9,-0.75,2784.0
2008-07-29,50,23085790.0,1197951386.0,52.2,52.2,51.55,51.95,-1.95,4243.0
2008-07-30,50,13897335.0,731145014.0,52.9,52.95,52.25,52.55,0.6,2733.0
2008-07-31,50,18531086.0,974407709.0,53.15,53.3,51.7,52.4,-0.15,3187.0
2008-08-01,50,14205990.0,738830225.0,51.7,52.6,51.55,52.4,0.0,2757.0
2008-08-04,50,11656889.0,609632322.0,52.05,52.55,51.7,52.5,0.1,1953.0
2008-08-05,50,24810628.0,1281593136.0,52.65,52.7,51.2,51.4,-1.1,4287.0
2008-08-06,50,20401249.0,1075868967.0,52.5,53.3,52.3,53.3,1.9,3818.0
2008-08-07,50,12118900.0,644966229.0,53.0,53.6,52.85,53.05,-0.25,2446.0
2008-08-08,50,25962328.0,1409438123.0,52.85,54.95,52.85,54.65,1.6,4877.0
2008-08-11,50,22807923.0,1266096206.0,55.1,55.8,55.1,55.6,0.95,3934.0
2008-08-12,50,18309287.0,1016975624.0,55.45,55.9,55.25,55.55,-0.05,2593.0
2008-08-13,50,12751408.0,704821041.0,55.25,55.65,54.7,55.35,-0.2,2471.0
2008-08-14,50,12874199.0,710493286.0,55.0,55.75,54.8,55.75,0.4,2164.0
2008-08-15,50,16726140.0,920702930.0,55.8,55.9,54.2,54.4,-1.35,2955.0
2008-08-18,50,14205440.0,763251823.0,54.3,54.7,53.0,53.35,-1.05,3291.0
2008-08-19,50,13420230.0,705158902.0,51.85,53.15,51.85,52.9,-0.45,3141.0
2008-08-20,50,11694750.0,617244545.0,52.5,53.5,52.2,53.4,0.5,2567.0
2008-08-21,50,8820000.0,465220788.0,53.15,53.15,52.5,52.55,-0.85,2021.0
2008-08-22,50,14953000.0,785412340.0,52.7,53.15,51.95,52.7,0.15,2931.0
2008-08-25,50,10229227.0,546161001.0,53.1,53.85,52.8,53.7,1.0,2533.0
2008-08-26,50,7990049.0,424131945.0,53.05,53.35,52.9,53.25,-0.45,1547.0
2008-08-27,50,15164570.0,819897001.0,53.25,54.45,53.0,54.1,0.85,2602.0
2008-08-28,50,8904485.0,480097490.0,54.1,54.4,53.65,53.7,-0.4,1733.0
2008-08-29,50,11704725.0,630097677.0,54.3,54.3,53.35,53.65,-0.05,1938.0
2008-09-01,50,28210799.0,1465072318.0,53.25,53.25,51.2,51.45,-2.2,6634.0
2008-09-02,50,19100496.0,972534148.0,51.6,51.6,50.45,50.6,-0.85,5182.0
2008-09-03,50,18271896.0,920377812.0,50.6,51.2,49.98,50.0,-0.6,5134.0
2008-09-04,50,25757097.0,1272534186.0,49.93,50.6,48.81,48.99,-1.01,6369.0
2008-09-05,50,21311938.0,1028895502.0,48.0,48.65,47.8,48.58,-0.41,5044.0
2008-09-08,50,28063756.0,1437552819.0,50.5,51.95,50.4,51.95,3.37,6321.0
2008-09-09,50,27260100.0,1367003470.0,51.1,51.1,49.52,49.65,-2.3,5414.0
2008-09-10,50,17947608.0,892629080.0,49.45,50.45,49.2,49.86,0.21,3663.0
2008-09-11,50,19690294.0,958393611.0,49.0,49.4,48.2,48.37,-1.49,5690.0
2008-09-12,50,19356691.0,940960564.0,49.0,49.1,47.8,48.87,0.5,4359.0
2008-09-15,50,25834765.0,1218699985.0,47.7,48.05,46.4,46.55,-2.32,7176.0
2008-09-16,50,30248236.0,1362317150.0,44.81,45.8,44.5,45.0,-1.55,7088.0
2008-09-17,50,27966102.0,1294041332.0,46.85,47.22,45.35,45.91,0.91,6255.0
2008-09-18,50,43663312.0,1932835649.0,44.3,44.79,43.75,44.5,-1.41,9290.0
2008-09-19,50,30124204.0,1423213754.0,46.6,47.61,46.6,47.61,3.11,6476.0
2008-09-22,50,36993447.0,1793459856.0,48.8,48.85,47.8,48.5,0.89,6681.0
2008-09-23,50,14668913.0,708611370.0,48.0,48.76,47.8,48.76,0.26,3584.0
2008-09-24,50,10858788.0,525549212.0,48.4,48.76,48.0,48.46,-0.3,2910.0
2008-09-25,50,14808673.0,708479480.0,47.55,48.46,47.4,47.7,-0.76,3096.0
2008-09-26,50,19680505.0,921814455.0,47.7,47.8,46.33,46.6,-1.1,4864.0
2008-09-30,50,35576602.0,1556727680.0,43.34,44.8,43.34,44.6,-2.0,7704.0
2008-10-01,50,13935596.0,633309112.0,45.4,45.72,45.12,45.6,1.0,3356.0
2008-10-02,50,11957819.0,536957252.0,45.07,45.72,44.2,44.55,-1.05,3418.0
2008-10-03,50,14620282.0,643516237.0,44.33,44.78,43.44,44.73,0.18,3596.0
2008-10-06,50,19242086.0,827117638.0,44.0,44.0,42.68,42.7,-2.03,5554.0
2008-10-07,50,15234059.0,643206177.0,41.6,42.95,41.51,42.95,0.25,3534.0
2008-10-08,50,29389894.0,1206151267.0,41.73,42.04,39.95,40.19,-2.76,6954.0
2008-10-09,50,21449249.0,868406511.0,40.31,41.14,40.1,40.24,0.05,4455.0
2008-10-13,50,19726712.0,766877302.0,39.0,39.1,38.84,38.84,-1.4,4438.0
2008-10-14,50,24630372.0,1022721838.0,41.55,41.55,41.32,41.55,2.71,4721.0
2008-10-15,50,14683559.0,595349499.0,41.0,41.0,40.2,40.57,-0.98,3552.0
2008-10-16,50,7017250.0,274725256.0,39.15,39.15,39.15,39.15,-1.42,2209.0
2008-10-17,50,21131388.0,811319661.0,39.1,39.1,38.0,38.02,-1.13,4961.0
2008-10-20,50,20086000.0,755774712.0,37.75,38.4,37.12,38.34,0.32,3759.0
2008-10-21,50,20410396.0,785772474.0,39.2,39.2,37.74,38.12,-0.22,4725.0
2008-10-22,50,21620347.0,805073919.0,37.4,38.0,36.79,36.79,-1.33,5211.0
2008-10-23,50,10710657.0,380335334.0,35.51,35.51,35.51,35.51,-1.28,2468.0
2008-10-24,50,23666961.0,766227205.0,32.6,32.6,32.34,32.34,0.0,4144.0
2008-10-27,50,24611466.0,753139584.0,30.3,31.9,30.08,30.1,-2.24,5602.0
2008-10-28,50,28832991.0,888666386.0,30.0,32.2,29.1,32.19,2.09,6026.0
2008-10-29,50,33156647.0,1101762369.0,34.4,34.4,32.0,32.19,0.0,7508.0
2008-10-30,50,22001326.0,744071213.0,33.08,34.44,32.53,34.44,2.25,4639.0
2008-10-31,50,35867809.0,1267105067.0,34.5,36.78,34.16,36.54,2.1,8829.0
2008-11-03,50,26268521.0,952647347.0,36.54,36.91,35.35,36.69,0.15,7013.0
2008-11-04,50,13884267.0,501926130.0,36.4,36.78,35.76,36.64,-0.05,4438.0
2008-11-05,50,23301781.0,854797516.0,37.0,37.29,36.03,36.8,0.16,5119.0
2008-11-06,50,19494280.0,668411976.0,34.45,34.45,34.23,34.23,-2.57,5010.0
2008-11-07,50,21622371.0,725498202.0,32.6,34.67,32.56,34.39,0.16,5179.0
2008-11-10,50,11731458.0,398935154.0,34.39,34.39,33.5,34.05,-0.34,3496.0
2008-11-11,50,12042693.0,403242609.0,33.25,34.02,33.18,33.46,-0.59,3213.0
2008-11-12,50,10904159.0,363930653.0,33.42,33.79,33.0,33.46,0.0,2871.0
2008-11-13,50,21469327.0,684238894.0,32.5,32.5,31.51,31.6,-1.86,5507.0
2008-11-14,50,13096165.0,423165163.0,32.8,32.8,31.84,32.0,0.4,3518.0
2008-11-17,50,9795603.0,312997791.0,31.5,32.25,31.45,32.2,0.2,2533.0
2008-11-18,50,18895288.0,588303747.0,31.36,31.5,30.77,30.9,-1.3,4640.0
2008-11-19,50,15284593.0,470958961.0,30.88,31.08,30.57,30.96,0.06,3679.0
2008-11-20,50,21771526.0,647673170.0,30.0,30.11,29.4,29.5,-1.46,6838.0
2008-11-21,50,28754420.0,845254053.0,29.1,30.78,28.53,30.78,1.28,6775.0
2008-11-24,50,26078846.0,774979100.0,30.45,30.45,29.3,29.96,-0.82,5962.0
2008-11-25,50,33085928.0,1022004561.0,30.95,31.35,30.41,30.6,0.64,6876.0
2008-11-26,50,12095076.0,373229276.0,30.87,31.13,30.58,30.95,0.35,2936.0
2008-11-27,50,29849129.0,956179148.0,31.5,32.8,31.35,32.8,1.85,7074.0
2008-11-28,50,27444145.0,878935654.0,32.5,32.5,31.74,32.13,-0.67,5225.0
2008-12-01,50,24075245.0,781538104.0,32.0,32.9,31.75,32.5,0.37,5991.0
2008-12-02,50,19782320.0,609118972.0,30.6,31.09,30.5,30.6,-1.9,5841.0
2008-12-03,50,15595912.0,479987722.0,31.0,31.09,30.5,30.5,-0.1,4561.0
2008-12-04,50,19252466.0,585554788.0,30.8,30.92,29.95,30.01,-0.49,5094.0
2008-12-05,50,12093833.0,364572753.0,30.08,30.41,29.95,30.18,0.17,3162.0
2008-12-08,50,22998985.0,728043417.0,30.78,32.29,30.7,32.29,2.11,6601.0
2008-12-09,50,28539074.0,923864242.0,32.55,32.7,32.13,32.29,0.0,6308.0
2008-12-10,50,34139590.0,1138060026.0,32.29,34.19,32.26,34.19,1.9,8501.0
2008-12-11,50,25363285.0,857314614.0,34.05,34.05,33.51,33.8,-0.39,5247.0
2008-12-12,50,32433647.0,1056452516.0,33.33,33.5,31.53,32.0,-1.8,8016.0
2008-12-15,50,27730542.0,930162981.0,33.45,33.98,33.11,33.51,1.51,5964.0
2008-12-16,50,24874942.0,821674870.0,33.0,33.51,32.77,33.51,0.0,3677.0
2008-12-17,50,26898272.0,912777889.0,34.0,34.23,33.5,33.67,0.16,6404.0
2008-12-18,50,13708580.0,462564750.0,34.0,34.0,33.5,33.79,0.12,2814.0
2008-12-19,50,19703224.0,662606451.0,33.55,33.99,33.26,33.82,0.03,3872.0
2008-12-22,50,16924315.0,565451675.0,33.95,34.07,32.65,32.65,-1.17,4958.0
2008-12-23,50,19216606.0,611659116.0,32.6,32.65,31.3,31.75,-0.9,6262.0
2008-12-24,50,11335342.0,357249955.0,31.3,31.9,31.05,31.8,0.05,3308.0
2008-12-25,50,6534434.0,207304410.0,31.8,31.88,31.51,31.83,0.03,1738.0
2008-12-26,50,9612823.0,305861675.0,31.75,32.1,31.53,31.85,0.02,2485.0
2008-12-29,50,7118084.0,225274409.0,31.75,31.8,31.5,31.8,-0.05,2020.0
2008-12-30,50,17416921.0,571235528.0,32.1,33.29,32.04,33.16,1.36,4977.0
2008-12-31,50,11538329.0,381048172.0,33.3,33.33,32.7,32.87,-0.29,3362.0
2009-01-05,50,26390579.0,905209109.0,34.38,34.7,33.93,34.2,1.33,6238.0
2009-01-06,50,24479417.0,837388254.0,34.2,34.45,33.93,34.18,-0.02,4189.0
2009-01-07,50,16727909.0,578534950.0,34.7,34.87,34.3,34.63,0.45,4069.0
2009-01-08,50,31502667.0,1046090365.0,33.6,33.81,32.4,32.43,-2.2,7017.0
2009-01-09,50,18459238.0,596519486.0,32.43,32.52,32.02,32.22,-0.21,4347.0
2009-01-10,50,11971512.0,381972190.0,31.7,32.17,31.7,32.01,-0.21,3391.0
2009-01-12,50,13992268.0,446314857.0,31.63,32.3,31.6,31.96,-0.05,3339.0
2009-01-13,50,11609391.0,373000887.0,31.7,32.66,31.66,32.66,0.7,3016.0
2009-01-14,50,13616683.0,445046119.0,32.66,32.92,32.49,32.5,-0.16,2961.0
2009-01-15,50,30043454.0,932706638.0,31.2,31.2,30.95,31.0,-1.5,7652.0
2009-01-16,50,14190199.0,443204434.0,31.2,31.39,31.01,31.38,0.38,3061.0
2009-01-17,50,6089723.0,191076670.0,31.49,31.49,31.26,31.4,0.02,1937.0
2009-01-19,50,8891494.0,279691013.0,31.4,31.55,31.38,31.53,0.13,1764.0
2009-01-20,50,27865305.0,854151168.0,30.63,30.89,30.53,30.7,-0.83,5266.0
2009-01-21,50,29274100.0,887056443.0,30.4,30.55,30.01,30.5,-0.2,5309.0
2009-02-02,50,7884834.0,241981084.0,30.38,30.88,30.38,30.88,0.38,2076.0
2009-02-03,50,16264534.0,509849603.0,30.72,31.65,30.72,31.47,0.59,3648.0
2009-02-04,50,16312759.0,516085108.0,31.77,31.78,31.5,31.69,0.22,2715.0
2009-02-05,50,14283547.0,450523527.0,31.5,31.81,31.39,31.43,-0.26,2409.0
2009-02-06,50,23040332.0,743501918.0,31.77,32.55,31.77,32.2,0.77,5146.0
2009-02-09,50,28202440.0,925892663.0,32.64,33.06,32.5,32.5,0.3,4077.0
2009-02-10,50,17447067.0,568890058.0,32.55,32.73,32.4,32.7,0.2,2018.0
2009-02-11,50,14181068.0,461271095.0,32.01,33.25,32.0,33.25,0.55,3341.0
2009-02-12,50,17128553.0,559908464.0,33.13,33.2,32.25,32.35,-0.9,2938.0
2009-02-13,50,18003971.0,594991613.0,32.6,33.38,32.55,33.28,0.93,3866.0
2009-02-16,50,9793950.0,324940804.0,33.28,33.35,33.03,33.21,-0.07,1900.0
2009-02-17,50,12689906.0,411609666.0,33.0,33.0,32.24,32.44,-0.77,2759.0
2009-02-18,50,13845591.0,445979017.0,32.0,32.55,31.97,32.49,0.05,2361.0
2009-02-19,50,15773103.0,513359347.0,32.18,33.19,31.94,32.92,0.43,3192.0
2009-02-20,50,24949918.0,804606053.0,32.3,32.54,32.0,32.1,-0.82,3537.0
2009-02-23,50,15543062.0,498489060.0,32.06,32.44,31.55,32.44,0.34,2673.0
2009-02-24,50,22068490.0,704643112.0,31.8,32.16,31.66,32.16,-0.28,2915.0
2009-02-25,50,19720712.0,645290676.0,32.5,32.95,32.4,32.74,0.58,3385.0
2009-02-26,50,23682612.0,775935290.0,32.95,33.0,32.56,32.8,0.06,2226.0
2009-02-27,50,11184488.0,367402187.0,32.8,33.05,32.65,33.05,0.25,2071.0
2009-03-02,50,37887897.0,1223621104.0,32.5,32.7,31.75,31.93,-1.12,4254.0
2009-03-03,50,18217467.0,576841197.0,31.6,31.97,31.3,31.95,0.02,2842.0
2009-03-04,50,25654454.0,831906435.0,31.51,32.75,31.51,32.75,0.8,3415.0
2009-03-05,50,22404964.0,747895560.0,33.0,33.7,33.0,33.45,0.7,4891.0
2009-03-06,50,14099290.0,472220050.0,33.0,33.8,33.0,33.67,0.22,3510.0
2009-03-09,50,9876999.0,327593724.0,33.7,33.7,32.97,33.32,-0.35,2093.0
2009-03-10,50,7255410.0,241501388.0,33.19,33.5,33.02,33.48,0.16,1828.0
2009-03-11,50,32179181.0,1098505808.0,34.05,34.3,33.86,34.25,0.77,4928.0
2009-03-12,50,19092669.0,651429373.0,34.25,34.26,33.95,34.05,-0.2,2179.0
2009-03-13,50,41185385.0,1435600695.0,34.55,35.35,34.5,35.0,0.95,6124.0
2009-03-16,50,38807326.0,1370058448.0,35.06,35.62,35.06,35.53,0.53,3872.0
2009-03-17,50,32175828.0,1146991908.0,35.53,36.17,35.3,36.17,0.64,5139.0
2009-03-18,50,21658439.0,782367261.0,36.17,36.31,35.93,36.1,-0.07,3630.0
2009-03-19,50,35460028.0,1287996868.0,36.1,36.59,35.9,35.9,-0.2,3687.0
2009-03-20,50,36247066.0,1291964539.0,35.95,36.1,35.38,35.42,-0.48,2752.0
2009-03-23,50,19452052.0,702953066.0,36.03,36.57,35.78,36.57,1.15,2846.0
2009-03-24,50,25007825.0,932160604.0,37.13,37.5,37.1,37.45,0.88,4204.0
2009-03-25,50,16219465.0,609549680.0,37.3,38.06,37.12,37.82,0.37,3334.0
2009-03-26,50,36796530.0,1396607300.0,38.0,38.33,37.63,38.1,0.28,3479.0
2009-03-27,50,24897514.0,948173128.0,38.3,38.38,37.66,37.77,-0.33,2909.0
2009-03-30,50,33708733.0,1246020510.0,37.55,37.55,36.29,36.29,-1.48,3840.0
2009-03-31,50,16999866.0,626537864.0,36.78,37.24,36.61,36.64,0.35,2757.0
2009-04-01,50,14647309.0,545132265.0,37.09,37.49,36.91,37.29,0.65,2358.0
2009-04-02,50,18662220.0,711310995.0,37.88,38.58,37.81,38.58,1.29,3676.0
2009-04-03,50,18281821.0,706841332.0,38.86,38.86,38.32,38.6,0.02,2713.0
2009-04-06,50,14755939.0,576351773.0,38.8,39.33,38.56,38.79,0.19,3488.0
2009-04-07,50,8732110.0,336112419.0,38.46,38.8,38.2,38.8,0.01,1866.0
2009-04-08,50,35617959.0,1352408366.0,38.33,38.86,37.6,37.73,-1.07,3833.0
2009-04-09,50,24037147.0,932554612.0,38.33,39.33,38.22,39.28,1.55,3546.0
2009-04-10,50,59175989.0,2345288219.0,39.88,40.0,39.28,39.97,0.69,4623.0
2009-04-13,50,24863055.0,995754266.0,40.08,40.24,39.76,40.18,0.21,3068.0
2009-04-14,50,29047337.0,1169416314.0,39.93,40.65,39.55,40.5,0.32,2861.0
2009-04-15,50,20625875.0,829684827.0,40.26,40.46,39.82,40.25,-0.25,2206.0
2009-04-16,50,35688028.0,1468346764.0,41.15,41.35,40.9,41.2,0.95,3314.0
2009-04-17,50,21736966.0,886043242.0,41.51,41.64,39.5,39.88,-1.32,4330.0
2009-04-20,50,20740728.0,832299066.0,39.93,40.5,39.65,40.17,0.29,2360.0
2009-04-21,50,24265872.0,968147629.0,39.77,40.78,39.56,40.78,0.61,2488.0
2009-04-22,50,11746444.0,478018673.0,40.86,40.89,40.53,40.65,-0.13,1587.0
2009-04-23,50,6201761.0,250493506.0,40.51,40.65,39.95,40.46,-0.19,1321.0
2009-04-24,50,7996540.0,325604908.0,40.6,41.12,40.03,40.5,0.04,1847.0
2009-04-27,50,11380113.0,453423820.0,40.5,40.78,39.25,39.52,-0.98,2966.0
2009-04-28,50,10907917.0,429098874.0,39.75,39.97,38.9,39.05,-0.47,2757.0
2009-04-29,50,7095763.0,279112447.0,39.26,39.56,39.08,39.4,0.35,1564.0
2009-04-30,50,37282829.0,1571471228.0,42.15,42.15,42.15,42.15,2.75,2829.0
2009-05-04,50,23147643.0,1043536085.0,45.1,45.1,44.9,45.1,2.95,4065.0
2009-05-05,50,46852135.0,2180733648.0,47.0,47.17,45.85,46.3,1.2,8454.0
2009-05-06,50,31015906.0,1430497019.0,46.03,46.57,45.61,46.4,0.1,5175.0
2009-05-07,50,30899614.0,1424518011.0,46.42,46.5,45.35,46.3,-0.1,4724.0
2009-05-08,50,13589880.0,620434899.0,45.55,45.88,45.35,45.83,-0.47,2548.0
2009-05-11,50,21622221.0,996059236.0,45.8,46.55,45.7,46.2,0.37,2911.0
2009-05-12,50,25408600.0,1137311902.0,45.55,45.6,44.43,44.6,-1.6,4425.0
2009-05-13,50,9836947.0,439732248.0,44.6,44.9,44.52,44.67,0.07,1893.0
2009-05-14,50,15008088.0,657013287.0,43.99,44.07,43.63,43.65,-1.02,3220.0
2009-05-15,50,11766016.0,523695802.0,43.9,44.8,43.9,44.8,1.15,2784.0
2009-05-18,50,9676961.0,432603779.0,44.35,45.13,44.3,45.06,0.26,2318.0
2009-05-19,50,23230041.0,1077909932.0,46.05,46.63,45.71,46.1,1.04,4262.0
2009-05-20,50,14866075.0,686039114.0,46.12,46.61,45.51,46.3,0.2,2771.0
2009-05-21,50,9365991.0,431051506.0,46.16,46.34,45.6,45.95,-0.35,1677.0
2009-05-22,50,16672900.0,766091200.0,45.5,46.29,45.5,45.78,-0.17,1928.0
2009-05-25,50,12512805.0,576265730.0,46.3,46.72,45.5,45.73,-0.05,2067.0
2009-05-26,50,11175227.0,513086271.0,45.68,46.24,45.58,45.6,-0.13,1748.0
2009-05-27,50,29646748.0,1393469812.0,46.1,48.14,46.1,48.0,2.4,4505.0
2009-06-01,50,14150773.0,676282674.0,48.08,48.18,47.52,47.72,-0.28,2144.0
2009-06-02,50,19975861.0,966613838.0,48.15,48.65,47.57,47.85,0.13,3043.0
2009-06-03,50,18431379.0,879319483.0,47.82,47.88,47.51,47.79,-0.06,1808.0
2009-06-04,50,35018336.0,1637766135.0,47.7,47.75,46.33,46.7,-1.09,3116.0
2009-06-05,50,10630805.0,495909680.0,46.79,46.89,46.4,46.62,-0.08,1551.0
2009-06-06,50,6286964.0,293738471.0,46.65,46.9,46.59,46.9,0.28,917.0
2009-06-08,50,9604001.0,444448150.0,47.4,47.4,45.62,45.71,-1.19,2479.0
2009-06-09,50,38549498.0,1720893960.0,45.76,45.76,44.28,44.45,-1.26,4442.0
2009-06-10,50,10718248.0,480222210.0,44.7,45.05,44.46,44.85,0.4,2174.0
2009-06-11,50,20297341.0,908368424.0,44.85,45.3,44.0,45.25,0.4,2340.0
2009-06-12,50,14991023.0,673054101.0,45.26,45.29,44.43,44.66,-0.59,2250.0
2009-06-15,50,22807229.0,987822547.0,44.3,44.3,42.84,43.04,-1.62,4306.0
2009-06-16,50,11294705.0,485907021.0,43.04,43.38,42.7,43.05,0.01,2264.0
2009-06-17,50,13116613.0,565997619.0,43.05,43.49,42.9,42.97,-0.08,2259.0
2009-06-18,50,14377651.0,615443813.0,42.97,43.3,42.4,42.75,-0.22,2451.0
2009-06-19,50,18698242.0,801732721.0,42.75,43.25,42.65,43.25,0.5,1951.0
2009-06-22,50,12238212.0,531945009.0,43.07,44.05,42.8,43.9,0.65,2113.0
2009-06-23,50,12123870.0,520198670.0,42.85,43.1,42.8,42.85,-1.05,2592.0
2009-06-24,50,18179099.0,799896773.0,42.8,45.77,42.73,44.08,1.23,3923.0
2009-06-25,50,12175307.0,541120987.0,44.35,44.79,44.1,44.58,0.5,1785.0
2009-06-26,50,6771809.0,302282354.0,44.75,44.82,44.48,44.6,0.02,1296.0
2009-06-29,50,8184737.0,364122440.0,44.8,44.9,44.09,44.28,-0.32,1530.0
2009-06-30,50,7966972.0,354968737.0,44.88,44.89,44.08,44.46,0.18,1543.0
2009-07-01,50,11821250.0,533591475.0,44.48,45.65,44.45,45.45,0.99,3188.0
2009-07-02,50,9709303.0,444727248.0,45.6,46.0,45.48,45.9,0.45,2031.0
2009-07-03,50,9049299.0,413608782.0,45.45,46.1,45.4,45.8,-0.1,1681.0
2009-07-06,50,10663045.0,486266117.0,45.8,45.9,45.36,45.69,-0.11,1283.0
2009-07-07,50,12661339.0,583974894.0,45.4,46.37,45.4,46.19,0.5,2106.0
2009-07-08,50,11669578.0,532152766.0,45.77,45.86,45.42,45.66,-0.53,1811.0
2009-07-09,50,13116887.0,610022845.0,45.88,46.75,45.8,46.5,0.84,3158.0
2009-07-10,50,14027154.0,652998491.0,46.62,46.88,46.37,46.78,0.28,1436.0
2009-07-13,50,13232100.0,604645479.0,46.75,47.1,45.0,45.3,-1.48,2497.0
2009-07-14,50,4057761.0,185971933.0,45.68,46.19,45.59,46.14,0.84,1129.0
2009-07-15,50,13131382.0,616617627.0,46.37,47.21,46.37,47.05,0.91,2561.0
2009-07-16,50,12526414.0,597143759.0,47.6,47.88,47.21,47.45,0.4,2294.0
2009-07-17,50,8496295.0,405994820.0,47.6,48.07,47.34,47.87,0.42,1884.0
2009-07-20,50,12437824.0,600718523.0,48.42,48.51,47.87,48.5,0.63,2117.0
2009-07-21,50,6921811.0,335543260.0,48.5,48.67,48.05,48.4,-0.1,1644.0
2009-07-22,50,7382453.0,359737204.0,48.7,48.95,48.35,48.48,0.08,1564.0
2009-07-23,50,8035038.0,390105030.0,48.48,48.8,48.0,48.51,0.03,1652.0
2009-07-24,50,8710352.0,424032578.0,48.8,49.0,48.29,48.38,-0.13,1358.0
2009-07-27,50,10514904.0,512140846.0,48.5,49.2,48.41,48.83,0.45,1539.0
2009-07-28,50,12008153.0,594066742.0,48.83,49.78,48.83,49.7,0.87,2128.0
2009-07-29,50,7487888.0,370504031.0,49.7,49.94,49.04,49.35,-0.35,1615.0
2009-07-30,50,8150446.0,396466179.0,49.12,49.2,48.13,48.85,-0.5,1636.0
2009-07-31,50,13207439.0,652064633.0,49.11,49.58,48.95,49.02,0.17,1629.0
2009-08-03,50,11893705.0,581975422.0,49.1,49.25,48.6,49.19,0.17,1065.0
2009-08-04,50,7552461.0,369993719.0,49.58,49.65,48.13,48.65,-0.54,1800.0
2009-08-05,50,7498857.0,362648816.0,48.62,48.96,47.81,48.05,-0.6,2093.0
2009-08-06,50,6637504.0,318686918.0,48.05,48.35,47.66,48.14,0.09,1174.0
2009-08-10,50,7157958.0,345030135.0,48.0,48.44,47.9,48.26,0.12,889.0
2009-08-11,50,7137166.0,343184165.0,48.3,48.5,47.74,48.42,0.16,1097.0
2009-08-12,50,5645854.0,272096309.0,48.2,48.45,48.0,48.25,-0.17,846.0
2009-08-13,50,13621827.0,668178157.0,48.5,49.42,48.4,49.36,1.11,2261.0
2009-08-14,50,18478386.0,919095456.0,49.64,50.1,49.43,49.62,0.26,1905.0
2009-08-17,50,22570351.0,1101893327.0,49.15,49.49,48.6,48.66,-0.96,1900.0
2009-08-18,50,20950047.0,1005713418.0,48.2,48.58,47.53,48.02,-0.64,2544.0
2009-08-19,50,7780974.0,373820562.0,48.23,48.36,47.86,47.86,-0.16,1349.0
2009-08-20,50,9288256.0,440148088.0,47.79,47.87,47.01,47.6,-0.26,1940.0
2009-08-21,50,7217650.0,343735055.0,47.92,48.18,47.03,47.18,-0.42,1691.0
2009-08-24,50,10259690.0,496445409.0,48.0,48.83,47.95,48.7,1.52,2157.0
2009-08-25,50,5041945.0,244372284.0,48.66,48.68,48.25,48.33,-0.37,1199.0
2009-08-26,50,9365364.0,447567460.0,48.37,48.55,47.5,48.0,-0.33,1588.0
2009-08-27,50,7693660.0,367741517.0,47.64,48.08,47.6,47.75,-0.25,1027.0
2009-08-28,50,9282184.0,450711523.0,47.8,48.83,47.8,48.4,0.65,1614.0
2009-08-31,50,5273077.0,255179832.0,48.69,48.84,48.07,48.45,0.05,812.0
2009-09-01,50,17166527.0,850247534.0,48.45,50.2,48.45,50.2,1.75,3360.0
2009-09-02,50,10416765.0,521897631.0,49.7,50.4,49.7,50.2,0.0,1792.0
2009-09-03,50,13229446.0,665856191.0,50.05,50.8,49.85,50.45,0.25,1803.0
2009-09-04,50,16969024.0,862669524.0,50.6,51.15,50.5,51.05,0.6,2171.0
2009-09-07,50,13449317.0,692003607.0,51.15,51.8,51.15,51.8,0.75,1978.0
2009-09-08,50,15603288.0,815190182.0,51.85,52.7,51.35,52.5,0.7,2549.0
2009-09-09,50,8853890.0,463439639.0,52.4,52.55,52.0,52.05,-0.45,1770.0
2009-09-10,50,20983605.0,1118504954.0,54.9,55.0,52.35,52.85,0.8,3063.0
2009-09-11,50,7475377.0,392841781.0,52.5,52.75,52.4,52.5,-0.35,1315.0
2009-09-14,50,12846991.0,667195282.0,52.3,52.55,51.3,51.85,-0.65,1752.0
2009-09-15,50,17322446.0,904640003.0,51.9,52.6,51.8,52.45,0.6,1486.0
2009-09-16,50,16226906.0,860523230.0,52.8,53.3,52.7,53.2,0.75,2015.0
2009-09-17,50,17825771.0,950432697.0,53.5,53.6,53.1,53.15,-0.05,1858.0
2009-09-18,50,14766440.0,785455807.0,52.95,53.4,52.95,53.3,0.15,1272.0
2009-09-21,50,15894130.0,845078236.0,53.3,53.7,52.65,53.15,-0.15,1397.0
2009-09-22,50,8365932.0,444212276.0,53.15,53.25,52.8,52.95,-0.2,972.0
2009-09-23,50,18284646.0,968475516.0,52.9,53.55,52.35,52.7,-0.25,1876.0
2009-09-24,50,13806169.0,721126398.0,52.6,52.7,51.6,52.0,-0.7,2029.0
2009-09-25,50,8704195.0,452734515.0,51.75,52.35,51.6,52.35,0.35,1306.0
2009-09-28,50,4004217.0,207139634.0,52.1,52.2,51.45,51.8,-0.55,1246.0
2009-09-29,50,10111013.0,533229539.0,52.45,53.0,52.4,52.85,1.05,1757.0
2009-09-30,50,11654453.0,622532750.0,52.95,53.85,52.95,53.3,0.45,1850.0
2009-10-01,50,10650749.0,572879549.0,53.8,54.15,53.3,53.65,0.35,1557.0
2009-10-02,50,10643988.0,563040095.0,52.8,53.1,52.6,52.7,-0.95,2008.0
2009-10-05,50,7132816.0,374735599.0,52.7,52.9,52.25,52.65,-0.05,1236.0
2009-10-06,50,10299486.0,549159293.0,52.65,53.65,52.65,53.6,0.95,1947.0
2009-10-07,50,8169365.0,439363310.0,53.9,54.0,53.55,53.9,0.3,1444.0
2009-10-08,50,7843212.0,419634738.0,53.9,54.0,53.0,53.05,-0.85,1598.0
2009-10-09,50,4739377.0,252935855.0,53.3,53.6,53.05,53.35,0.3,1045.0
2009-10-12,50,5733166.0,306040573.0,53.5,53.8,53.0,53.6,0.25,901.0
2009-10-13,50,14658668.0,781240132.0,52.9,53.8,52.8,53.7,0.1,1522.0
2009-10-14,50,14213944.0,770045493.0,53.85,54.45,53.8,54.35,0.65,2078.0
2009-10-15,50,12930481.0,709154854.0,54.95,55.05,54.5,54.65,0.3,2320.0
2009-10-16,50,8121474.0,443340710.0,54.65,54.8,54.45,54.65,0.0,1076.0
2009-10-19,50,7933071.0,433151479.0,54.15,54.85,54.15,54.85,0.2,1142.0
2009-10-20,50,8715743.0,479080382.0,54.95,55.15,54.8,54.9,0.05,1147.0
2009-10-21,50,7140476.0,389352729.0,54.8,54.9,54.25,54.5,-0.4,1073.0
2009-10-22,50,14021949.0,753821146.0,54.2,54.4,53.5,53.7,-0.8,2400.0
2009-10-23,50,10271675.0,546041054.0,53.2,53.35,52.95,53.25,0.0,1242.0
2009-10-26,50,6422423.0,345172668.0,53.65,53.95,53.3,53.5,0.25,1190.0
2009-10-27,50,6731658.0,356978949.0,53.15,53.4,52.75,53.4,-0.1,1482.0
2009-10-28,50,9129825.0,482601925.0,53.1,53.4,52.45,52.55,-0.85,2015.0
2009-10-29,50,22847985.0,1173142795.0,51.8,51.85,50.6,51.55,-1.0,4954.0
2009-10-30,50,12799020.0,662065068.0,51.75,52.0,51.55,51.65,0.1,1916.0
2009-11-02,50,13105691.0,668419482.0,50.8,51.4,50.6,51.35,-0.3,2145.0
2009-11-03,50,4275461.0,218740907.0,51.35,51.4,51.0,51.0,-0.35,1146.0
2009-11-04,50,19136072.0,989972144.0,51.3,52.0,51.3,51.95,0.95,1658.0
2009-11-05,50,12410398.0,643530666.0,51.95,52.1,51.65,51.85,-0.1,1143.0
2009-11-06,50,5784141.0,302364067.0,52.45,52.5,52.0,52.25,0.4,1227.0
2009-11-09,50,4384516.0,231006134.0,52.7,52.85,52.5,52.75,0.5,1040.0
2009-11-10,50,8339003.0,443056202.0,53.0,53.2,53.0,53.15,0.4,1382.0
2009-11-11,50,14294970.0,764646079.0,53.35,53.85,52.9,53.85,0.7,2534.0
2009-11-12,50,3828651.0,206239098.0,53.85,54.05,53.65,53.8,-0.05,1058.0
2009-11-13,50,4730689.0,253689311.0,53.65,53.9,53.4,53.65,-0.15,887.0
2009-11-16,50,10796075.0,585729183.0,53.75,54.55,53.65,54.55,0.9,3016.0
2009-11-17,50,13161548.0,718053492.0,55.2,55.2,54.1,54.1,-0.45,3373.0
2009-11-18,50,5026952.0,272262246.0,54.2,54.35,54.0,54.15,0.05,976.0
2009-11-19,50,4578007.0,247778628.0,54.1,54.3,53.9,53.95,-0.2,837.0
2009-11-20,50,7053982.0,376218731.0,53.55,53.75,53.0,53.45,-0.5,1550.0
2009-11-23,50,2095270.0,111808018.0,53.4,53.45,53.2,53.4,-0.05,644.0
2009-11-24,50,5226902.0,279948341.0,53.5,53.65,53.45,53.65,0.25,859.0
2009-11-25,50,11858860.0,639948721.0,53.35,54.2,53.35,54.0,0.35,1361.0
2009-11-26,50,5997188.0,324098702.0,54.1,54.4,53.7,53.85,-0.15,1037.0
2009-11-27,50,17651113.0,929349770.0,53.05,53.1,52.2,52.2,-1.65,3894.0
2009-11-30,50,6158220.0,324481621.0,52.55,52.85,52.55,52.7,0.5,1340.0
2009-12-01,50,4479180.0,237104431.0,52.7,53.35,52.35,53.25,0.55,1077.0
2009-12-02,50,9878191.0,529005990.0,53.65,53.75,53.35,53.4,0.15,1181.0
2009-12-03,50,9370377.0,501225693.0,53.8,53.8,53.3,53.45,0.05,1030.0
2009-12-04,50,3627800.0,193413463.0,53.3,53.55,53.1,53.1,-0.35,829.0
2009-12-07,50,9005585.0,483113790.0,53.5,54.0,53.4,53.95,0.85,1515.0
2009-12-08,50,4723522.0,253926488.0,54.1,54.1,53.6,53.7,-0.25,641.0
2009-12-09,50,5246892.0,281270418.0,53.6,53.85,53.45,53.85,0.15,690.0
2009-12-10,50,11538754.0,614678330.0,53.85,53.95,52.7,53.0,-0.85,1814.0
2009-12-11,50,9795930.0,523183524.0,53.0,53.85,53.0,53.85,0.85,1120.0
2009-12-14,50,7098851.0,381105083.0,53.2,54.0,53.2,53.9,0.05,1012.0
2009-12-15,50,4718403.0,253851446.0,53.9,54.0,53.65,53.75,-0.15,591.0
2009-12-16,50,9159706.0,487650490.0,53.5,53.6,53.0,53.2,-0.55,1142.0
2009-12-17,50,10499531.0,561821056.0,53.35,53.8,53.15,53.4,0.2,1185.0
2009-12-18,50,8209400.0,436150888.0,53.0,53.3,53.0,53.25,-0.15,955.0
2009-12-21,50,11067346.0,595134758.0,53.65,54.0,53.6,53.7,0.45,1007.0
2009-12-22,50,10901253.0,589693338.0,54.0,54.25,53.85,54.15,0.45,1561.0
2009-12-23,50,22220543.0,1210521937.0,54.2,54.65,54.2,54.55,0.4,2060.0
2009-12-24,50,18336609.0,1009186545.0,54.55,55.2,54.55,55.1,0.55,2900.0
2009-12-25,50,11473082.0,633060105.0,55.2,55.25,55.05,55.2,0.1,1552.0
2009-12-28,50,10020915.0,556439778.0,55.5,55.7,55.3,55.6,0.4,1430.0
2009-12-29,50,7972971.0,442431925.0,55.6,55.6,55.35,55.5,-0.1,928.0
2009-12-30,50,15701984.0,872117848.0,55.5,55.75,55.35,55.7,0.2,1151.0
2009-12-31,50,5817282.0,326366699.0,55.7,56.45,55.7,56.45,0.75,1507.0
2010-01-04,50,20083125.0,1132155005.0,56.45,56.65,56.05,56.5,0.05,1624.0
2010-01-05,50,16453854.0,932015376.0,56.8,56.9,56.15,56.5,0.0,1866.0
2010-01-06,50,19012172.0,1087143829.0,56.5,57.75,56.5,57.55,1.05,2958.0
2010-01-07,50,14110575.0,814344344.0,57.6,58.15,57.3,57.4,-0.15,1846.0
2010-01-08,50,11342752.0,651830965.0,57.3,57.75,57.05,57.75,0.35,1493.0
2010-01-11,50,11581081.0,670025579.0,57.1,58.05,57.1,57.9,0.15,1636.0
2010-01-12,50,7306217.0,420473484.0,57.55,57.85,57.25,57.6,-0.3,1329.0
2010-01-13,50,16686518.0,948986977.0,57.05,57.15,56.7,56.75,-0.85,2021.0
2010-01-14,50,9978365.0,570406499.0,56.8,57.6,56.8,57.45,0.7,1208.0
2010-01-15,50,8425543.0,485743844.0,57.35,57.95,57.35,57.8,0.35,1020.0
2010-01-18,50,5019674.0,288586818.0,57.45,57.7,57.3,57.5,-0.3,767.0
2010-01-19,50,6724054.0,382797005.0,57.5,57.7,56.5,56.75,-0.75,1461.0
2010-01-20,50,23397890.0,1318003114.0,56.8,56.95,56.1,56.4,-0.35,1627.0
2010-01-21,50,13862156.0,776395581.0,56.15,56.4,55.75,55.95,-0.45,1880.0
2010-01-22,50,29477562.0,1612081382.0,55.2,55.2,54.35,54.4,-1.55,3929.0
2010-01-25,50,12845252.0,695785374.0,53.95,54.45,53.8,54.2,-0.2,2147.0
2010-01-26,50,26395774.0,1416284559.0,54.15,54.55,52.75,52.95,-1.25,4558.0
2010-01-27,50,14855839.0,787198926.0,52.95,53.3,52.7,52.9,-0.05,2182.0
2010-01-28,50,12622891.0,676089714.0,53.1,54.2,53.1,54.05,1.15,1822.0
2010-01-29,50,13799786.0,727944433.0,52.95,53.25,52.2,53.0,-1.05,2804.0
2010-02-01,50,19637117.0,1030361997.0,53.15,53.2,51.95,52.4,-0.6,2590.0
2010-02-02,50,11987878.0,625747966.0,52.95,52.95,51.6,51.85,-0.55,2350.0
2010-02-03,50,13598236.0,714184048.0,52.1,52.8,52.05,52.75,0.9,1744.0
2010-02-04,50,5940528.0,312541875.0,52.75,52.85,52.35,52.55,-0.2,982.0
2010-02-05,50,24216962.0,1231585083.0,51.25,51.3,50.5,50.75,-1.8,5321.0
2010-02-06,50,20632533.0,1049372801.0,50.8,51.3,50.3,51.2,0.45,2283.0
2010-02-08,50,18165694.0,924930778.0,51.05,51.2,50.7,50.85,-0.35,1878.0
2010-02-09,50,11269571.0,578396177.0,50.85,51.65,50.75,51.55,0.7,2082.0
2010-02-10,50,11276655.0,586447115.0,51.95,52.25,51.7,52.1,0.55,2214.0
2010-02-22,50,11224937.0,594117801.0,53.05,53.15,52.6,52.6,0.5,2098.0
2010-02-23,50,9598427.0,504580432.0,52.6,52.75,52.2,52.6,0.0,1240.0
2010-02-24,50,11037905.0,577819651.0,52.15,52.55,52.15,52.25,-0.35,1024.0
2010-02-25,50,20470988.0,1062022326.0,52.25,52.3,51.35,51.65,-0.6,2193.0
2010-02-26,50,9391284.0,483837797.0,51.65,51.75,51.2,51.55,-0.1,1366.0
2010-03-01,50,13647130.0,715419506.0,51.5,52.95,51.5,52.8,1.25,2066.0
2010-03-02,50,9997438.0,528112268.0,52.75,53.1,52.55,52.65,-0.15,1225.0
2010-03-03,50,8764746.0,462426932.0,52.7,53.1,52.5,52.65,0.0,1041.0
2010-03-04,50,8149453.0,426373974.0,52.75,52.9,51.8,52.2,-0.45,1295.0
2010-03-05,50,13619167.0,720117212.0,52.85,53.2,52.5,52.95,0.75,1541.0
2010-03-08,50,16985546.0,907762324.0,53.3,53.65,53.25,53.65,0.7,2472.0
2010-03-09,50,7770200.0,417203238.0,53.7,53.8,53.55,53.8,0.15,1070.0
2010-03-10,50,6842414.0,367950915.0,53.85,53.95,53.45,53.8,0.0,1009.0
2010-03-11,50,6657965.0,358344611.0,54.0,54.0,53.5,53.65,-0.15,1013.0
2010-03-12,50,12617367.0,675578756.0,53.7,53.7,53.4,53.6,-0.05,753.0
2010-03-15,50,10347597.0,548486587.0,53.5,53.55,52.7,52.85,-0.75,1374.0
2010-03-16,50,13206323.0,698390628.0,52.8,53.1,52.75,53.1,0.25,869.0
2010-03-17,50,14910569.0,802914397.0,53.45,54.15,53.4,54.15,1.05,2346.0
2010-03-18,50,8609032.0,467282129.0,54.25,54.55,54.05,54.4,0.25,1693.0
2010-03-19,50,5394422.0,292259307.0,54.45,54.45,54.0,54.25,-0.15,926.0
2010-03-22,50,7376253.0,395093362.0,54.0,54.0,53.25,53.7,-0.55,1331.0
2010-03-23,50,8078483.0,432328487.0,53.7,53.8,53.25,53.35,-0.35,1116.0
2010-03-24,50,19134856.0,1025228740.0,53.5,53.75,53.45,53.5,0.15,1050.0
2010-03-25,50,14547242.0,774041367.0,53.35,53.7,52.9,53.5,0.0,1523.0
2010-03-26,50,11520708.0,617381687.0,53.25,54.15,52.9,54.0,0.5,1722.0
2010-03-29,50,16278063.0,885608225.0,54.15,54.55,54.15,54.5,0.5,1980.0
2010-03-30,50,7592145.0,413272436.0,54.5,54.55,54.35,54.45,-0.05,782.0
2010-03-31,50,10909581.0,592799089.0,54.35,54.45,54.2,54.25,-0.2,1245.0
2010-04-01,50,12561233.0,687176060.0,54.25,54.9,54.25,54.75,0.5,1709.0
2010-04-02,50,5653319.0,309707002.0,54.75,54.9,54.65,54.75,0.0,852.0
2010-04-06,50,15860446.0,878633030.0,54.9,55.55,54.9,55.3,0.55,2226.0
2010-04-07,50,6597232.0,365506991.0,55.35,55.5,55.3,55.4,0.1,923.0
2010-04-08,50,9030400.0,498542339.0,55.4,55.5,54.85,55.05,-0.35,1405.0
2010-04-09,50,6178841.0,340098149.0,55.0,55.2,54.8,55.2,0.15,733.0
2010-04-12,50,8812066.0,488117349.0,55.45,55.55,55.2,55.45,0.25,902.0
2010-04-13,50,11543557.0,633544169.0,55.2,55.2,54.6,54.8,-0.65,1112.0
2010-04-14,50,8277800.0,454766244.0,55.0,55.2,54.8,55.2,0.4,825.0
2010-04-15,50,12427363.0,690185306.0,55.35,55.8,55.35,55.55,0.35,1266.0
2010-04-16,50,11167998.0,615453484.0,55.5,55.5,54.9,55.2,-0.35,1118.0
2010-04-19,50,14074788.0,763951383.0,54.65,54.65,53.65,53.65,-1.55,2513.0
2010-04-20,50,6757051.0,364420104.0,53.9,54.1,53.75,53.85,0.2,1054.0
2010-04-21,50,7299746.0,397399540.0,54.15,54.6,54.15,54.55,0.7,993.0
2010-04-22,50,8147167.0,440887478.0,54.2,54.5,53.9,54.45,-0.1,922.0
2010-04-23,50,8918587.0,487267163.0,54.45,54.75,54.45,54.75,0.3,1331.0
2010-04-26,50,11153959.0,620844754.0,55.25,55.9,55.25,55.9,1.15,2162.0
2010-04-27,50,5510962.0,307309125.0,55.9,55.95,55.6,55.85,-0.05,859.0
2010-04-28,50,7436672.0,408343757.0,54.75,55.35,54.55,55.25,-0.6,1336.0
2010-04-29,50,5085679.0,280045157.0,55.25,55.3,54.85,55.0,-0.25,657.0
2010-04-30,50,5323236.0,294390784.0,55.4,55.7,54.7,54.8,-0.2,1128.0
2010-05-03,50,5880214.0,320630347.0,54.5,54.85,54.25,54.45,-0.35,975.0
2010-05-04,50,10132491.0,552286502.0,54.75,54.8,54.2,54.5,0.05,1084.0
2010-05-05,50,20067366.0,1064924964.0,53.4,53.45,52.85,53.0,-1.5,3590.0
2010-05-06,50,30653488.0,1601892614.0,52.95,52.95,51.8,51.95,-1.05,3956.0
2010-05-07,50,28001716.0,1445694259.0,51.3,52.0,51.05,51.95,0.0,3301.0
2010-05-10,50,11114830.0,578961008.0,52.15,52.5,51.85,52.4,0.45,1891.0
2010-05-11,50,9244195.0,485470413.0,52.6,52.8,52.05,52.2,-0.2,1820.0
2010-05-12,50,7850575.0,409831533.0,52.1,52.5,51.95,52.1,-0.1,953.0
2010-05-13,50,8130823.0,430734345.0,52.65,53.4,52.6,53.25,1.15,1679.0
2010-05-14,50,12843843.0,681354548.0,53.05,53.2,52.9,53.1,-0.15,963.0
2010-05-17,50,12090447.0,628968119.0,52.6,52.6,51.7,51.9,-1.2,2360.0
2010-05-18,50,5846434.0,303730047.0,52.1,52.2,51.8,52.0,0.1,1029.0
2010-05-19,50,15988302.0,819466719.0,51.5,51.55,50.95,51.45,-0.55,2807.0
2010-05-20,50,13856441.0,708054765.0,51.45,51.45,50.75,50.8,-0.65,2203.0
2010-05-21,50,29922893.0,1486407923.0,50.0,50.0,49.3,49.75,-1.05,4866.0
2010-05-24,50,6297256.0,316625250.0,49.9,50.55,49.9,50.45,0.7,1667.0
2010-05-25,50,23038218.0,1133837721.0,50.0,50.0,48.65,49.12,-1.33,4756.0
2010-05-26,50,14716336.0,724842670.0,49.74,49.8,49.0,49.32,0.2,2280.0
2010-05-27,50,15866404.0,780824830.0,49.32,49.66,48.75,49.66,0.34,2237.0
2010-05-28,50,9410589.0,470603619.0,50.1,50.3,49.76,49.87,0.21,2219.0
2010-05-31,50,4494253.0,224528644.0,50.0,50.15,49.72,50.1,0.23,1137.0
2010-06-01,50,5340983.0,266323650.0,50.0,50.2,49.6,49.83,-0.27,1366.0
2010-06-02,50,8608494.0,425075982.0,49.52,49.83,48.8,49.05,-0.78,1985.0
2010-06-03,50,5437137.0,272097302.0,49.8,50.2,49.75,50.2,1.15,1512.0
2010-06-04,50,3336979.0,166897096.0,50.2,50.2,49.94,50.05,-0.15,613.0
2010-06-07,50,15955142.0,773811848.0,48.85,48.85,48.3,48.74,-1.31,3896.0
2010-06-08,50,6856351.0,332880063.0,48.7,48.7,48.31,48.56,-0.18,1739.0
2010-06-09,50,7602297.0,366848778.0,48.5,48.65,47.95,48.18,-0.38,2345.0
2010-06-10,50,5685546.0,275853354.0,48.18,48.89,48.18,48.85,0.67,1462.0
2010-06-11,50,5728310.0,284381414.0,49.69,49.76,49.46,49.62,0.77,1817.0
2010-06-14,50,5855818.0,294057725.0,50.2,50.4,50.05,50.35,0.73,1489.0
2010-06-15,50,7668725.0,387384443.0,50.35,51.1,50.15,50.7,0.35,1564.0
2010-06-17,50,5964793.0,304638509.0,51.1,51.25,50.85,51.05,0.35,1361.0
2010-06-18,50,3037985.0,154626975.0,51.05,51.15,50.65,50.9,-0.15,874.0
2010-06-21,50,15785339.0,818409028.0,51.5,52.0,51.35,52.0,1.1,2329.0
2010-06-22,50,5261509.0,272219434.0,51.9,51.9,51.65,51.7,-0.3,794.0
2010-06-23,50,7660178.0,392740924.0,51.35,51.5,51.05,51.15,-0.55,948.0
2010-06-24,50,5788482.0,296866719.0,51.15,51.4,51.1,51.3,0.15,683.0
2010-06-25,50,6622506.0,335766695.0,50.75,51.0,50.5,50.6,-0.7,1417.0
2010-06-28,50,3671696.0,186573946.0,50.7,50.95,50.6,50.8,0.2,528.0
2010-06-29,50,11618887.0,591997338.0,51.0,51.45,50.4,50.5,-0.3,1417.0
2010-06-30,50,13175754.0,651633382.0,49.55,49.69,49.28,49.55,-0.95,2103.0
2010-07-01,50,12171412.0,598925476.0,49.55,49.55,49.01,49.19,-0.36,1673.0
2010-07-02,50,6189985.0,306435885.0,49.1,49.79,49.08,49.49,0.3,1237.0
2010-07-05,50,3757987.0,188215802.0,49.73,50.5,49.6,50.5,1.01,1160.0
2010-07-06,50,9876231.0,501829564.0,50.0,51.4,50.0,51.4,0.9,1664.0
2010-07-07,50,4454538.0,228305197.0,51.35,51.4,51.1,51.3,-0.1,968.0
2010-07-08,50,12063519.0,626395638.0,51.9,52.05,51.65,52.05,0.75,2120.0
2010-07-09,50,8071916.0,421087043.0,51.9,52.4,51.9,52.35,0.3,1379.0
2010-07-12,50,8957644.0,471535888.0,52.4,52.95,52.3,52.3,-0.05,1670.0
2010-07-13,50,5571002.0,291326247.0,52.4,52.6,52.0,52.15,-0.15,873.0
2010-07-14,50,15527125.0,822810995.0,52.9,53.15,52.8,53.15,1.0,2280.0
2010-07-15,50,11031463.0,585963845.0,52.95,53.25,52.8,53.25,0.1,1260.0
2010-07-16,50,9053830.0,479369990.0,53.15,53.15,52.7,52.9,-0.35,954.0
2010-07-19,50,16805234.0,883950631.0,52.25,52.85,52.2,52.75,-0.15,1333.0
2010-07-20,50,8231750.0,436781969.0,52.75,53.35,52.55,53.2,0.45,1335.0
2010-07-21,50,8043673.0,427477948.0,53.2,53.35,52.85,52.9,-0.3,949.0
2010-07-22,50,4262316.0,225261775.0,52.9,53.05,52.6,52.95,0.05,545.0
2010-07-23,50,18699497.0,999076702.0,53.1,53.7,53.1,53.7,0.75,2191.0
2010-07-26,50,9746755.0,524481346.0,53.7,53.95,53.65,53.85,0.15,1174.0
2010-07-27,50,5528824.0,297139847.0,53.9,53.9,53.55,53.6,-0.25,811.0
2010-07-28,50,13670939.0,736377612.0,53.6,54.1,53.5,54.05,0.45,1140.0
2010-07-29,50,10327345.0,557556880.0,53.95,54.15,53.8,54.1,0.05,1045.0
2010-07-30,50,7817682.0,420410866.0,53.9,54.05,53.5,53.9,-0.2,1326.0
2010-08-02,50,12724082.0,697944083.0,54.35,55.2,54.35,54.95,1.05,2608.0
2010-08-03,50,8049682.0,443670275.0,55.05,55.3,54.95,55.2,0.25,1457.0
2010-08-04,50,7131519.0,393332395.0,55.0,55.3,54.95,55.1,-0.1,1079.0
2010-08-05,50,9995481.0,551369712.0,55.25,55.45,54.85,55.05,-0.05,1132.0
2010-08-06,50,11550901.0,636191933.0,54.9,55.25,54.9,55.2,0.15,1030.0
2010-08-09,50,10803836.0,599683827.0,55.1,55.65,55.1,55.5,0.3,1521.0
2010-08-10,50,7592888.0,421039630.0,55.5,55.7,55.2,55.4,-0.1,904.0
2010-08-11,50,5770212.0,316690984.0,55.0,55.2,54.55,54.7,-0.7,1058.0
2010-08-12,50,7186464.0,389834957.0,54.1,54.45,54.0,54.25,-0.45,1297.0
2010-08-13,50,6844263.0,373178144.0,54.3,55.0,54.3,54.85,0.6,863.0
2010-08-16,50,4168210.0,227991817.0,54.45,55.05,54.3,55.0,0.15,676.0
2010-08-17,50,3215750.0,176637550.0,54.85,55.0,54.75,54.95,-0.05,481.0
2010-08-18,50,5574191.0,305424970.0,55.0,55.05,54.4,54.65,-0.3,639.0
2010-08-19,50,3761705.0,205909807.0,54.65,55.0,54.5,54.95,0.3,490.0
2010-08-20,50,5175489.0,283646913.0,54.85,54.95,54.65,54.95,0.0,444.0
2010-08-23,50,7551173.0,417513148.0,54.85,55.6,54.7,55.3,0.35,1030.0
2010-08-24,50,6661090.0,366609963.0,55.0,55.25,54.9,54.95,-0.35,899.0
2010-08-25,50,13856747.0,749592832.0,54.3,54.5,53.85,53.95,-1.0,2076.0
2010-08-26,50,9343642.0,502592295.0,53.9,53.95,53.6,53.6,-0.35,1245.0
2010-08-27,50,8466348.0,454575678.0,53.6,53.9,53.45,53.85,0.25,1000.0
2010-08-30,50,8229849.0,446720885.0,54.3,54.6,53.95,54.1,0.25,1382.0
2010-08-31,50,8911993.0,475561064.0,53.7,53.7,53.15,53.3,-0.8,1801.0
2010-09-01,50,11174161.0,598370607.0,53.5,53.7,53.35,53.7,0.4,1103.0
2010-09-02,50,7071841.0,382172093.0,54.1,54.35,53.8,54.0,0.3,889.0
2010-09-03,50,6121744.0,333094273.0,54.2,54.6,54.1,54.55,0.55,1007.0
2010-09-06,50,10083846.0,553365880.0,54.95,55.0,54.65,54.95,0.4,1117.0
2010-09-07,50,5405515.0,296971175.0,54.95,55.05,54.8,54.85,-0.1,761.0
2010-09-08,50,5636530.0,308092400.0,54.75,54.9,54.45,54.75,-0.1,719.0
2010-09-09,50,3169724.0,173808317.0,54.95,55.0,54.65,54.75,0.0,529.0
2010-09-10,50,6861410.0,378438246.0,55.15,55.3,55.0,55.25,0.5,1016.0
2010-09-13,50,18145999.0,1019516382.0,55.55,56.8,55.55,56.8,1.55,3161.0
2010-09-14,50,15110852.0,859542024.0,56.8,57.0,56.75,57.0,0.2,1876.0
2010-09-15,50,16566902.0,945155564.0,57.0,57.25,56.9,57.25,0.25,1464.0
2010-09-16,50,11750605.0,670177005.0,57.2,57.3,56.65,56.65,-0.6,1268.0
2010-09-17,50,18471577.0,1055933472.0,56.85,57.5,56.85,57.3,0.65,1957.0
2010-09-20,50,6828423.0,390989900.0,57.2,57.45,57.1,57.25,-0.05,941.0
2010-09-21,50,7544449.0,433059967.0,57.6,57.8,57.15,57.35,0.1,1003.0
2010-09-23,50,10459396.0,599196251.0,57.35,57.65,57.1,57.35,0.0,1072.0
2010-09-24,50,5496336.0,313669258.0,57.1,57.3,56.85,57.0,-0.35,807.0
2010-09-27,50,4164919.0,239351891.0,57.5,57.6,57.3,57.5,0.5,853.0
2010-09-28,50,7403054.0,424821093.0,57.15,57.55,57.15,57.4,-0.1,971.0
2010-09-29,50,12166395.0,703291208.0,57.6,58.15,57.5,57.8,0.4,1665.0
2010-09-30,50,6992312.0,403020952.0,57.7,57.8,57.5,57.7,-0.1,988.0
2010-10-01,50,10251240.0,591071233.0,57.9,57.9,57.5,57.75,0.05,676.0
2010-10-04,50,16884537.0,977435810.0,57.85,58.1,57.75,57.75,0.0,1051.0
2010-10-05,50,10535220.0,602863693.0,57.5,57.55,57.05,57.4,-0.35,1195.0
2010-10-06,50,16061514.0,928454412.0,57.9,58.05,57.7,57.75,0.35,1685.0
2010-10-07,50,8858857.0,512636756.0,57.85,57.95,57.7,57.95,0.2,815.0
2010-10-08,50,6653888.0,383702278.0,57.85,57.95,57.45,57.6,-0.35,583.0
2010-10-11,50,8951527.0,513264484.0,57.6,57.6,56.9,56.95,-0.65,966.0
2010-10-12,50,10325566.0,582357271.0,57.0,57.0,56.05,56.2,-0.75,2155.0
2010-10-13,50,4624403.0,260715371.0,56.35,56.55,56.15,56.55,0.35,990.0
2010-10-14,50,8088009.0,464302961.0,56.9,57.7,56.9,57.45,0.9,1534.0
2010-10-15,50,2622520.0,150561344.0,57.5,57.6,57.3,57.35,-0.1,628.0
2010-10-18,50,15668334.0,884763412.0,57.3,57.3,56.15,56.2,-1.15,2275.0
2010-10-19,50,13750940.0,770667917.0,56.2,56.2,55.85,56.05,-0.15,1608.0
2010-10-20,50,12860399.0,723369848.0,55.8,56.7,55.7,56.7,0.65,1584.0
2010-10-21,50,11522575.0,653928650.0,56.8,56.95,56.55,56.75,0.05,964.0
2010-10-22,50,10858325.0,618653016.0,56.75,57.1,56.75,57.1,0.35,1211.0
2010-10-25,50,16646194.0,926060163.0,55.5,56.15,55.1,56.1,0.0,2029.0
2010-10-26,50,8841948.0,496931964.0,56.3,56.35,56.0,56.35,0.25,1091.0
2010-10-27,50,5394936.0,303010188.0,56.5,56.65,55.85,56.05,-0.3,1107.0
2010-10-28,50,4611384.0,259003180.0,56.05,56.5,55.9,56.5,0.45,957.0
2010-10-29,50,7155507.0,401298561.0,56.2,56.35,55.9,56.0,-0.5,1028.0
2010-11-01,50,12732548.0,723720336.0,56.2,57.05,56.2,56.8,0.8,1811.0
2010-11-02,50,5732868.0,325612133.0,56.8,56.9,56.65,56.8,0.0,789.0
2010-11-03,50,13242296.0,751987634.0,56.95,57.1,56.5,56.7,-0.1,1165.0
2010-11-04,50,8072802.0,460577836.0,56.8,57.2,56.8,57.05,0.35,1036.0
2010-11-05,50,18917069.0,1089796929.0,57.55,57.75,57.5,57.65,0.6,1633.0
2010-11-08,50,9801832.0,564458172.0,57.8,57.85,57.45,57.55,-0.1,1002.0
2010-11-09,50,3995547.0,230210197.0,57.55,57.7,57.45,57.7,0.15,653.0
2010-11-10,50,18164969.0,1049072051.0,57.8,57.85,57.6,57.65,-0.05,903.0
2010-11-11,50,8634408.0,497131742.0,57.8,57.8,57.45,57.5,-0.15,662.0
2010-11-12,50,12201162.0,691923634.0,57.25,57.25,56.35,56.35,-1.15,2026.0
2010-11-15,50,7380484.0,414589397.0,56.3,56.3,56.05,56.15,-0.2,1164.0
2010-11-16,50,7063846.0,398490586.0,56.1,56.85,56.1,56.75,0.6,933.0
2010-11-17,50,6157279.0,347068621.0,56.35,56.65,56.15,56.5,-0.25,971.0
2010-11-18,50,2169592.0,122484707.0,56.4,56.6,56.3,56.6,0.1,570.0
2010-11-19,50,3171480.0,179964828.0,56.9,57.15,56.3,56.65,0.05,865.0
2010-11-22,50,5493100.0,314290819.0,56.8,57.5,56.8,57.35,0.7,1005.0
2010-11-23,50,3197414.0,182492494.0,57.35,57.35,56.8,56.9,-0.45,617.0
2010-11-24,50,4847876.0,275688934.0,56.7,57.05,56.65,56.85,-0.05,714.0
2010-11-25,50,3601735.0,205409515.0,56.85,57.15,56.85,57.1,0.25,688.0
2010-11-26,50,4644074.0,264375812.0,57.15,57.15,56.8,56.8,-0.3,809.0
2010-11-29,50,8866180.0,506250160.0,57.1,57.35,56.85,56.9,0.1,1086.0
2010-11-30,50,8006464.0,458479034.0,57.05,57.5,56.95,57.1,0.2,993.0
2010-12-01,50,12684432.0,731551429.0,57.1,58.0,57.1,58.0,0.9,1964.0
2010-12-02,50,12086258.0,707346364.0,58.5,58.7,58.35,58.45,0.45,2447.0
2010-12-03,50,13503527.0,794549793.0,58.6,59.0,58.6,59.0,0.55,2389.0
2010-12-06,50,8952935.0,530331536.0,59.0,59.35,59.0,59.15,0.15,1999.0
2010-12-07,50,5464594.0,322503156.0,59.2,59.2,58.85,59.1,-0.05,1161.0
2010-12-08,50,6037857.0,356733730.0,59.1,59.35,58.95,59.1,0.0,1300.0
2010-12-09,50,10497650.0,625268845.0,59.5,59.8,59.45,59.7,0.6,1523.0
2010-12-10,50,5805796.0,344119654.0,59.6,59.6,59.15,59.3,-0.4,1157.0
2010-12-13,50,5858779.0,348065394.0,59.2,59.5,59.2,59.45,0.15,1190.0
2010-12-14,50,11537399.0,684971795.0,59.25,59.6,59.1,59.3,-0.15,935.0
2010-12-15,50,11414375.0,677636297.0,59.3,59.65,59.15,59.6,0.3,988.0
2010-12-16,50,18627435.0,1112660163.0,59.65,59.85,59.6,59.7,0.1,1516.0
2010-12-17,50,30719311.0,1850508741.0,59.8,60.45,59.8,60.2,0.5,2076.0
2010-12-20,50,13022778.0,779248151.0,60.4,60.4,59.5,59.9,-0.3,1725.0
2010-12-21,50,10194621.0,610080032.0,59.9,60.15,59.65,60.05,0.15,999.0
2010-12-22,50,14734837.0,885524383.0,60.4,60.4,60.0,60.05,0.0,1501.0
2010-12-23,50,16447355.0,993055549.0,60.05,60.55,60.05,60.45,0.4,1547.0
2010-12-24,50,11190254.0,674289696.0,60.45,60.45,60.15,60.2,-0.25,970.0
2010-12-27,50,10376432.0,625717035.0,60.2,60.55,60.0,60.45,0.25,941.0
2010-12-28,50,12716525.0,766791764.0,60.45,60.5,60.1,60.35,-0.1,858.0
2010-12-29,50,15210085.0,917997409.0,60.35,60.5,60.2,60.5,0.15,933.0
2010-12-30,50,5870907.0,355424481.0,60.7,60.8,60.4,60.8,0.3,824.0
2010-12-31,50,13970805.0,853433428.0,60.8,61.4,60.75,61.4,0.6,1726.0
2011-01-03,50,12033427.0,740821161.0,61.6,61.65,61.45,61.45,0.05,1058.0
2011-01-04,50,11093455.0,681759026.0,61.55,61.6,61.3,61.3,-0.15,996.0
2011-01-05,50,20764188.0,1255031256.0,61.1,61.35,59.9,60.3,-1.0,2368.0
2011-01-06,50,6883599.0,413506773.0,60.25,60.3,59.95,60.2,-0.1,896.0
2011-01-07,50,12300875.0,735133600.0,60.25,60.35,59.4,59.65,-0.55,1702.0
2011-01-10,50,4241806.0,253246092.0,59.75,59.9,59.55,59.85,0.2,711.0
2011-01-11,50,12746305.0,771066255.0,59.7,61.0,59.7,60.85,1.0,1484.0
2011-01-12,50,5713284.0,348896066.0,61.0,61.25,60.9,61.1,0.25,995.0
2011-01-13,50,10156962.0,621141415.0,61.25,61.4,60.8,61.05,-0.05,1350.0
2011-01-14,50,7317612.0,446642337.0,60.95,61.1,60.8,61.0,-0.05,477.0
2011-01-17,50,5093719.0,310233887.0,61.15,61.25,60.7,60.85,-0.15,1033.0
2011-01-18,50,9691188.0,592468290.0,60.55,61.55,60.5,61.35,0.5,1145.0
2011-01-19,50,15346271.0,948521929.0,61.35,62.15,61.35,62.05,0.7,1788.0
2011-01-20,50,5216814.0,321861850.0,62.0,62.0,61.6,61.65,-0.4,923.0
2011-01-21,50,11627990.0,708961583.0,61.1,61.45,60.55,61.0,-0.65,1403.0
2011-01-24,50,17731733.0,1081663961.0,61.0,61.2,60.9,60.95,-0.05,789.0
2011-01-25,50,18634469.0,1147594608.0,61.45,61.7,61.4,61.45,0.5,1437.0
2011-01-26,50,20930819.0,1294264613.0,61.45,62.1,61.45,62.0,0.55,1253.0
2011-01-27,50,17156782.0,1071020014.0,62.05,62.7,62.05,62.45,0.45,2070.0
2011-01-28,50,11849231.0,743247153.0,62.5,63.0,62.45,63.0,0.55,1615.0
2011-02-08,50,11116268.0,697462887.0,63.05,63.2,62.4,62.6,-0.4,1530.0
2011-02-09,50,12233389.0,758615054.0,62.5,62.6,61.7,62.0,-0.6,1461.0
2011-02-10,50,22906193.0,1397844338.0,61.6,61.6,60.75,60.85,-1.15,2936.0
2011-02-11,50,43872076.0,2616283272.0,60.4,60.4,58.5,58.9,-1.95,6551.0
2011-02-14,50,11080133.0,657605142.0,59.05,59.65,59.05,59.4,0.5,2112.0
2011-02-15,50,9824500.0,584163585.0,59.4,59.9,58.65,59.75,0.35,1708.0
2011-02-16,50,20565527.0,1232166432.0,59.8,60.1,59.6,59.85,0.1,2034.0
2011-02-17,50,6957416.0,414979580.0,59.75,59.8,59.4,59.65,-0.2,932.0
2011-02-18,50,9831511.0,594817814.0,60.0,60.85,59.95,60.65,1.0,1772.0
2011-02-21,50,14830455.0,898301279.0,60.4,60.8,60.15,60.65,0.0,1247.0
2011-02-22,50,31460697.0,1872707744.0,60.3,60.3,59.3,59.85,-0.8,4044.0
2011-02-23,50,28150332.0,1669981084.0,59.45,59.7,58.8,59.0,-0.85,3513.0
2011-02-24,50,28688789.0,1699444439.0,59.0,59.55,59.0,59.0,0.0,2306.0
2011-02-25,50,34452533.0,2033280317.0,59.3,59.65,58.45,59.5,0.5,2775.0
2011-03-01,50,8004474.0,478921341.0,59.7,60.05,59.5,59.95,0.45,1312.0
2011-03-02,50,22951405.0,1369550526.0,59.45,59.9,59.4,59.45,-0.5,2063.0
2011-03-03,50,28035273.0,1677337723.0,59.55,60.3,59.5,60.2,0.75,2050.0
2011-03-04,50,12108845.0,733065374.0,60.5,60.7,60.4,60.65,0.45,1684.0
2011-03-07,50,14594851.0,877235791.0,60.5,60.5,60.0,60.2,-0.45,1036.0
2011-03-08,50,2590968.0,156203008.0,60.05,60.4,60.05,60.25,0.05,497.0
2011-03-09,50,11164223.0,672707820.0,60.55,60.65,60.0,60.2,-0.05,1133.0
2011-03-10,50,8147795.0,485401841.0,60.15,60.25,59.3,59.5,-0.7,1786.0
2011-03-11,50,22485249.0,1319229731.0,59.05,59.05,58.4,58.85,-0.65,3609.0
2011-03-14,50,28008968.0,1633885762.0,58.6,58.9,57.65,58.8,-0.05,3148.0
2011-03-15,50,62123047.0,3543816348.0,58.7,58.7,55.6,57.5,-1.3,9032.0
2011-03-16,50,20893632.0,1202366209.0,58.0,58.05,57.25,57.3,-0.2,3615.0
2011-03-17,50,20325995.0,1156134694.0,56.8,57.3,56.5,57.3,0.0,2690.0
2011-03-18,50,13046311.0,751747841.0,57.7,57.8,57.35,57.75,0.45,1849.0
2011-03-21,50,18789367.0,1093702948.0,57.9,58.5,57.8,58.1,0.35,2210.0
2011-03-22,50,17030126.0,996809815.0,58.5,58.7,58.35,58.4,0.3,2310.0
2011-03-23,50,13061205.0,763909130.0,58.4,58.65,58.15,58.5,0.1,1335.0
2011-03-24,50,13112684.0,771549906.0,58.85,59.0,58.55,58.75,0.25,1355.0
2011-03-25,50,12811822.0,759378107.0,59.05,59.65,59.05,59.35,0.6,2377.0
2011-03-28,50,6845004.0,404102382.0,59.25,59.3,58.85,59.15,-0.2,991.0
2011-03-29,50,5977627.0,353260287.0,58.9,59.3,58.75,59.25,0.1,1010.0
2011-03-30,50,11142321.0,663979425.0,59.4,59.8,59.25,59.6,0.35,1406.0
2011-03-31,50,8065305.0,479324432.0,59.5,59.7,59.1,59.55,-0.05,932.0
2011-04-01,50,9617427.0,574322326.0,59.6,59.85,59.6,59.85,0.3,1164.0
2011-04-06,50,30707811.0,1869610019.0,60.0,61.4,60.0,61.15,1.3,3989.0
2011-04-07,50,20231471.0,1236839275.0,61.35,61.4,60.95,61.3,0.15,2846.0
2011-04-08,50,11889885.0,728183992.0,61.25,61.5,61.0,61.1,-0.2,1473.0
2011-04-11,50,16414041.0,999423644.0,61.1,61.2,60.75,61.1,0.0,1148.0
2011-04-12,50,14749678.0,887467065.0,60.8,60.8,59.85,60.05,-1.05,2007.0
2011-04-13,50,9151628.0,549444054.0,59.9,60.4,59.75,60.4,0.35,1018.0
2011-04-14,50,5748868.0,346819017.0,60.45,60.7,60.05,60.35,-0.05,1051.0
2011-04-15,50,3910219.0,234240402.0,60.4,60.45,59.6,59.65,-0.7,884.0
2011-04-18,50,5204523.0,310861684.0,59.75,59.95,59.45,59.55,-0.1,833.0
2011-04-19,50,14045591.0,828487193.0,59.35,59.35,58.8,59.2,-0.35,2241.0
2011-04-20,50,11997322.0,720350343.0,59.5,60.35,59.5,60.3,1.1,1726.0
2011-04-21,50,34318593.0,2109853770.0,60.95,61.8,60.95,61.7,1.4,4141.0
2011-04-22,50,22105891.0,1360631513.0,61.8,61.8,61.45,61.6,-0.1,3340.0
2011-04-25,50,26924950.0,1655177571.0,61.9,62.0,61.25,61.45,-0.15,2595.0
2011-04-26,50,23837644.0,1453699517.0,60.9,61.35,60.7,61.2,-0.25,2384.0
2011-04-27,50,46502607.0,2886914483.0,61.75,62.25,61.75,62.15,0.95,3460.0
2011-04-28,50,30767306.0,1914440156.0,62.25,62.5,62.0,62.15,0.0,2312.0
2011-04-29,50,50487944.0,3134706959.0,62.0,62.4,61.65,62.0,-0.15,2559.0
2011-05-03,50,26662296.0,1648530949.0,62.2,62.3,61.5,62.15,0.15,1727.0
2011-05-04,50,19729723.0,1212549276.0,61.6,61.8,61.1,61.8,-0.35,1522.0
2011-05-05,50,22314131.0,1383075601.0,61.4,62.35,61.3,62.25,0.45,2059.0
2011-05-06,50,24042654.0,1488027798.0,61.9,62.05,61.65,61.95,-0.3,2180.0
2011-05-09,50,15561987.0,970800826.0,62.1,62.6,61.9,62.3,0.35,1490.0
2011-05-10,50,8415421.0,523328016.0,62.3,62.3,62.05,62.3,0.0,823.0
2011-05-11,50,9690783.0,602825100.0,62.5,62.5,61.95,62.05,-0.25,1013.0
2011-05-12,50,17883859.0,1106475609.0,61.7,62.4,61.55,62.25,0.2,1815.0
2011-05-13,50,7629363.0,473373975.0,62.25,62.25,61.9,62.05,-0.2,1097.0
2011-05-16,50,16444896.0,1012125325.0,61.95,61.95,61.25,61.3,-0.75,1945.0
2011-05-17,50,16743572.0,1023690753.0,61.2,61.45,60.95,61.25,-0.05,1892.0
2011-05-18,50,5864502.0,359578917.0,61.2,61.6,61.15,61.6,0.35,675.0
2011-05-19,50,17153738.0,1057115739.0,61.6,62.1,61.05,61.05,-0.55,1538.0
2011-05-20,50,15265328.0,934690230.0,61.25,61.5,60.9,61.1,0.05,1903.0
2011-05-23,50,38595445.0,2327332964.0,60.8,60.8,60.0,60.35,-0.75,3025.0
2011-05-24,50,26103703.0,1573207657.0,60.3,60.45,60.05,60.45,0.1,1546.0
2011-05-25,50,22809627.0,1369585578.0,60.1,60.4,59.8,60.25,-0.2,2224.0
2011-05-26,50,7274217.0,439654243.0,60.35,60.85,60.2,60.85,0.6,1141.0
2011-05-27,50,11665509.0,708464510.0,60.65,61.0,60.5,60.6,-0.25,1054.0
2011-05-30,50,10601687.0,640953593.0,60.4,60.75,60.0,60.5,-0.1,882.0
2011-05-31,50,10825421.0,665427980.0,60.8,62.0,60.8,62.0,1.5,1902.0
2011-06-01,50,26708920.0,1662145604.0,62.0,62.45,61.85,62.35,0.35,2626.0
2011-06-02,50,18610346.0,1153779465.0,62.0,62.15,61.8,61.9,-0.45,1823.0
2011-06-03,50,14876730.0,923387845.0,62.0,62.25,61.75,62.2,0.3,855.0
2011-06-07,50,10967505.0,678820155.0,61.9,62.25,61.55,62.2,0.0,807.0
2011-06-08,50,14003014.0,869598964.0,62.05,62.25,61.85,62.0,-0.2,769.0
2011-06-09,50,8665746.0,537319449.0,61.8,62.1,61.8,62.0,0.0,579.0
2011-06-10,50,27188317.0,1664895252.0,62.15,62.2,60.5,60.55,-1.45,2903.0
2011-06-13,50,21849634.0,1309106540.0,60.25,60.25,59.6,59.75,-0.8,3490.0
2011-06-14,50,11523249.0,695092984.0,60.0,60.75,59.8,60.75,1.0,1684.0
2011-06-15,50,11156149.0,670739830.0,60.7,60.7,59.8,60.5,-0.25,1949.0
2011-06-16,50,23032377.0,1370265275.0,59.9,59.9,59.3,59.4,-1.1,3563.0
2011-06-17,50,20766060.0,1230364310.0,59.6,59.7,59.0,59.2,-0.2,2525.0
2011-06-20,50,21506641.0,1267009569.0,59.4,59.5,58.55,58.6,-0.6,2981.0
2011-06-21,50,15219678.0,896563995.0,59.0,59.2,58.65,59.05,0.45,2302.0
2011-06-22,50,11737377.0,694121295.0,59.5,59.5,58.8,59.2,0.15,1549.0
2011-06-23,50,15137694.0,889061409.0,58.95,59.1,58.6,58.65,-0.55,1985.0
2011-06-24,50,27218893.0,1582930930.0,58.7,58.7,58.0,58.2,-0.45,5304.0
2011-06-27,50,27066148.0,1553984167.0,57.5,57.85,57.2,57.8,-0.4,5801.0
2011-06-28,50,11858069.0,686233902.0,58.05,58.15,57.5,57.65,-0.15,2772.0
2011-06-29,50,16310795.0,952014336.0,58.0,58.75,57.9,58.65,1.0,2700.0
2011-06-30,50,8335428.0,490029787.0,58.8,59.0,58.55,58.85,0.2,1761.0
2011-07-01,50,13964925.0,831822233.0,59.2,59.8,59.2,59.7,0.85,3077.0
2011-07-04,50,18908538.0,1135645374.0,59.9,60.2,59.9,60.05,0.35,3528.0
2011-07-05,50,12622302.0,756315191.0,60.0,60.1,59.75,59.95,-0.1,1454.0
2011-07-06,50,13484727.0,816467370.0,60.0,60.7,60.0,60.6,0.65,2587.0
2011-07-07,50,11109299.0,669903957.0,60.7,60.7,60.15,60.35,-0.25,1364.0
2011-07-08,50,14932114.0,899593084.0,60.5,60.7,59.9,60.05,-0.3,1639.0
2011-07-11,50,11993498.0,714982566.0,59.85,59.95,59.4,59.65,-0.4,1856.0
2011-07-12,50,48066193.0,2820748700.0,59.1,59.1,58.45,58.7,-0.95,7229.0
2011-07-13,50,39174515.0,2299380273.0,58.65,59.0,58.45,58.7,0.0,3621.0
2011-07-14,50,39805063.0,2337247970.0,59.0,59.05,58.45,58.9,0.2,3576.0
2011-07-15,50,18410146.0,1085949311.0,59.0,59.25,58.7,59.2,0.3,2571.0
2011-07-18,50,20727359.0,1219849685.0,59.15,59.2,58.4,59.0,-0.2,2301.0
2011-07-19,50,8281788.0,487389392.0,58.85,59.05,58.65,58.9,-0.1,1663.0
2011-07-20,50,18866490.0,1133064951.0,59.5,60.5,59.5,60.45,1.55,4232.0
2011-07-21,50,10880105.0,657752952.0,60.45,60.6,60.35,60.6,0.15,1748.0
2011-07-22,50,22666868.0,1382242149.0,60.85,61.15,60.8,61.0,0.4,2823.0
2011-07-25,50,8426021.0,510022302.0,60.5,60.85,60.2,60.4,-0.6,1591.0
2011-07-26,50,15897776.0,970104530.0,60.5,61.3,60.5,61.2,0.8,2096.0
2011-07-27,50,8730491.0,534834492.0,61.2,61.45,61.05,61.35,0.15,1527.0
2011-07-28,50,12994800.0,789602563.0,60.8,61.0,60.5,60.85,-0.5,1428.0
2011-07-29,50,13902656.0,837041345.0,60.75,60.9,59.9,59.9,-0.95,2361.0
2011-08-01,50,9200229.0,554873879.0,60.5,60.5,60.15,60.35,0.45,1369.0
2011-08-02,50,16233742.0,966367270.0,59.9,59.9,59.4,59.55,-0.8,3306.0
2011-08-03,50,41979794.0,2455504146.0,58.85,58.85,58.2,58.6,-0.95,8155.0
2011-08-04,50,40427944.0,2355742542.0,58.6,58.85,57.8,57.85,-0.75,7316.0
2011-08-05,50,93524542.0,5148697495.0,55.7,55.7,54.45,54.45,-3.4,17533.0
2011-08-08,50,88158917.0,4704480968.0,54.3,54.65,51.4,53.5,-0.95,13690.0
2011-08-09,50,137680501.0,7110075457.0,51.0,53.5,50.4,53.0,-0.5,22250.0
2011-08-10,50,51751032.0,2787726337.0,53.95,54.25,53.4,54.1,1.1,11360.0
2011-08-11,50,35420779.0,1898917302.0,53.2,54.5,52.7,54.1,0.0,7525.0
2011-08-12,50,38053055.0,2056414964.0,54.7,54.85,53.4,53.55,-0.55,6365.0
2011-08-15,50,13373403.0,727558265.0,54.2,54.6,54.1,54.6,1.05,3732.0
2011-08-16,50,14509479.0,791674737.0,54.8,55.0,54.1,54.35,-0.25,3491.0
2011-08-17,50,16712226.0,903174445.0,54.35,54.5,53.8,53.95,-0.4,3199.0
2011-08-18,50,29569057.0,1568453015.0,53.4,53.45,52.65,52.95,-1.0,6953.0
2011-08-19,50,46326897.0,2387285205.0,51.8,51.9,51.1,51.1,-1.85,10323.0
2011-08-22,50,36786479.0,1899902537.0,51.3,52.45,51.05,51.5,0.4,6591.0
2011-08-23,50,25870622.0,1358144498.0,52.1,53.35,51.75,53.3,1.8,5648.0
2011-08-24,50,25953004.0,1369368680.0,53.4,53.4,52.1,52.6,-0.7,5644.0
2011-08-25,50,16449092.0,870083609.0,53.2,53.3,52.35,52.35,-0.25,4069.0
2011-08-26,50,19422473.0,1029089294.0,52.8,53.25,52.6,53.05,0.7,3882.0
2011-08-29,50,21399866.0,1151626604.0,53.1,54.1,53.1,53.8,0.75,4993.0
2011-08-30,50,18853273.0,1020787255.0,54.0,54.4,53.85,54.2,0.4,3354.0
2011-08-31,50,17721803.0,962971059.0,54.1,54.6,53.9,54.55,0.35,3878.0
2011-09-01,50,35887333.0,1996647038.0,55.05,56.1,55.05,55.15,0.6,7452.0
2011-09-02,50,14570110.0,801215449.0,55.15,55.3,54.65,55.15,0.0,3008.0
2011-09-05,50,20965276.0,1125983079.0,53.95,53.95,53.4,53.6,-1.55,5621.0
2011-09-06,50,25736298.0,1358382194.0,53.3,53.35,52.3,52.55,-1.05,7826.0
2011-09-07,50,15671123.0,834398468.0,53.35,53.6,52.9,53.55,1.0,3503.0
2011-09-08,50,14964671.0,805907237.0,54.0,54.15,53.45,53.7,0.15,3393.0
2011-09-09,50,21152336.0,1147000559.0,53.55,54.75,53.55,54.15,0.45,4202.0
2011-09-13,50,26540677.0,1405764911.0,53.6,53.75,52.55,52.65,-1.5,7669.0
2011-09-14,50,40373887.0,2097392679.0,53.15,53.2,51.3,51.6,-1.05,10867.0
2011-09-15,50,26022723.0,1371411369.0,52.7,53.05,52.3,52.85,1.25,5136.0
2011-09-16,50,32473140.0,1752373946.0,53.5,54.15,53.5,54.1,1.25,7576.0
2011-09-19,50,17268247.0,921332283.0,53.85,53.85,53.05,53.2,-0.9,3632.0
2011-09-20,50,18363876.0,975272669.0,53.35,53.7,52.5,53.4,0.2,3904.0
2011-09-21,50,9744591.0,521580417.0,53.4,53.95,53.0,53.6,0.2,2630.0
2011-09-22,50,29986277.0,1562675517.0,52.6,52.6,51.85,52.1,-1.5,9539.0
2011-09-23,50,64025634.0,3218883268.0,50.5,50.85,49.93,50.35,-1.75,18626.0
2011-09-26,50,42234917.0,2104176241.0,50.25,50.3,49.3,49.32,-1.03,12128.0
2011-09-27,50,29804690.0,1515167234.0,50.5,51.15,50.5,51.1,1.78,8296.0
2011-09-28,50,18621269.0,951921671.0,51.2,51.3,50.9,51.15,0.05,4857.0
2011-09-29,50,14168498.0,727089186.0,50.65,51.75,50.6,51.6,0.45,4286.0
2011-09-30,50,11847360.0,610860172.0,51.45,51.9,51.25,51.65,0.05,3030.0
2011-10-03,50,26724933.0,1348925819.0,50.75,51.0,50.15,50.3,-1.35,7241.0
2011-10-04,50,19459519.0,975289258.0,49.9,50.75,49.5,50.75,0.45,5075.0
2011-10-05,50,13795531.0,696382310.0,50.9,50.95,50.2,50.25,-0.5,3858.0
2011-10-06,50,21005701.0,1077779812.0,51.15,51.55,51.0,51.25,1.0,5356.0
2011-10-07,50,18355387.0,951462753.0,51.8,52.15,51.5,51.55,0.3,5557.0
2011-10-11,50,24633728.0,1302666234.0,52.75,53.0,52.7,53.0,1.45,6578.0
2011-10-12,50,10379445.0,548499937.0,52.85,53.1,52.5,52.85,-0.15,3332.0
2011-10-13,50,12110385.0,640452091.0,53.2,53.2,52.65,52.8,-0.05,2737.0
2011-10-14,50,9843797.0,518191057.0,52.6,52.9,52.45,52.45,-0.35,2315.0
2011-10-17,50,12184723.0,647427128.0,53.1,53.45,52.8,53.1,0.65,3377.0
2011-10-18,50,18729818.0,982604433.0,52.5,52.7,52.2,52.55,-0.55,3396.0
2011-10-19,50,15305135.0,804183772.0,52.6,52.75,52.3,52.35,-0.2,2457.0
2011-10-20,50,19221415.0,1000528948.0,52.55,52.65,51.75,51.75,-0.6,4864.0
2011-10-21,50,16993828.0,879234656.0,51.8,51.95,51.55,51.95,0.2,3026.0
2011-10-24,50,27555204.0,1469394216.0,52.45,53.6,52.45,53.6,1.65,6602.0
2011-10-25,50,23610880.0,1265806695.0,53.65,53.7,53.45,53.6,0.0,4519.0
2011-10-26,50,24026648.0,1242830248.0,51.6,52.15,51.3,52.15,0.0,5405.0
2011-10-27,50,23253137.0,1210817761.0,52.15,52.3,51.75,52.25,0.1,3549.0
2011-10-28,50,36429630.0,1926724166.0,53.4,53.45,52.35,52.4,0.15,5670.0
2011-10-31,50,16939650.0,888578737.0,52.8,52.95,52.1,52.2,-0.2,3056.0
2011-11-01,50,10920775.0,572049196.0,52.2,52.85,51.85,52.55,0.35,2708.0
2011-11-02,50,23425870.0,1214957891.0,51.6,52.5,51.45,52.4,-0.15,4930.0
2011-11-03,50,29386123.0,1517921547.0,52.0,52.0,51.45,51.45,-0.95,7694.0
2011-11-04,50,19730524.0,1034982347.0,52.2,52.6,52.1,52.3,0.85,4632.0
2011-11-07,50,5859419.0,306927169.0,52.3,52.55,52.15,52.4,0.1,1403.0
2011-11-08,50,13171890.0,691115178.0,52.4,52.85,52.15,52.15,-0.25,3079.0
2011-11-09,50,9946467.0,520521880.0,52.5,52.6,52.1,52.2,0.05,1825.0
2011-11-10,50,59839061.0,3037844411.0,51.25,51.25,50.2,50.55,-1.65,15853.0
2011-11-11,50,15851515.0,804453382.0,50.65,51.05,50.5,50.9,0.35,4281.0
2011-11-14,50,22866370.0,1190190796.0,51.75,52.25,51.75,52.15,1.25,6327.0
2011-11-15,50,6807952.0,353585075.0,52.05,52.1,51.75,51.85,-0.3,2021.0
2011-11-16,50,20231863.0,1044690193.0,52.15,52.3,51.1,51.2,-0.65,4562.0
2011-11-17,50,16465794.0,838253578.0,50.9,51.35,50.5,51.35,0.15,4331.0
2011-11-18,50,39881720.0,2013948315.0,50.7,50.8,50.25,50.3,-1.05,10948.0
2011-11-21,50,46584537.0,2301241513.0,49.9,49.9,49.12,49.23,-1.07,15116.0
2011-11-22,50,37161151.0,1824551499.0,49.23,49.47,48.83,49.02,-0.21,8220.0
2011-11-23,50,55896531.0,2689306266.0,48.8,48.86,47.7,47.85,-1.17,15485.0
2011-11-24,50,38816971.0,1852249539.0,47.8,48.03,47.28,47.86,0.01,8808.0
2011-11-25,50,31966850.0,1522905936.0,48.24,48.46,47.05,47.44,-0.42,8112.0
2011-11-28,50,17182607.0,825538052.0,48.08,48.3,47.85,48.29,0.85,4460.0
2011-11-29,50,13678906.0,663430312.0,48.75,48.75,48.2,48.72,0.43,4492.0
2011-11-30,50,13561318.0,652493375.0,48.5,48.53,47.75,48.08,-0.64,4175.0
2011-12-01,50,50086140.0,2509004542.0,49.6,50.6,49.6,50.3,2.22,12683.0
2011-12-02,50,11022944.0,549622522.0,50.1,50.25,49.6,49.82,-0.48,3499.0
2011-12-05,50,9432964.0,467489757.0,49.82,49.82,49.2,49.66,-0.16,2772.0
2011-12-06,50,14698444.0,719937774.0,49.5,49.5,48.67,48.69,-0.97,5428.0
2011-12-07,50,15032896.0,739326758.0,49.0,49.33,49.0,49.2,0.51,3116.0
2011-12-08,50,14793377.0,720228258.0,49.01,49.01,48.4,48.86,-0.34,4111.0
2011-12-09,50,18170218.0,877077245.0,48.0,48.63,48.0,48.24,-0.62,5042.0
2011-12-12,50,12180038.0,595325732.0,48.94,49.09,48.63,48.8,0.56,2920.0
2011-12-13,50,9930657.0,480825791.0,48.37,48.78,48.17,48.55,-0.25,2661.0
2011-12-14,50,5907825.0,286097012.0,48.54,48.6,48.17,48.59,0.04,1733.0
2011-12-15,50,21987047.0,1049187245.0,48.01,48.01,47.5,47.5,-1.09,7274.0
2011-12-16,50,15182560.0,723476010.0,47.65,47.81,47.45,47.7,0.2,3098.0
2011-12-19,50,25844334.0,1212666987.0,47.4,47.4,46.61,46.74,-0.96,7347.0
2011-12-20,50,7949766.0,374290634.0,47.05,47.27,46.91,47.0,0.26,2779.0
2011-12-21,50,31925104.0,1563040092.0,48.55,49.3,48.55,49.28,2.28,9985.0
2011-12-22,50,17260445.0,849273785.0,49.27,49.32,48.99,49.16,-0.12,4669.0
2011-12-23,50,28468548.0,1423512510.0,49.89,50.25,49.79,50.0,0.84,8472.0
2011-12-26,50,11437678.0,571147240.0,50.0,50.05,49.8,49.95,-0.05,3007.0
2011-12-27,50,15628151.0,778535955.0,49.85,50.0,49.62,49.85,-0.1,3212.0
2011-12-28,50,13472332.0,669505147.0,49.75,49.87,49.52,49.57,-0.28,2542.0
2011-12-29,50,13638499.0,675607611.0,49.5,49.72,49.22,49.61,0.04,3549.0
2011-12-30,50,19591026.0,975739189.0,50.0,50.15,49.59,49.81,0.2,3238.0
2012-01-02,50,11331613.0,556761325.0,49.45,49.6,48.94,49.06,-0.75,3354.0
2012-01-03,50,19461977.0,968039469.0,49.5,49.95,49.4,49.7,0.64,4056.0
2012-01-04,50,23080541.0,1153014500.0,49.9,50.15,49.78,50.0,0.3,3962.0
2012-01-05,50,21097923.0,1055241766.0,50.1,50.15,49.91,50.15,0.15,2806.0
2012-01-06,50,28343880.0,1418225293.0,50.1,50.25,49.85,50.0,-0.15,2878.0
2012-01-09,50,14067965.0,700803447.0,49.9,49.95,49.63,49.81,-0.19,1838.0
2012-01-10,50,29305530.0,1480714650.0,50.2,50.7,50.2,50.7,0.89,5600.0
2012-01-11,50,13541792.0,686837020.0,50.7,50.8,50.6,50.65,-0.05,2539.0
2012-01-12,50,18821732.0,954956625.0,50.7,50.85,50.5,50.75,0.1,3455.0
2012-01-13,50,39263092.0,2004901637.0,51.15,51.25,50.75,50.85,0.1,7166.0
2012-01-16,50,28879651.0,1450782388.0,51.05,51.1,49.75,50.05,-0.8,4870.0
2012-01-17,50,15798299.0,795641484.0,50.35,50.6,50.1,50.55,0.5,3024.0
2012-01-18,50,12506827.0,631832184.0,50.55,50.75,50.3,50.4,-0.15,3124.0
2012-01-30,50,34218903.0,1780542846.0,51.4,52.3,51.4,51.8,1.4,8214.0
2012-01-31,50,20611434.0,1073539049.0,52.0,52.4,51.75,51.95,0.15,4022.0
2012-02-01,50,24094799.0,1259526696.0,52.2,52.5,52.0,52.3,0.35,3708.0
2012-02-02,50,20429817.0,1078026422.0,52.7,52.95,52.5,52.9,0.6,4181.0
2012-02-03,50,35674566.0,1889356034.0,52.95,53.05,52.75,53.05,0.15,3992.0
2012-02-04,50,35192801.0,1885936513.0,53.35,53.8,53.35,53.65,0.6,6489.0
2012-02-06,50,18164280.0,968437031.0,53.5,53.5,53.15,53.2,-0.45,3632.0
2012-02-07,50,19816410.0,1056101732.0,53.3,53.6,53.05,53.3,0.1,2525.0
2012-02-08,50,39001109.0,2103272489.0,53.5,54.45,53.5,54.45,1.15,5878.0
2012-02-09,50,36139797.0,1956532601.0,54.05,54.4,53.9,54.4,-0.05,3922.0
2012-02-10,50,28591539.0,1549003046.0,54.25,54.55,53.95,53.95,-0.45,2740.0
2012-02-13,50,26861060.0,1452199378.0,54.0,54.35,53.75,54.2,0.25,3974.0
2012-02-14,50,23406458.0,1264230154.0,54.05,54.25,53.6,54.0,-0.2,2127.0
2012-02-15,50,41671754.0,2276165522.0,54.3,55.0,54.2,54.9,0.9,5673.0
2012-02-16,50,22868244.0,1247877661.0,54.65,54.85,54.2,54.25,-0.65,2852.0
2012-02-17,50,35448758.0,1943346075.0,54.8,55.2,54.35,54.75,0.5,3613.0
2012-02-20,50,31809117.0,1739727485.0,54.8,55.05,54.5,54.7,-0.05,2425.0
2012-02-21,50,15255755.0,828325256.0,54.5,54.75,54.0,54.5,-0.2,2499.0
2012-02-22,50,17125114.0,937733078.0,54.3,55.1,54.2,54.85,0.35,3124.0
2012-02-23,50,9186327.0,501209772.0,54.55,54.75,54.4,54.6,-0.25,1027.0
2012-02-24,50,9154405.0,499477298.0,54.6,54.85,54.25,54.75,0.15,1304.0
2012-02-29,50,28925369.0,1612404203.0,55.25,56.0,55.25,56.0,1.25,4957.0
2012-03-01,50,20105093.0,1126509659.0,55.95,56.2,55.85,55.9,-0.1,2732.0
2012-03-02,50,9084860.0,506340458.0,56.0,56.1,55.55,55.6,-0.3,1494.0
2012-03-03,50,9221806.0,510988015.0,55.5,55.55,55.3,55.4,-0.2,1350.0
2012-03-05,50,17881179.0,981912838.0,55.3,55.35,54.8,54.85,-0.55,2770.0
2012-03-06,50,16219461.0,883459834.0,54.9,55.05,54.1,54.6,-0.25,2983.0
2012-03-07,50,11160667.0,605163704.0,54.0,54.5,54.0,54.4,-0.2,1509.0
2012-03-08,50,15208959.0,830033429.0,54.4,54.9,54.15,54.7,0.3,2019.0
2012-03-09,50,12918735.0,708020242.0,54.7,55.05,54.45,54.95,0.25,1680.0
2012-03-12,50,10019478.0,547427578.0,55.0,55.0,54.35,54.35,-0.6,1853.0
2012-03-13,50,18507456.0,1018488014.0,54.6,55.3,54.6,55.1,0.75,2204.0
2012-03-14,50,23963909.0,1341865203.0,56.05,56.2,55.75,55.9,0.8,3640.0
2012-03-15,50,7323511.0,407920549.0,55.75,55.9,55.5,55.65,-0.25,1224.0
2012-03-16,50,8511788.0,472800550.0,55.5,55.7,55.4,55.4,-0.25,1396.0
2012-03-19,50,13386685.0,737058667.0,55.45,55.65,54.8,55.25,-0.15,1368.0
2012-03-20,50,6615005.0,363471565.0,55.35,55.35,54.7,54.85,-0.4,1134.0
2012-03-21,50,7561144.0,415736421.0,54.85,55.2,54.8,54.85,0.0,1125.0
2012-03-22,50,12651661.0,702269084.0,54.95,55.75,54.95,55.6,0.75,2142.0
2012-03-23,50,5429629.0,300934713.0,55.45,55.6,55.3,55.45,-0.15,741.0
2012-03-26,50,9786648.0,535418890.0,55.0,55.25,54.45,54.55,-0.9,2187.0
2012-03-27,50,10106090.0,555806364.0,54.8,55.25,54.75,55.25,0.7,1486.0
2012-03-28,50,12034547.0,667844058.0,55.45,55.85,55.2,55.45,0.2,1798.0
2012-03-29,50,10460778.0,571795790.0,55.2,55.2,54.35,54.7,-0.75,2530.0
2012-03-30,50,8895286.0,485424630.0,54.5,54.9,54.2,54.9,0.2,1591.0
2012-04-02,50,4412958.0,241356540.0,54.9,54.9,54.5,54.7,-0.2,893.0
2012-04-03,50,9361989.0,509304232.0,54.85,54.9,54.1,54.25,-0.45,1851.0
2012-04-05,50,14638663.0,781567154.0,53.45,53.8,53.05,53.65,-0.6,2882.0
2012-04-06,50,15954729.0,856067866.0,53.6,53.85,53.4,53.75,0.1,2175.0
2012-04-09,50,18841697.0,1001375939.0,53.0,53.5,52.7,53.1,-0.65,2422.0
2012-04-10,50,6629891.0,353297656.0,53.55,53.6,52.9,53.1,0.0,1393.0
2012-04-11,50,12285576.0,652939304.0,52.7,53.45,52.7,53.3,0.2,1502.0
2012-04-12,50,9449544.0,502034848.0,53.05,53.4,52.85,53.35,0.05,1141.0
2012-04-13,50,8534831.0,459862540.0,53.8,54.05,53.65,53.95,0.6,1702.0
2012-04-16,50,5518938.0,296281102.0,53.45,53.8,53.45,53.8,-0.15,1055.0
2012-04-17,50,21792243.0,1160267792.0,53.9,53.9,52.9,52.9,-0.9,2871.0
2012-04-18,50,11436286.0,607456858.0,53.5,53.5,52.95,53.0,0.1,1335.0
2012-04-19,50,9678682.0,511701826.0,53.05,53.2,52.5,53.05,0.05,1843.0
2012-04-20,50,15623013.0,820874795.0,52.9,52.95,52.3,52.35,-0.7,2520.0
2012-04-23,50,18551636.0,966264010.0,52.3,52.4,51.85,52.3,-0.05,2461.0
2012-04-24,50,6802543.0,355503105.0,52.25,52.65,52.05,52.4,0.1,1157.0
2012-04-25,50,3254707.0,171342949.0,52.6,52.8,52.45,52.7,0.3,823.0
2012-04-26,50,5918302.0,310769467.0,52.8,52.85,52.2,52.3,-0.4,1176.0
2012-04-27,50,12943419.0,678336494.0,52.6,53.05,52.1,52.2,-0.1,1786.0
2012-04-30,50,12293303.0,637993243.0,52.1,52.1,51.65,52.05,-0.15,1652.0
2012-05-02,50,12132883.0,642019332.0,52.25,53.35,52.2,53.35,1.3,2402.0
2012-05-03,50,5177566.0,274835367.0,53.25,53.25,52.95,53.1,-0.25,1156.0
2012-05-04,50,11424808.0,605745388.0,52.8,53.3,52.65,53.2,0.1,1363.0
2012-05-07,50,21312453.0,1110096207.0,52.45,52.45,51.85,52.05,-1.15,4255.0
2012-05-08,50,9194107.0,478409512.0,52.2,52.25,51.9,52.05,0.0,1509.0
2012-05-09,50,22880792.0,1179702034.0,51.65,51.85,51.35,51.7,-0.35,2669.0
2012-05-10,50,7132826.0,368954587.0,51.6,52.0,51.55,51.7,0.0,1324.0
2012-05-11,50,29045919.0,1486045592.0,51.6,51.6,51.05,51.15,-0.55,3305.0
2012-05-14,50,10200944.0,521119095.0,51.3,51.3,50.95,51.2,0.05,1571.0
2012-05-15,50,21664396.0,1102135199.0,50.9,51.2,50.55,51.2,0.0,2185.0
2012-05-16,50,32978827.0,1667294077.0,51.0,51.1,50.1,50.2,-1.0,4708.0
2012-05-17,50,7940204.0,401579291.0,50.25,50.85,50.25,50.8,0.6,1754.0
2012-05-18,50,37830294.0,1888228710.0,50.05,50.25,49.62,49.67,-1.13,6960.0
2012-05-21,50,14716016.0,735012862.0,49.95,50.05,49.74,49.95,0.28,2153.0
2012-05-22,50,9359416.0,470511496.0,50.35,50.4,50.05,50.4,0.45,1646.0
2012-05-23,50,23947129.0,1186430016.0,49.9,49.9,49.39,49.49,-0.91,4183.0
2012-05-24,50,12526356.0,617626551.0,49.55,49.69,49.15,49.38,-0.11,2512.0
2012-05-25,50,13503507.0,662903072.0,49.45,49.45,48.95,49.01,-0.37,3488.0
2012-05-28,50,6212453.0,305318995.0,49.01,49.47,48.85,49.47,0.46,1890.0
2012-05-29,50,17147363.0,865103932.0,49.6,50.8,49.6,50.7,1.23,4182.0
2012-05-30,50,11745965.0,587648352.0,50.35,50.35,49.83,50.1,-0.6,3530.0
2012-05-31,50,13194698.0,653341089.0,49.55,50.15,49.24,50.15,0.05,3045.0
2012-06-01,50,13961446.0,689000920.0,49.85,49.85,49.1,49.15,-1.0,4151.0
2012-06-04,50,37179608.0,1775879110.0,48.2,48.2,47.45,47.68,-1.47,10311.0
2012-06-05,50,9722549.0,469561821.0,48.42,48.45,48.04,48.3,0.62,3003.0
2012-06-06,50,5408098.0,262472961.0,48.4,48.72,48.22,48.63,0.33,2064.0
2012-06-07,50,6003935.0,293399154.0,49.1,49.12,48.63,48.74,0.11,2293.0
2012-06-08,50,12950511.0,622569125.0,48.57,48.6,47.9,48.0,-0.74,3336.0
2012-06-11,50,8363770.0,409171910.0,48.86,49.07,48.65,48.99,0.99,2170.0
2012-06-12,50,5161000.0,249848160.0,48.1,48.61,48.1,48.61,-0.38,1314.0
2012-06-13,50,3990825.0,194038682.0,48.61,48.83,48.46,48.71,0.1,1485.0
2012-06-14,50,3406033.0,166321935.0,48.71,49.0,48.63,48.78,0.07,1230.0
2012-06-15,50,6219720.0,305647702.0,48.78,49.4,48.68,49.4,0.62,1968.0
2012-06-18,50,9888425.0,496282665.0,50.4,50.5,50.0,50.2,0.8,3083.0
2012-06-19,50,7268598.0,363095397.0,50.0,50.1,49.86,49.91,-0.29,1385.0
2012-06-20,50,9657087.0,485881114.0,50.15,50.45,50.15,50.45,0.54,2133.0
2012-06-21,50,4587460.0,229558989.0,50.2,50.3,49.88,50.15,-0.3,1334.0
2012-06-22,50,6191984.0,306255391.0,49.2,49.62,49.2,49.56,-0.59,2197.0
2012-06-25,50,7112729.0,349548894.0,49.04,49.29,49.03,49.2,-0.36,1899.0
2012-06-26,50,15276201.0,748240815.0,49.0,49.1,48.85,48.99,-0.21,2307.0
2012-06-27,50,7521013.0,370467369.0,48.88,49.5,48.86,49.45,0.46,1437.0
2012-06-28,50,10454140.0,517726577.0,49.7,49.75,49.43,49.53,0.08,1881.0
2012-06-29,50,13651507.0,681895217.0,49.48,50.3,49.35,50.2,0.67,2362.0
2012-07-02,50,9704279.0,490223065.0,50.5,50.7,50.3,50.6,0.4,2051.0
2012-07-03,50,17112185.0,875605502.0,50.8,51.5,50.75,51.2,0.6,3842.0
2012-07-04,50,9961163.0,513096258.0,51.45,51.75,51.25,51.4,0.2,1955.0
2012-07-05,50,4998944.0,256906705.0,51.45,51.65,51.25,51.3,-0.1,1280.0
2012-07-06,50,11019128.0,563639233.0,51.45,51.55,50.95,51.0,-0.3,1554.0
2012-07-09,50,5879989.0,298939174.0,50.8,51.05,50.65,50.95,-0.05,1268.0
2012-07-10,50,9034377.0,457488655.0,50.95,51.0,50.3,50.4,-0.55,2127.0
2012-07-11,50,4163176.0,209729714.0,50.3,50.55,50.15,50.55,0.15,1032.0
2012-07-12,50,15500042.0,772037145.0,50.45,50.5,49.55,49.65,-0.9,3923.0
2012-07-13,50,7929169.0,392375980.0,49.5,49.7,49.35,49.5,-0.15,1917.0
2012-07-16,50,6443204.0,318754192.0,49.75,49.8,49.25,49.5,0.0,1729.0
2012-07-17,50,6753341.0,336061980.0,49.5,50.05,49.4,49.85,0.35,1513.0
2012-07-18,50,8505798.0,420343047.0,49.8,49.8,49.18,49.2,-0.65,2579.0
2012-07-19,50,7663401.0,383437843.0,49.7,50.3,49.66,50.2,1.0,2686.0
2012-07-20,50,5701139.0,285440454.0,50.15,50.25,49.95,50.15,-0.05,1021.0
2012-07-23,50,14881209.0,731893048.0,49.65,49.7,49.04,49.25,-0.9,4630.0
2012-07-24,50,22240566.0,1089951176.0,49.2,49.2,48.89,49.12,-0.13,3652.0
2012-07-25,50,16634274.0,812608519.0,48.82,49.21,48.51,48.86,-0.26,3469.0
2012-07-26,50,8170426.0,400096247.0,49.33,49.33,48.78,48.94,0.08,2070.0
2012-07-27,50,9753125.0,484417060.0,49.5,49.95,49.35,49.92,0.98,2979.0
2012-07-30,50,10029446.0,504649636.0,50.0,50.55,50.0,50.25,0.33,2671.0
2012-07-31,50,14837371.0,752407676.0,50.5,51.1,50.1,51.1,0.85,3749.0
2012-08-01,50,6881841.0,351450740.0,50.9,51.3,50.8,51.2,0.1,2186.0
2012-08-03,50,5086836.0,258148949.0,50.75,50.9,50.55,50.9,-0.3,1509.0
2012-08-06,50,11035662.0,570636637.0,51.9,52.0,51.45,51.55,0.65,2735.0
2012-08-07,50,4202938.0,216575121.0,51.6,51.65,51.4,51.6,0.05,1604.0
2012-08-08,50,9545045.0,496033404.0,51.95,52.2,51.7,51.75,0.15,2585.0
2012-08-09,50,21225221.0,1115574094.0,52.1,52.9,52.1,52.85,1.1,4939.0
2012-08-10,50,11291279.0,597430859.0,52.85,53.05,52.75,52.8,-0.05,2465.0
2012-08-13,50,15662135.0,831228910.0,53.0,53.25,52.95,53.0,0.2,2697.0
2012-08-14,50,16024047.0,854491801.0,53.1,53.55,53.0,53.25,0.25,2613.0
2012-08-15,50,11946875.0,634681823.0,53.2,53.4,52.95,53.05,-0.2,1776.0
2012-08-16,50,7953827.0,423898219.0,53.1,53.5,53.0,53.2,0.15,1596.0
2012-08-17,50,5270885.0,279669055.0,53.35,53.35,52.95,52.95,-0.25,1068.0
2012-08-20,50,9862178.0,520220603.0,52.85,53.05,52.55,52.8,-0.15,1891.0
2012-08-21,50,27066882.0,1449814703.0,52.95,53.8,52.95,53.4,0.6,3023.0
2012-08-22,50,5560943.0,295805638.0,53.35,53.4,53.0,53.35,-0.05,2065.0
2012-08-23,50,8522486.0,454199582.0,53.2,53.5,53.15,53.3,-0.05,976.0
2012-08-24,50,11023694.0,585207724.0,53.0,53.2,52.95,53.1,-0.2,1213.0
2012-08-27,50,7381834.0,392802836.0,53.45,53.55,53.0,53.2,0.1,1043.0
2012-08-28,50,9135416.0,480748795.0,52.95,52.95,52.45,52.5,-0.7,2474.0
2012-08-29,50,2819315.0,148463319.0,52.4,52.8,52.4,52.7,0.2,767.0
2012-08-30,50,6947921.0,364959725.0,52.45,52.7,52.4,52.55,-0.15,819.0
2012-08-31,50,3002955.0,158160865.0,52.5,52.85,52.45,52.75,0.2,755.0
2012-09-03,50,7153672.0,379685388.0,52.7,53.25,52.7,53.15,0.4,1677.0
2012-09-04,50,7304539.0,387906709.0,53.15,53.3,53.0,53.05,-0.1,787.0
2012-09-05,50,5020171.0,263425938.0,52.9,52.9,52.35,52.35,-0.7,1816.0
2012-09-06,50,5866731.0,305950489.0,52.3,52.5,51.9,52.15,-0.2,1469.0
2012-09-07,50,7668229.0,406456587.0,53.1,53.2,52.8,52.95,0.8,1654.0
2012-09-10,50,8807199.0,468548644.0,52.95,53.35,52.9,53.35,0.4,1494.0
2012-09-11,50,8196917.0,437511851.0,53.35,53.5,53.25,53.3,-0.05,1189.0
2012-09-12,50,21342647.0,1152027183.0,53.75,54.15,53.75,54.05,0.75,3689.0
2012-09-13,50,11501332.0,623340689.0,54.2,54.3,54.05,54.15,0.1,1925.0
2012-09-14,50,35619400.0,1967238249.0,54.8,55.6,54.8,55.5,1.35,6519.0
2012-09-17,50,20149767.0,1120483476.0,55.5,55.8,55.35,55.6,0.1,3678.0
2012-09-18,50,17291813.0,958882636.0,55.5,55.6,55.25,55.4,-0.2,2131.0
2012-09-19,50,20680374.0,1148672138.0,55.45,55.75,55.35,55.65,0.25,2538.0
2012-09-20,50,12362843.0,684405295.0,55.55,55.65,55.1,55.25,-0.4,2088.0
2012-09-21,50,11670115.0,647385703.0,55.35,55.6,55.35,55.45,0.2,1544.0
2012-09-24,50,15113535.0,834210593.0,55.3,55.7,54.95,55.5,0.05,1441.0
2012-09-25,50,7763669.0,430402673.0,55.6,55.65,55.25,55.3,-0.2,1106.0
2012-09-26,50,5912990.0,324390821.0,54.9,55.15,54.75,54.9,-0.4,1406.0
2012-09-27,50,4809219.0,264439783.0,54.8,55.15,54.8,55.1,0.2,1134.0
2012-09-28,50,4580522.0,252268059.0,55.25,55.35,54.8,55.15,0.05,949.0
2012-10-01,50,4006626.0,219963051.0,55.0,55.1,54.75,55.0,-0.15,989.0
2012-10-02,50,6552980.0,361735377.0,55.1,55.35,54.95,55.25,0.25,1438.0
2012-10-03,50,3633269.0,200292280.0,55.25,55.3,54.9,55.0,-0.25,950.0
2012-10-04,50,8104245.0,444745214.0,55.0,55.1,54.5,55.05,0.05,1871.0
2012-10-05,50,11700336.0,645230092.0,55.0,55.3,55.0,55.1,0.05,1497.0
2012-10-08,50,9556106.0,522839691.0,55.0,55.05,54.55,54.65,-0.45,1440.0
2012-10-09,50,8493250.0,463363288.0,54.75,54.75,54.4,54.4,-0.25,1469.0
2012-10-11,50,30659151.0,1639203857.0,53.7,53.7,53.2,53.3,-1.1,4471.0
2012-10-12,50,16268409.0,864868772.0,53.3,53.4,52.9,53.15,-0.15,2406.0
2012-10-15,50,10241646.0,543892789.0,53.05,53.25,53.0,53.25,0.1,1814.0
2012-10-16,50,8036901.0,429366923.0,53.4,53.5,53.3,53.5,0.25,2023.0
2012-10-17,50,16203149.0,867885159.0,53.9,53.9,53.3,53.4,-0.1,2578.0
2012-10-18,50,11622262.0,623288652.0,53.7,53.8,53.45,53.65,0.25,1356.0
2012-10-19,50,16779789.0,892422559.0,53.6,53.6,53.05,53.25,-0.4,2756.0
2012-10-22,50,13005865.0,684719192.0,52.6,52.9,52.4,52.9,-0.35,2780.0
2012-10-23,50,30800049.0,1627934463.0,52.9,53.1,52.65,52.9,0.0,3071.0
2012-10-24,50,18503895.0,939184120.0,50.55,51.0,50.45,51.0,0.0,4736.0
2012-10-25,50,20563120.0,1042608341.0,50.95,50.95,50.45,50.5,-0.5,3878.0
2012-10-26,50,26363027.0,1323238227.0,50.7,50.75,49.87,49.91,-0.59,5996.0
2012-10-29,50,15100152.0,755045077.0,49.99,50.2,49.87,50.0,0.09,4446.0
2012-10-30,50,12686436.0,639301004.0,50.3,50.65,50.2,50.45,0.45,2234.0
2012-10-31,50,6854134.0,345541815.0,50.7,50.7,50.2,50.4,-0.05,1963.0
2012-11-01,50,16368191.0,818678045.0,50.1,50.55,49.6,50.35,-0.05,4165.0
2012-11-02,50,7148546.0,361768393.0,50.7,50.7,50.5,50.7,0.35,1722.0
2012-11-05,50,8125841.0,410259966.0,50.55,50.7,50.3,50.5,-0.2,1684.0
2012-11-06,50,9619098.0,486789898.0,50.65,50.95,50.4,50.9,0.4,1633.0
2012-11-07,50,11045662.0,563105877.0,50.9,51.2,50.65,51.15,0.25,2302.0
2012-11-08,50,9785443.0,495392872.0,50.6,50.75,50.5,50.75,-0.4,1959.0
2012-11-09,50,10005555.0,508918414.0,50.35,51.3,50.25,51.1,0.35,2177.0
2012-11-12,50,7505345.0,383046645.0,51.3,51.3,50.85,50.9,-0.2,2015.0
2012-11-13,50,14839305.0,744808945.0,51.0,51.0,50.0,50.05,-0.85,4737.0
2012-11-14,50,7656400.0,383171812.0,49.95,50.25,49.82,50.15,0.1,2128.0
2012-11-15,50,11845749.0,590222182.0,50.0,50.25,49.5,50.0,-0.15,3427.0
2012-11-16,50,13698858.0,684772855.0,49.95,50.35,49.78,49.94,-0.06,2788.0
2012-11-19,50,4365081.0,219249255.0,50.3,50.35,50.05,50.25,0.31,1287.0
2012-11-20,50,4985835.0,251375954.0,50.7,50.7,50.25,50.35,0.1,1411.0
2012-11-21,50,13326407.0,667474240.0,50.45,50.5,49.7,49.97,-0.38,2986.0
2012-11-22,50,7869548.0,395166379.0,50.3,50.35,50.1,50.2,0.23,1231.0
2012-11-23,50,19224255.0,985123863.0,50.55,51.8,50.5,51.7,1.5,6105.0
2012-11-26,50,13124224.0,684437782.0,51.8,52.3,51.8,52.2,0.5,4681.0
2012-11-27,50,8538125.0,446540215.0,52.2,52.5,52.0,52.4,0.2,2777.0
2012-11-28,50,4523801.0,236735081.0,52.4,52.5,52.2,52.45,0.05,1537.0
2012-11-29,50,19857708.0,1051076324.0,52.65,53.1,52.65,53.1,0.65,4414.0
2012-11-30,50,29758835.0,1591443347.0,53.1,53.7,53.0,53.55,0.45,5492.0
2012-12-03,50,11201079.0,600296733.0,53.55,53.8,53.2,53.5,-0.05,2355.0
2012-12-04,50,10697131.0,569376397.0,53.05,53.45,53.05,53.45,-0.05,1883.0
2012-12-05,50,13587588.0,726432991.0,53.3,53.8,53.1,53.75,0.3,2378.0
2012-12-06,50,11294944.0,605387670.0,53.75,53.75,53.45,53.6,-0.15,1265.0
2012-12-07,50,16314379.0,879442528.0,53.65,54.05,53.65,53.9,0.3,2555.0
2012-12-10,50,9932783.0,534102179.0,53.9,54.05,53.5,53.7,-0.2,1325.0
2012-12-11,50,8904629.0,476963059.0,53.65,53.8,53.3,53.65,-0.05,1489.0
2012-12-12,50,18649618.0,1008894172.0,53.8,54.3,53.8,54.1,0.45,3439.0
2012-12-13,50,22337289.0,1217806436.0,54.3,54.8,54.25,54.7,0.6,3521.0
2012-12-14,50,9058714.0,492300198.0,54.6,54.6,54.2,54.2,-0.5,1973.0
2012-12-17,50,5560398.0,298483207.0,54.2,54.2,53.4,53.5,-0.7,2048.0
2012-12-18,50,6360924.0,340477615.0,53.75,53.75,53.4,53.55,0.05,971.0
2012-12-19,50,4659401.0,250353021.0,53.95,53.95,53.6,53.7,0.15,999.0
2012-12-20,50,7276056.0,387311716.0,53.35,53.5,53.05,53.05,-0.65,1720.0
2012-12-21,50,11689407.0,615644971.0,53.05,53.2,52.4,52.8,-0.25,3397.0
2012-12-22,50,4238584.0,224049465.0,52.6,53.0,52.6,52.95,0.15,1454.0
2012-12-24,50,4391649.0,231942415.0,52.9,53.05,52.65,52.7,-0.25,1036.0
2012-12-25,50,11578037.0,618370432.0,52.75,53.7,52.75,53.6,0.9,2272.0
2012-12-26,50,18127897.0,971241798.0,53.6,53.75,53.4,53.5,-0.1,1633.0
2012-12-27,50,11013548.0,588266868.0,53.2,53.6,53.2,53.45,-0.05,1744.0
2012-12-28,50,19932723.0,1072073599.0,53.7,53.95,53.65,53.8,0.35,2088.0
2013-01-02,50,16487837.0,896311193.0,54.0,54.65,53.9,54.4,0.6,3320.0
2013-01-03,50,29020585.0,1592306381.0,54.9,55.05,54.65,54.85,0.45,5427.0
2013-01-04,50,9837846.0,536506095.0,54.85,54.85,54.4,54.5,-0.35,2058.0
2013-01-07,50,8910880.0,483016448.0,54.55,54.55,53.9,54.25,-0.25,2039.0
2013-01-08,50,12507357.0,673988953.0,54.0,54.2,53.65,53.9,-0.35,1821.0
2013-01-09,50,7529070.0,407184170.0,53.75,54.3,53.75,54.1,0.2,1450.0
2013-01-10,50,13953703.0,760152853.0,54.3,54.65,54.15,54.5,0.4,2121.0
2013-01-11,50,11837820.0,646270933.0,54.7,54.8,54.35,54.45,-0.05,1246.0
2013-01-14,50,7282035.0,393924688.0,54.0,54.5,53.8,54.5,0.05,1728.0
2013-01-15,50,6609521.0,357735290.0,54.2,54.45,53.9,54.0,-0.5,1605.0
2013-01-16,50,8142003.0,438232812.0,54.05,54.05,53.7,53.7,-0.3,1769.0
2013-01-17,50,10084179.0,541562513.0,53.9,54.2,53.2,53.3,-0.4,2611.0
2013-01-18,50,5410035.0,291355474.0,53.95,53.95,53.7,53.95,0.65,1210.0
2013-01-21,50,4525979.0,243871866.0,53.95,54.05,53.55,53.9,-0.05,1007.0
2013-01-22,50,10501391.0,567964392.0,54.3,54.3,53.7,54.05,0.15,1340.0
2013-01-23,50,7266884.0,392940336.0,54.2,54.3,53.9,54.0,-0.05,949.0
2013-01-24,50,11334440.0,608084018.0,53.75,53.9,53.25,53.7,-0.3,2174.0
2013-01-25,50,8521237.0,455161001.0,53.65,53.7,53.2,53.5,-0.2,2047.0
2013-01-28,50,8708776.0,468347261.0,53.7,53.95,53.65,53.75,0.25,1422.0
2013-01-29,50,21973443.0,1191890832.0,53.95,54.5,53.95,54.5,0.75,2958.0
2013-01-30,50,21672090.0,1183403953.0,54.5,54.75,54.45,54.6,0.1,2765.0
2013-01-31,50,12643402.0,688778596.0,54.5,54.6,54.3,54.6,0.0,1555.0
2013-02-01,50,15057838.0,824656103.0,54.7,54.85,54.6,54.8,0.2,2498.0
2013-02-04,50,30980908.0,1709855941.0,54.85,55.4,54.85,55.2,0.4,4899.0
2013-02-05,50,15988259.0,878945424.0,54.9,55.1,54.9,55.0,-0.2,2022.0
2013-02-06,50,29434091.0,1629883506.0,55.2,55.5,55.2,55.4,0.4,3827.0
2013-02-18,50,29739642.0,1655483556.0,55.5,55.9,55.45,55.6,0.2,2829.0
2013-02-19,50,16817277.0,936044921.0,55.6,55.75,55.55,55.65,0.05,1926.0
2013-02-20,50,21814406.0,1223538584.0,55.9,56.2,55.9,56.1,0.45,3536.0
2013-02-21,50,9951139.0,556203668.0,55.9,56.05,55.7,55.7,-0.4,2162.0
2013-02-22,50,9130884.0,507371869.0,55.6,55.85,55.35,55.5,-0.2,1907.0
2013-02-23,50,6375899.0,355758998.0,55.7,55.9,55.65,55.8,0.3,886.0
2013-02-25,50,10431887.0,580781767.0,55.8,55.8,55.55,55.7,-0.1,921.0
2013-02-26,50,6753666.0,372791222.0,55.25,55.4,55.05,55.1,-0.6,1683.0
2013-02-27,50,4605027.0,253713018.0,55.05,55.2,54.95,55.2,0.1,1056.0
2013-03-01,50,5730057.0,317569049.0,55.35,55.55,55.3,55.4,0.2,1133.0
2013-03-04,50,8270213.0,454255027.0,55.4,55.45,54.7,54.75,-0.65,2853.0
2013-03-05,50,16081480.0,884932685.0,54.9,55.35,54.9,55.2,0.45,1337.0
2013-03-06,50,4640574.0,257530596.0,55.7,55.75,55.2,55.45,0.25,1132.0
2013-03-07,50,5956438.0,330452404.0,55.2,55.65,55.2,55.4,-0.05,745.0
2013-03-08,50,12380659.0,690617215.0,55.6,55.9,55.6,55.8,0.4,1795.0
2013-03-11,50,12066208.0,674388210.0,55.8,56.1,55.6,55.9,0.1,1693.0
2013-03-12,50,7442935.0,415510001.0,55.9,56.0,55.55,55.55,-0.35,1267.0
2013-03-13,50,10205851.0,568131569.0,55.6,55.95,55.3,55.65,0.1,1807.0
2013-03-14,50,12133109.0,672910988.0,55.5,55.6,55.35,55.6,-0.05,1722.0
2013-03-15,50,9551506.0,529341414.0,55.6,55.7,55.2,55.2,-0.4,1540.0
2013-03-18,50,13219182.0,721312160.0,55.0,55.0,54.3,54.5,-0.7,4099.0
2013-03-19,50,3373726.0,184302099.0,54.7,54.75,54.5,54.6,0.1,1324.0
2013-03-20,50,8821393.0,479367586.0,54.35,54.55,54.15,54.25,-0.35,2180.0
2013-03-21,50,4929633.0,267993890.0,54.4,54.45,54.25,54.3,0.05,1351.0
2013-03-22,50,8202388.0,445102188.0,54.2,54.35,54.15,54.15,-0.15,1604.0
2013-03-25,50,2648667.0,144567062.0,54.75,54.75,54.45,54.55,0.4,988.0
2013-03-26,50,1956026.0,106683407.0,54.55,54.6,54.45,54.55,0.0,1101.0
2013-03-27,50,4540031.0,248241182.0,54.6,54.85,54.45,54.7,0.15,1056.0
2013-03-28,50,3315710.0,180675642.0,54.7,54.75,54.4,54.55,-0.15,1013.0
2013-03-29,50,5875788.0,322903337.0,54.85,55.15,54.7,55.1,0.55,1463.0
2013-04-01,50,3729172.0,205265726.0,55.1,55.2,54.95,55.0,-0.1,1015.0
2013-04-02,50,4937409.0,271289272.0,55.0,55.1,54.7,54.85,-0.15,1448.0
2013-04-03,50,2925659.0,160975955.0,55.1,55.15,54.9,55.0,0.15,794.0
2013-04-08,50,18559790.0,1002859874.0,54.45,54.5,53.85,53.85,-1.15,5134.0
2013-04-09,50,7681461.0,413470694.0,54.0,54.05,53.6,53.7,-0.15,3301.0
2013-04-10,50,3118305.0,167629813.0,53.75,53.95,53.6,53.8,0.1,1399.0
2013-04-11,50,9842030.0,533757668.0,53.95,54.4,53.95,54.35,0.55,1971.0
2013-04-12,50,2297003.0,124825799.0,54.4,54.5,54.2,54.35,0.0,735.0
2013-04-15,50,4111521.0,221986028.0,54.25,54.35,53.75,53.9,-0.45,1193.0
2013-04-16,50,5150419.0,276686993.0,53.5,54.0,53.45,54.0,0.1,1462.0
2013-04-17,50,4995060.0,269565940.0,54.0,54.1,53.85,53.9,-0.1,902.0
2013-04-18,50,5605761.0,301895347.0,53.55,54.1,53.55,53.85,-0.05,987.0
2013-04-19,50,22459000.0,1237683667.0,54.25,55.5,54.25,55.45,1.6,5315.0
2013-04-22,50,11412387.0,633681675.0,55.55,55.65,55.3,55.4,-0.05,2471.0
2013-04-23,50,3673886.0,202446391.0,55.4,55.4,54.95,55.1,-0.3,1034.0
2013-04-24,50,12432393.0,690770599.0,55.35,55.75,55.25,55.55,0.45,2721.0
2013-04-25,50,11885352.0,661449706.0,55.45,55.75,55.4,55.65,0.1,2194.0
2013-04-26,50,11113050.0,622403221.0,55.8,56.2,55.8,55.85,0.2,2986.0
2013-04-29,50,8140413.0,454738921.0,55.9,56.0,55.75,55.8,-0.05,1781.0
2013-04-30,50,17616881.0,994043474.0,56.25,56.55,56.25,56.4,0.6,3793.0
2013-05-02,50,15919943.0,899914379.0,56.35,56.65,56.35,56.55,0.15,2684.0
2013-05-03,50,13217634.0,751481268.0,56.85,57.0,56.65,56.65,0.1,2300.0
2013-05-06,50,8575588.0,488875027.0,57.0,57.15,56.9,56.9,0.25,2033.0
2013-05-07,50,14262007.0,813797499.0,56.9,57.2,56.8,57.1,0.2,2240.0
2013-05-08,50,21793386.0,1258269249.0,57.2,58.1,57.2,57.85,0.75,4030.0
2013-05-09,50,17797101.0,1037335180.0,58.2,58.45,58.15,58.2,0.35,2954.0
2013-05-10,50,9240965.0,535856639.0,58.1,58.15,57.85,57.9,-0.3,1698.0
2013-05-13,50,6700177.0,387395932.0,57.9,58.0,57.6,57.75,-0.15,1088.0
2013-05-14,50,10934122.0,634102226.0,58.0,58.25,57.75,57.9,0.15,1790.0
2013-05-15,50,11719865.0,678723820.0,58.1,58.1,57.65,57.95,0.05,2143.0
2013-05-16,50,32187846.0,1888455526.0,58.5,58.9,58.4,58.7,0.75,4533.0
2013-05-17,50,8651843.0,506338140.0,58.6,58.7,58.4,58.4,-0.3,1880.0
2013-05-20,50,7993319.0,466046373.0,58.3,58.5,58.1,58.3,-0.1,1449.0
2013-05-21,50,6989772.0,408198029.0,58.35,58.7,58.15,58.3,0.0,1187.0
2013-05-22,50,7429351.0,433863893.0,58.65,58.7,58.2,58.25,-0.05,1176.0
2013-05-23,50,14865840.0,854334512.0,57.9,58.0,57.0,57.0,-1.25,3514.0
2013-05-24,50,6949631.0,395777002.0,57.0,57.2,56.6,56.85,-0.15,1688.0
2013-05-27,50,3285598.0,187924976.0,56.8,57.35,56.8,57.35,0.5,1116.0
2013-05-28,50,2342716.0,134258644.0,57.4,57.45,57.15,57.15,-0.2,754.0
2013-05-29,50,7988608.0,460199379.0,57.35,57.8,57.35,57.65,0.5,1178.0
2013-05-30,50,8823666.0,503172389.0,57.4,57.45,56.85,56.95,-0.7,1746.0
2013-05-31,50,9240119.0,528579918.0,57.5,57.7,56.8,56.95,0.0,1733.0
2013-06-03,50,6538988.0,369199492.0,56.45,56.75,56.25,56.7,-0.25,1775.0
2013-06-04,50,4243204.0,239911728.0,56.7,56.8,56.35,56.6,-0.1,965.0
2013-06-05,50,3459608.0,195736906.0,56.55,56.75,56.35,56.6,0.0,829.0
2013-06-06,50,15077276.0,843973096.0,56.2,56.3,55.75,55.9,-0.7,3594.0
2013-06-07,50,9058196.0,507189027.0,55.95,56.15,55.9,56.05,0.15,1488.0
2013-06-10,50,3505343.0,198281891.0,56.55,56.7,56.4,56.5,0.45,1192.0
2013-06-11,50,4689065.0,264735617.0,56.55,56.65,56.25,56.35,-0.15,997.0
2013-06-13,50,33023834.0,1823370059.0,55.9,55.9,55.0,55.0,-1.35,6985.0
2013-06-14,50,18099232.0,994221942.0,55.15,55.15,54.7,54.8,-0.2,3768.0
2013-06-17,50,5347377.0,294417027.0,54.85,55.15,54.8,55.15,0.35,1799.0
2013-06-18,50,8771556.0,483236999.0,55.15,55.4,54.85,55.4,0.25,1967.0
2013-06-19,50,6076740.0,336207455.0,55.5,55.5,55.15,55.3,-0.1,1057.0
2013-06-20,50,25487892.0,1389253031.0,55.0,55.0,54.2,54.25,-1.05,6014.0
2013-06-21,50,34639623.0,1853783057.0,54.1,54.1,53.25,53.6,-0.65,8449.0
2013-06-24,50,21260360.0,1132613599.0,53.4,53.5,53.1,53.4,-0.2,5098.0
2013-06-25,50,19437447.0,1034612098.0,53.3,53.7,52.95,53.0,-0.4,4591.0
2013-06-26,50,9915925.0,531376780.0,53.6,53.8,53.3,53.7,0.7,3696.0
2013-06-27,50,22275200.0,1205472258.0,54.05,54.35,53.9,54.35,0.65,3704.0
2013-06-28,50,13714432.0,751100239.0,54.4,55.1,54.3,55.1,0.75,3458.0
2013-07-01,50,13788335.0,763383444.0,54.8,55.7,54.8,55.6,0.5,3037.0
2013-07-02,50,4672336.0,259565154.0,55.65,55.75,55.45,55.5,-0.1,1354.0
2013-07-03,50,7004292.0,385469799.0,55.2,55.4,54.85,54.85,-0.65,1985.0
2013-07-04,50,4877072.0,268102694.0,54.9,55.15,54.8,54.95,0.1,1002.0
2013-07-05,50,17674559.0,986410395.0,55.25,56.05,55.2,56.05,1.1,3536.0
2013-07-08,50,8666116.0,477968424.0,56.05,56.05,54.95,55.0,-1.05,2691.0
2013-07-09,50,4074161.0,225977952.0,55.0,55.7,54.95,55.65,0.65,1513.0
2013-07-10,50,9107840.0,510560539.0,55.75,56.3,55.65,55.8,0.15,2369.0
2013-07-11,50,30308916.0,1728349862.0,56.75,57.4,56.7,57.2,1.4,6127.0
2013-07-12,50,12910000.0,739250700.0,57.2,57.4,57.1,57.35,0.15,2398.0
2013-07-15,50,14187888.0,815949882.0,57.35,57.7,57.1,57.5,0.15,2434.0
2013-07-16,50,9554028.0,549362591.0,57.5,57.6,57.35,57.5,0.0,1724.0
2013-07-17,50,12990199.0,747619681.0,57.4,57.75,57.35,57.6,0.1,2110.0
2013-07-18,50,12640447.0,723858943.0,57.6,57.65,57.1,57.2,-0.4,2128.0
2013-07-19,50,24692954.0,1385796832.0,56.9,56.9,55.75,55.95,-1.25,5173.0
2013-07-22,50,5257632.0,295654456.0,56.15,56.4,56.1,56.15,0.2,1382.0
2013-07-23,50,8971869.0,510606898.0,56.5,57.2,56.5,57.05,0.9,2838.0
2013-07-24,50,4960850.0,282334850.0,56.8,57.15,56.8,56.9,-0.15,1618.0
2013-07-25,50,4111707.0,234028765.0,56.8,57.15,56.5,57.0,0.1,1241.0
2013-07-26,50,4896127.0,279404379.0,57.0,57.4,56.7,56.9,-0.1,1011.0
2013-07-29,50,5925434.0,334904486.0,56.7,56.85,56.25,56.5,-0.4,1497.0
2013-07-30,50,10121624.0,576372668.0,56.75,57.15,56.5,56.95,0.45,1249.0
2013-07-31,50,4383656.0,248571828.0,56.95,56.95,56.55,56.6,-0.35,1140.0
2013-08-01,50,7468236.0,420330725.0,56.55,56.65,56.05,56.2,-0.4,1864.0
2013-08-02,50,6840267.0,387353274.0,56.6,57.0,56.35,56.55,0.35,1375.0
2013-08-05,50,2877732.0,162791874.0,56.5,56.8,56.25,56.7,0.15,1074.0
2013-08-06,50,20739753.0,1158970776.0,56.4,56.4,55.75,55.9,-0.8,4604.0
2013-08-07,50,21061146.0,1163901589.0,55.55,55.55,55.1,55.1,-0.8,5564.0
2013-08-08,50,25089681.0,1379035959.0,55.0,55.1,54.8,54.9,-0.2,5058.0
2013-08-09,50,25862360.0,1417930574.0,54.9,55.1,54.65,54.85,-0.05,4143.0
2013-08-12,50,12024912.0,659841614.0,55.0,55.05,54.7,55.0,0.15,2689.0
2013-08-13,50,7627486.0,422919658.0,55.35,55.55,55.3,55.55,0.55,2120.0
2013-08-14,50,11120302.0,614619593.0,55.55,55.55,55.1,55.4,-0.15,2030.0
2013-08-15,50,17432561.0,954337876.0,54.85,55.05,54.5,55.0,-0.4,4363.0
2013-08-16,50,17785551.0,978460432.0,54.65,55.45,54.65,55.25,0.25,2438.0
2013-08-19,50,8438620.0,464099757.0,55.05,55.1,54.85,55.1,-0.15,1631.0
2013-08-20,50,19856498.0,1086946503.0,54.85,55.15,54.5,54.6,-0.5,4055.0
2013-08-22,50,30612447.0,1655599727.0,54.3,54.35,53.85,54.15,-0.45,7481.0
2013-08-23,50,16798781.0,920166255.0,54.5,55.0,54.5,54.85,0.7,3612.0
2013-08-26,50,6650143.0,365856474.0,55.0,55.2,54.75,55.1,0.25,1792.0
2013-08-27,50,7339895.0,402257761.0,55.0,55.0,54.6,54.6,-0.5,1770.0
2013-08-28,50,9583954.0,522647708.0,54.35,54.75,54.3,54.75,0.15,3205.0
2013-08-29,50,12791404.0,708453609.0,54.85,55.6,54.85,55.5,0.75,3687.0
2013-08-30,50,11435856.0,637169530.0,55.6,55.85,55.4,55.85,0.35,2375.0
2013-09-02,50,20804919.0,1168126905.0,55.95,56.4,55.9,56.3,0.45,4386.0
2013-09-03,50,20556239.0,1163846548.0,56.6,56.7,56.4,56.65,0.35,3910.0
2013-09-04,50,10480444.0,591077767.0,56.5,56.6,56.25,56.55,-0.1,1958.0
2013-09-05,50,21411913.0,1215478542.0,56.7,56.95,56.55,56.9,0.35,3594.0
2013-09-06,50,22393275.0,1275634725.0,56.85,57.05,56.85,57.0,0.1,3240.0
2013-09-09,50,17058581.0,973707355.0,57.0,57.3,56.7,57.2,0.2,3490.0
2013-09-10,50,23422376.0,1344057399.0,57.35,57.6,57.15,57.35,0.15,3480.0
2013-09-11,50,20577058.0,1180087008.0,57.5,57.5,57.1,57.5,0.15,3196.0
2013-09-12,50,12988288.0,747456799.0,57.4,57.7,57.3,57.55,0.05,2609.0
2013-09-13,50,5616027.0,321689664.0,57.5,57.6,57.1,57.1,-0.45,1447.0
2013-09-14,50,6236106.0,356165524.0,57.15,57.25,57.05,57.1,0.0,1068.0
2013-09-16,50,14816216.0,856213071.0,57.45,57.95,57.45,57.8,0.7,3739.0
2013-09-17,50,6240628.0,359786428.0,57.5,57.75,57.5,57.75,-0.05,1343.0
2013-09-18,50,14816839.0,855895353.0,57.9,58.0,57.55,57.55,-0.2,1585.0
2013-09-23,50,10272430.0,594937074.0,57.55,58.15,57.5,58.0,0.45,2144.0
2013-09-24,50,10109391.0,585958178.0,58.0,58.1,57.75,58.05,0.05,1246.0
2013-09-25,50,4177369.0,241141358.0,58.0,58.0,57.6,57.8,-0.25,1038.0
2013-09-26,50,4355788.0,249816271.0,57.7,57.8,57.2,57.25,-0.55,1653.0
2013-09-27,50,4768533.0,273846827.0,57.4,57.55,57.35,57.4,0.15,764.0
2013-09-30,50,16694045.0,952581260.0,57.0,57.3,56.75,57.15,-0.25,1620.0
2013-10-01,50,15431775.0,882515976.0,57.0,57.3,57.0,57.15,0.0,1054.0
2013-10-02,50,11303711.0,648114852.0,57.5,57.5,57.25,57.35,0.2,644.0
2013-10-03,50,23774643.0,1387027242.0,57.5,58.8,57.45,58.55,1.2,4248.0
2013-10-04,50,16689318.0,974553372.0,58.5,58.55,58.25,58.45,-0.1,2365.0
2013-10-07,50,4869744.0,282120552.0,58.15,58.15,57.85,57.9,-0.55,1346.0
2013-10-08,50,9440826.0,549339920.0,57.85,58.45,57.8,58.35,0.45,1454.0
2013-10-09,50,6006272.0,349660364.0,58.1,58.35,58.0,58.2,-0.15,1473.0
2013-10-11,50,9045228.0,530474251.0,58.85,58.95,58.4,58.45,0.25,2197.0
2013-10-14,50,6623978.0,385079299.0,58.4,58.4,57.95,58.0,-0.45,1463.0
2013-10-15,50,8042634.0,470229772.0,58.45,58.6,58.3,58.5,0.5,2213.0
2013-10-16,50,7029103.0,410205350.0,58.45,58.6,58.25,58.25,-0.25,1844.0
2013-10-17,50,5062547.0,296652655.0,58.65,58.85,58.45,58.55,0.3,1332.0
2013-10-18,50,14818570.0,872614980.0,58.65,59.1,58.65,59.05,0.5,3248.0
2013-10-21,50,6552193.0,386605237.0,59.05,59.15,58.85,59.0,-0.05,1722.0
2013-10-22,50,7199462.0,424384758.0,58.8,59.1,58.6,59.0,0.0,1907.0
2013-10-23,50,8639415.0,508499416.0,59.1,59.1,58.6,58.7,-0.3,1854.0
2013-10-24,50,7935549.0,455537474.0,57.7,57.7,57.15,57.55,0.0,2173.0
2013-10-25,50,11177175.0,638101042.0,57.35,57.35,56.85,57.1,-0.45,3667.0
2013-10-28,50,6936708.0,398366820.0,57.15,57.65,57.1,57.5,0.4,1736.0
2013-10-29,50,5790985.0,333532119.0,57.45,57.8,57.3,57.75,0.25,1313.0
2013-10-30,50,4375748.0,252901791.0,57.8,57.9,57.65,57.9,0.15,1240.0
2013-10-31,50,6045775.0,349993250.0,57.85,58.05,57.6,57.9,0.0,1492.0
2013-11-01,50,6293364.0,362802228.0,58.0,58.1,57.45,57.6,-0.3,1612.0
2013-11-04,50,6647499.0,380466626.0,57.4,57.4,57.1,57.35,-0.25,2102.0
2013-11-05,50,7879372.0,448706061.0,57.25,57.35,56.75,56.8,-0.55,2598.0
2013-11-06,50,4717161.0,267847827.0,56.8,56.9,56.6,56.8,0.0,1698.0
2013-11-07,50,4901449.0,277659985.0,56.85,56.85,56.5,56.65,-0.15,1630.0
2013-11-08,50,6209803.0,350923675.0,56.6,56.65,56.35,56.45,-0.2,1939.0
2013-11-11,50,8237847.0,463973321.0,56.45,56.5,56.2,56.3,-0.15,2594.0
2013-11-12,50,6243339.0,352233375.0,56.6,56.6,56.2,56.5,0.2,1737.0
2013-11-13,50,17168796.0,960655076.0,56.25,56.3,55.7,55.75,-0.75,4884.0
2013-11-14,50,15583085.0,870463710.0,56.0,56.1,55.65,55.9,0.15,3495.0
2013-11-15,50,12722507.0,714440665.0,56.1,56.35,55.9,56.15,0.25,3079.0
2013-11-18,50,5565731.0,313864114.0,56.35,56.5,56.2,56.45,0.3,1834.0
2013-11-19,50,8478759.0,480733824.0,56.55,56.85,56.55,56.8,0.35,2094.0
2013-11-20,50,9701799.0,548101949.0,56.65,56.7,56.35,56.45,-0.35,2514.0
2013-11-21,50,35062264.0,1947623471.0,56.1,56.1,55.4,55.45,-1.0,9065.0
2013-11-22,50,10937407.0,607995596.0,55.5,55.7,55.5,55.5,0.05,3314.0
2013-11-25,50,10345365.0,582454673.0,56.15,56.5,56.15,56.25,0.75,2827.0
2013-11-26,50,9878559.0,558861474.0,56.0,56.9,56.0,56.7,0.45,2404.0
2013-11-27,50,8118057.0,462140733.0,56.7,57.05,56.65,57.0,0.3,2274.0
2013-11-28,50,11237010.0,644295393.0,57.35,57.45,57.2,57.35,0.35,2803.0
2013-11-29,50,14720545.0,846658034.0,57.35,57.7,57.25,57.55,0.2,2727.0
2013-12-02,50,5600990.0,321900939.0,57.6,57.7,57.35,57.45,-0.1,1672.0
2013-12-03,50,7385103.0,423383862.0,57.35,57.5,57.15,57.5,0.05,1668.0
2013-12-04,50,7401796.0,425548315.0,57.25,57.65,57.2,57.45,-0.05,1972.0
2013-12-05,50,6056780.0,346321000.0,57.45,57.5,57.0,57.1,-0.35,1628.0
2013-12-06,50,4023610.0,230202816.0,57.05,57.4,56.9,57.15,0.05,1266.0
2013-12-09,50,8645140.0,499380365.0,57.55,57.95,57.55,57.65,0.5,2870.0
2013-12-10,50,6866804.0,396596602.0,57.55,57.9,57.55,57.8,0.15,1562.0
2013-12-11,50,10106222.0,585498669.0,57.95,58.3,57.65,57.85,0.05,2213.0
2013-12-12,50,4216323.0,241964618.0,57.6,57.6,57.2,57.4,-0.45,1478.0
2013-12-13,50,5099860.0,292052296.0,57.1,57.4,57.05,57.35,-0.05,1402.0
2013-12-16,50,6971824.0,396351979.0,57.25,57.25,56.7,56.9,-0.45,1845.0
2013-12-17,50,3090413.0,176775069.0,57.15,57.3,57.1,57.2,0.3,907.0
2013-12-18,50,3488194.0,198913319.0,57.2,57.2,56.85,57.0,-0.2,1013.0
2013-12-19,50,6051598.0,347058762.0,57.4,57.5,57.15,57.35,0.35,1163.0
2013-12-20,50,4317836.0,247994045.0,57.35,57.55,57.2,57.45,0.1,890.0
2013-12-23,50,9016858.0,521687914.0,57.55,58.0,57.55,57.85,0.4,2510.0
2013-12-24,50,5052909.0,292130170.0,57.85,57.9,57.7,57.8,-0.05,1644.0
2013-12-25,50,3321019.0,192087677.0,57.9,57.95,57.75,57.85,0.05,914.0
2013-12-26,50,3417207.0,197708261.0,57.85,57.95,57.8,57.85,0.0,636.0
2013-12-27,50,12606977.0,732657190.0,57.8,58.4,57.8,58.3,0.45,3089.0
2013-12-30,50,18118818.0,1064065626.0,58.35,58.95,58.35,58.8,0.5,3293.0
2013-12-31,50,12256516.0,722130011.0,59.05,59.05,58.7,58.7,-0.1,2036.0
2014-01-02,50,10762073.0,629994789.0,58.7,58.75,58.35,58.55,-0.15,2326.0
2014-01-03,50,14509506.0,840196483.0,58.45,58.45,57.7,57.85,-0.7,3606.0
2014-01-06,50,14870810.0,857370777.0,57.75,57.95,57.55,57.7,-0.15,3651.0
2014-01-07,50,13128332.0,758131999.0,57.75,57.9,57.7,57.7,0.0,2582.0
2014-01-08,50,7605215.0,439845285.0,57.7,57.95,57.7,57.8,0.1,1997.0
2014-01-09,50,8571228.0,493178086.0,57.65,57.8,57.4,57.55,-0.25,2329.0
2014-01-10,50,4741624.0,272992903.0,57.5,57.65,57.5,57.55,0.0,1027.0
2014-01-13,50,6179869.0,358200472.0,58.0,58.2,57.8,57.9,0.35,1649.0
2014-01-14,50,4276441.0,246832293.0,57.7,57.85,57.6,57.8,-0.1,1753.0
2014-01-15,50,11675845.0,680334063.0,57.95,58.45,57.95,58.4,0.6,3783.0
2014-01-16,50,12771698.0,749062443.0,58.5,58.75,58.5,58.55,0.15,2648.0
2014-01-17,50,8169584.0,478201524.0,58.6,58.7,58.3,58.65,0.1,2188.0
2014-01-20,50,5627156.0,330310001.0,58.4,58.8,58.4,58.8,0.15,2155.0
2014-01-21,50,6963662.0,408195578.0,58.75,58.85,58.5,58.55,-0.25,984.0
2014-01-22,50,6838219.0,400293473.0,58.45,58.65,58.35,58.65,0.1,2088.0
2014-01-23,50,6904868.0,404192804.0,58.6,58.75,58.35,58.5,-0.15,1588.0
2014-01-24,50,10706035.0,627470683.0,58.3,58.8,58.3,58.65,0.15,1417.0
2014-01-27,50,21325343.0,1228049744.0,58.1,58.2,57.45,57.6,-1.05,5733.0
2014-02-05,50,57559609.0,3221379831.0,56.4,56.4,55.6,55.8,-1.8,14073.0
2014-02-06,50,12853797.0,719872613.0,55.95,56.2,55.8,56.0,0.2,4307.0
2014-02-07,50,16027524.0,906121727.0,56.4,56.7,56.3,56.6,0.6,4581.0
2014-02-10,50,6020179.0,341784486.0,56.9,56.9,56.6,56.6,0.0,2230.0
2014-02-11,50,5582078.0,317077336.0,56.6,56.95,56.6,56.95,0.35,1312.0
2014-02-12,50,18604541.0,1067688348.0,57.15,57.55,57.15,57.55,0.6,3367.0
2014-02-13,50,8235696.0,472958789.0,57.45,57.55,57.35,57.4,-0.15,1407.0
2014-02-14,50,22328857.0,1295999585.0,57.7,58.2,57.7,57.95,0.55,4400.0
2014-02-17,50,15434959.0,896780422.0,58.1,58.25,57.95,57.95,0.0,2094.0
2014-02-18,50,13088686.0,759134214.0,57.95,58.15,57.8,58.15,0.2,2463.0
2014-02-19,50,13366688.0,776753628.0,58.1,58.2,58.05,58.15,0.0,1499.0
2014-02-20,50,13737331.0,793857746.0,58.05,58.05,57.6,57.65,-0.5,1890.0
2014-02-21,50,17317428.0,1009724094.0,58.4,58.45,58.2,58.2,0.55,3615.0
2014-02-24,50,7368063.0,427851584.0,58.4,58.45,57.8,57.9,-0.3,1848.0
2014-02-25,50,8621993.0,500963922.0,58.25,58.25,57.95,58.15,0.25,2155.0
2014-02-26,50,8953651.0,522326087.0,58.0,58.5,57.95,58.4,0.25,1914.0
2014-02-27,50,3676458.0,214534731.0,58.3,58.45,58.3,58.3,-0.1,906.0
2014-03-03,50,8020935.0,463398140.0,57.8,58.15,57.5,57.95,-0.35,1774.0
2014-03-04,50,6185686.0,357739238.0,57.9,58.0,57.7,57.7,-0.25,1815.0
2014-03-05,50,6901618.0,402695756.0,58.2,58.45,58.2,58.3,0.6,2290.0
2014-03-06,50,26226639.0,1543672801.0,58.35,59.2,58.35,59.15,0.85,5539.0
2014-03-07,50,30394804.0,1808621977.0,59.3,59.8,59.3,59.4,0.25,4273.0
2014-03-10,50,7930817.0,468535003.0,59.3,59.4,58.95,59.05,-0.35,2428.0
2014-03-11,50,4967719.0,294581577.0,59.25,59.45,59.15,59.35,0.3,939.0
2014-03-12,50,2671739.0,157215101.0,58.85,59.0,58.75,58.8,-0.55,780.0
2014-03-13,50,25692825.0,1533321519.0,59.25,59.8,59.25,59.75,0.95,5067.0
2014-03-14,50,13449615.0,796078253.0,59.15,59.3,59.1,59.15,-0.6,2387.0
2014-03-17,50,8983182.0,529913736.0,59.15,59.2,58.9,59.05,-0.1,1192.0
2014-03-18,50,14863279.0,882016725.0,59.4,59.5,59.2,59.4,0.35,1425.0
2014-03-19,50,9855394.0,583117233.0,59.4,59.45,58.95,59.25,-0.15,1261.0
2014-03-20,50,18482909.0,1079233363.0,58.7,58.7,58.3,58.5,-0.75,3326.0
2014-03-21,50,4142984.0,242514600.0,58.65,58.65,58.4,58.5,0.0,1093.0
2014-03-24,50,11346270.0,663112880.0,58.45,58.65,58.25,58.65,0.15,1385.0
2014-03-25,50,4915027.0,289304520.0,58.5,59.15,58.5,59.15,0.5,1386.0
2014-03-26,50,9980170.0,594390452.0,59.45,59.7,59.35,59.7,0.55,1903.0
2014-03-27,50,11258157.0,671284506.0,59.5,59.85,59.45,59.8,0.1,1447.0
2014-03-28,50,20164890.0,1208961939.0,59.85,60.1,59.8,59.9,0.1,2586.0
2014-03-31,50,17186901.0,1032021422.0,60.05,60.15,59.9,60.1,0.2,2088.0
2014-04-01,50,28836222.0,1742191068.0,60.25,60.6,60.2,60.6,0.5,3203.0
2014-04-02,50,19104855.0,1164181333.0,60.8,61.15,60.8,60.8,0.2,2138.0
2014-04-03,50,12620330.0,766517855.0,60.8,60.95,60.65,60.65,-0.15,1334.0
2014-04-07,50,11380319.0,687722237.0,60.4,60.5,60.3,60.5,-0.15,1114.0
2014-04-08,50,14011887.0,850681912.0,60.45,60.9,60.45,60.8,0.3,1203.0
2014-04-09,50,12067064.0,736215354.0,60.8,61.1,60.8,61.0,0.2,1546.0
2014-04-10,50,13486974.0,823824535.0,61.25,61.3,60.9,61.2,0.2,1379.0
2014-04-11,50,15019135.0,916078435.0,60.8,61.15,60.8,61.15,-0.05,1216.0
2014-04-14,50,13397003.0,818202956.0,61.1,61.2,60.9,61.05,-0.1,1201.0
2014-04-15,50,13893416.0,852294773.0,61.2,61.45,61.2,61.35,0.3,1536.0
2014-04-16,50,7049691.0,432479784.0,61.35,61.5,61.1,61.3,-0.05,971.0
2014-04-17,50,3531783.0,216347762.0,61.3,61.4,61.1,61.15,-0.15,753.0
2014-04-18,50,7072752.0,436080993.0,61.75,61.9,61.5,61.55,0.4,1010.0
2014-04-21,50,3405648.0,209616454.0,61.45,61.65,61.45,61.55,0.0,723.0
2014-04-22,50,9137755.0,564338510.0,61.55,61.95,61.55,61.75,0.2,1182.0
2014-04-23,50,5487114.0,339123359.0,61.85,62.05,61.5,61.65,-0.1,1009.0
2014-04-24,50,4518205.0,278868794.0,61.7,61.8,61.6,61.75,0.1,635.0
2014-04-25,50,22903168.0,1397360353.0,61.65,61.8,60.6,60.7,-1.05,2363.0
2014-04-28,50,8482863.0,516757486.0,60.3,61.5,60.3,61.25,0.55,1696.0
2014-04-29,50,6518965.0,399867438.0,61.25,61.5,61.1,61.35,0.1,880.0
2014-04-30,50,5598140.0,341881232.0,61.4,61.45,60.8,61.0,-0.35,916.0
2014-05-02,50,7646838.0,469116738.0,61.15,61.65,61.15,61.3,0.3,844.0
2014-05-05,50,6845893.0,419278572.0,61.55,61.6,61.0,61.2,-0.1,704.0
2014-05-06,50,10313513.0,632333847.0,61.5,61.75,61.1,61.55,0.35,1010.0
2014-05-07,50,7877926.0,483709781.0,61.5,61.6,61.2,61.4,-0.15,581.0
2014-05-08,50,3831478.0,236336647.0,61.6,61.85,61.4,61.85,0.45,1143.0
2014-05-09,50,3932389.0,242254650.0,61.7,61.85,61.45,61.45,-0.4,955.0
2014-05-12,50,3933661.0,240843294.0,61.5,61.5,61.1,61.15,-0.3,820.0
2014-05-13,50,5610714.0,345231830.0,61.6,61.75,61.35,61.45,0.3,690.0
2014-05-14,50,10739563.0,662001739.0,61.6,61.8,61.45,61.8,0.35,774.0
2014-05-15,50,8903574.0,549372988.0,61.75,61.85,61.55,61.75,-0.05,756.0
2014-05-16,50,9138648.0,563132512.0,61.65,61.85,61.4,61.85,0.1,784.0
2014-05-19,50,7165881.0,443514372.0,61.85,62.0,61.8,61.85,0.0,768.0
2014-05-20,50,9946886.0,617828250.0,61.9,62.3,61.9,62.1,0.25,1113.0
2014-05-21,50,6524205.0,404622181.0,62.0,62.2,61.75,61.8,-0.3,747.0
2014-05-22,50,14665439.0,914426214.0,62.0,62.65,61.95,62.65,0.85,1617.0
2014-05-23,50,13448718.0,843990036.0,62.85,62.9,62.65,62.75,0.1,935.0
2014-05-26,50,8643880.0,544729767.0,62.85,63.1,62.85,63.05,0.3,1125.0
2014-05-27,50,8034252.0,506976535.0,63.05,63.2,62.95,63.1,0.05,946.0
2014-05-28,50,11647085.0,739627943.0,63.15,63.8,63.15,63.7,0.6,1820.0
2014-05-29,50,9544840.0,606469579.0,63.7,63.7,63.4,63.4,-0.3,1696.0
2014-05-30,50,6715690.0,424930735.0,63.4,63.45,63.1,63.1,-0.3,887.0
2014-06-03,50,5110138.0,322847314.0,63.15,63.45,62.8,63.15,0.05,1121.0
2014-06-04,50,3390223.0,215048603.0,63.4,63.55,63.3,63.4,0.25,662.0
2014-06-05,50,1703159.0,107765689.0,63.3,63.4,63.1,63.4,0.0,582.0
2014-06-06,50,3489349.0,221858785.0,63.65,63.75,63.4,63.55,0.15,574.0
2014-06-09,50,3894834.0,248324441.0,63.6,63.85,63.6,63.8,0.25,694.0
2014-06-10,50,6843134.0,438788203.0,63.85,64.3,63.85,64.2,0.4,1117.0
2014-06-11,50,5038545.0,323020323.0,64.2,64.25,64.05,64.15,-0.05,713.0
2014-06-12,50,4508091.0,288458469.0,64.0,64.1,63.9,64.0,-0.15,748.0
2014-06-13,50,3322318.0,212037312.0,63.9,63.9,63.7,63.85,-0.15,1087.0
2014-06-16,50,2605436.0,166269354.0,63.85,64.0,63.6,63.9,0.05,524.0
2014-06-17,50,3853708.0,247310286.0,63.9,64.45,63.85,64.35,0.45,891.0
2014-06-18,50,9534569.0,614913986.0,64.4,64.8,64.3,64.5,0.15,1414.0
2014-06-19,50,9933277.0,644039025.0,64.65,65.05,64.55,64.95,0.45,1251.0
2014-06-20,50,3557667.0,231006018.0,64.95,65.1,64.7,64.75,-0.2,797.0
2014-06-23,50,13750447.0,891376000.0,64.8,65.0,64.6,64.7,-0.05,921.0
2014-06-24,50,7963338.0,516387730.0,64.85,65.05,64.7,64.8,0.1,1308.0
2014-06-25,50,7516190.0,486230332.0,64.65,64.8,64.6,64.65,-0.15,672.0
2014-06-26,50,9208018.0,600328007.0,64.75,65.4,64.75,65.35,0.7,1318.0
2014-06-27,50,9225169.0,598652694.0,65.35,65.35,64.5,65.35,0.0,754.0
2014-06-30,50,7584505.0,498698481.0,65.3,66.0,65.2,65.95,0.6,1177.0
2014-07-01,50,9614792.0,638500861.0,65.95,66.75,65.85,66.55,0.6,1462.0
2014-07-02,50,11640582.0,780941082.0,66.8,67.55,66.65,67.1,0.55,1872.0
2014-07-03,50,8115059.0,547949873.0,67.1,67.8,66.9,67.7,0.6,1157.0
2014-07-04,50,7081035.0,479383648.0,67.8,67.9,67.35,67.7,0.0,931.0
2014-07-07,50,5515011.0,372244178.0,67.5,67.7,67.3,67.6,-0.1,913.0
2014-07-08,50,5506198.0,373080813.0,67.8,67.9,67.6,67.75,0.15,704.0
2014-07-09,50,3129845.0,211948763.0,67.65,67.85,67.5,67.85,0.1,948.0
2014-07-10,50,5627537.0,384019437.0,67.8,68.45,67.8,68.35,0.5,921.0
2014-07-11,50,7800458.0,533512281.0,68.35,68.7,68.15,68.3,-0.05,1249.0
2014-07-14,50,3077528.0,210968972.0,68.25,68.8,68.25,68.7,0.4,737.0
2014-07-15,50,3956132.0,272690628.0,68.95,69.05,68.75,68.95,0.25,762.0
2014-07-16,50,5002973.0,342670128.0,68.95,69.0,68.1,68.35,-0.6,1349.0
2014-07-17,50,8012978.0,541682841.0,67.95,68.0,67.3,67.5,-0.85,1792.0
2014-07-18,50,6375175.0,429471714.0,67.05,67.6,67.0,67.5,0.0,1111.0
2014-07-21,50,5309448.0,359828487.0,67.75,67.95,67.5,67.5,0.0,976.0
2014-07-22,50,4156126.0,282494220.0,67.7,68.2,67.5,68.1,0.6,742.0
2014-07-24,50,3849330.0,262989852.0,68.3,68.4,68.1,68.4,0.3,632.0
2014-07-25,50,5548433.0,376527742.0,68.4,68.4,67.45,67.65,-0.75,1532.0
2014-07-28,50,2764903.0,186806579.0,67.45,67.8,67.3,67.5,-0.15,857.0
2014-07-29,50,7204003.0,486933644.0,67.75,67.95,67.2,67.45,-0.05,1011.0
2014-07-30,50,2800462.0,189837766.0,67.45,67.95,67.45,67.85,0.4,629.0
2014-07-31,50,11131485.0,745106345.0,67.85,67.85,66.6,66.75,-1.1,2605.0
2014-08-01,50,12831792.0,848041295.0,65.95,66.3,65.9,66.25,-0.5,3119.0
2014-08-04,50,3754385.0,249315257.0,66.2,66.7,66.1,66.6,0.35,1072.0
2014-08-05,50,19581384.0,1283063842.0,66.4,66.4,65.1,65.25,-1.35,4106.0
2014-08-06,50,6860410.0,448796944.0,65.3,65.75,65.05,65.7,0.45,1635.0
2014-08-07,50,6005594.0,394396922.0,65.75,65.9,65.4,65.7,0.0,1323.0
2014-08-08,50,14251196.0,931544993.0,65.45,65.7,65.05,65.7,0.0,2225.0
2014-08-11,50,8083747.0,533527320.0,66.0,66.15,65.75,66.05,0.35,1631.0
2014-08-12,50,4360382.0,288113895.0,66.0,66.3,65.85,66.1,0.05,836.0
2014-08-13,50,5217269.0,346814508.0,66.15,66.75,66.05,66.75,0.65,1141.0
2014-08-14,50,5985133.0,401763575.0,67.0,67.25,66.95,67.1,0.35,1246.0
2014-08-15,50,3889652.0,260576751.0,67.1,67.25,66.75,67.1,0.0,935.0
2014-08-18,50,2431156.0,162445714.0,67.1,67.1,66.6,66.9,-0.2,910.0
2014-08-19,50,6729759.0,454465687.0,67.3,67.75,67.0,67.75,0.85,1666.0
2014-08-20,50,8462251.0,574417268.0,67.7,68.05,67.7,68.0,0.25,1384.0
2014-08-21,50,3052384.0,207352662.0,68.0,68.1,67.8,67.9,-0.1,795.0
2014-08-22,50,7540274.0,517676680.0,68.1,68.95,68.1,68.75,0.85,2159.0
2014-08-25,50,2955425.0,203148149.0,68.75,68.9,68.6,68.65,-0.1,897.0
2014-08-26,50,1734004.0,119061916.0,68.6,68.8,68.55,68.6,-0.05,578.0
2014-08-27,50,7614061.0,526514905.0,68.95,69.4,68.95,69.25,0.65,1820.0
2014-08-28,50,3895335.0,270085459.0,69.25,69.45,69.2,69.35,0.1,864.0
2014-08-29,50,2432166.0,168185827.0,69.05,69.3,68.85,69.2,-0.15,749.0
2014-09-01,50,5273975.0,368028278.0,69.25,69.95,69.25,69.8,0.6,1368.0
2014-09-02,50,17741570.0,1224374868.0,69.7,69.7,68.6,68.75,-1.05,2209.0
2014-09-03,50,6908361.0,478099202.0,68.9,69.45,68.85,69.25,0.5,1423.0
2014-09-04,50,5388338.0,371808093.0,69.0,69.15,68.8,69.0,-0.25,872.0
2014-09-05,50,7409895.0,510544924.0,69.3,69.3,68.65,69.0,0.0,880.0
2014-09-09,50,7410533.0,514362272.0,69.4,69.5,69.25,69.25,0.25,1067.0
2014-09-10,50,17854876.0,1220436449.0,68.95,68.95,68.05,68.65,-0.6,2969.0
2014-09-11,50,8677472.0,595084113.0,68.7,68.7,68.4,68.4,-0.25,1112.0
2014-09-12,50,19509840.0,1323644820.0,68.4,68.4,67.6,67.75,-0.65,2975.0
2014-09-15,50,13125698.0,886657069.0,67.15,67.75,67.15,67.75,0.0,2641.0
2014-09-16,50,18030287.0,1213922825.0,67.65,67.65,67.15,67.2,-0.55,3336.0
2014-09-17,50,16515909.0,1121078885.0,67.5,68.2,67.45,67.7,0.5,2706.0
2014-09-18,50,16231841.0,1100282741.0,67.7,68.05,67.6,67.85,0.15,1734.0
2014-09-19,50,12117026.0,824099798.0,68.2,68.25,67.85,68.0,0.15,1741.0
2014-09-22,50,27057800.0,1807498100.0,67.35,67.35,66.55,66.95,-1.05,4742.0
2014-09-23,50,14803800.0,989664248.0,66.9,67.0,66.65,66.8,-0.15,1711.0
2014-09-24,50,25198120.0,1677321589.0,66.55,66.8,66.3,66.55,-0.25,3106.0
2014-09-25,50,23056032.0,1525231374.0,66.7,66.85,65.7,65.95,-0.6,4105.0
2014-09-26,50,23172009.0,1519722628.0,65.5,65.85,65.25,65.6,-0.35,2671.0
2014-09-29,50,17179426.0,1123942170.0,65.65,65.7,65.2,65.4,-0.2,2407.0
2014-09-30,50,20703888.0,1347528578.0,65.3,65.65,64.65,65.3,-0.1,3436.0
2014-10-01,50,17507959.0,1145739034.0,65.05,65.65,64.85,65.5,0.2,2229.0
2014-10-02,50,11487395.0,750371306.0,65.0,65.75,64.9,65.5,0.0,2169.0
2014-10-03,50,16238916.0,1074509403.0,65.8,66.7,65.6,66.7,1.2,3058.0
2014-10-06,50,6657762.0,442682905.0,66.65,66.7,66.15,66.65,-0.05,1727.0
2014-10-07,50,11314185.0,746517078.0,66.25,66.25,65.7,66.1,-0.55,1766.0
2014-10-08,50,8106253.0,533687033.0,65.8,66.05,65.7,65.7,-0.4,1446.0
2014-10-09,50,15003660.0,991657129.0,66.1,66.45,65.7,66.0,0.3,2227.0
2014-10-13,50,19670686.0,1262058555.0,64.15,64.55,63.8,64.0,-2.0,4439.0
2014-10-14,50,12914248.0,830367820.0,64.0,64.6,64.0,64.55,0.55,2272.0
2014-10-15,50,14412455.0,924662132.0,64.45,64.8,63.95,64.1,-0.45,3022.0
2014-10-16,50,24720177.0,1574418261.0,63.65,64.35,63.25,64.0,-0.1,3872.0
2014-10-17,50,15739726.0,1003578727.0,64.25,64.4,63.35,63.35,-0.65,3117.0
2014-10-20,50,10883538.0,699922435.0,64.25,64.6,63.9,64.6,1.25,2523.0
2014-10-21,50,7237011.0,465770840.0,64.4,64.55,64.2,64.3,-0.3,1399.0
2014-10-22,50,9342412.0,609083830.0,65.1,65.45,65.0,65.3,1.0,2192.0
2014-10-23,50,7088255.0,461607876.0,65.3,65.3,65.0,65.05,-0.25,1460.0
2014-10-24,50,22503457.0,1421022808.0,63.85,63.85,62.8,63.05,0.0,3774.0
2014-10-27,50,8078219.0,510850717.0,63.4,63.45,63.0,63.25,0.2,1598.0
2014-10-28,50,11178563.0,717875942.0,64.0,64.35,64.0,64.35,1.1,2001.0
2014-10-29,50,9403650.0,609040450.0,64.6,65.0,64.5,65.0,0.65,2446.0
2014-10-30,50,9083758.0,588379395.0,64.85,64.95,64.55,64.8,-0.2,1360.0
2014-10-31,50,16609131.0,1079821584.0,65.0,65.3,64.7,65.3,0.5,2165.0
2014-11-03,50,10607272.0,695909182.0,65.3,65.9,65.3,65.6,0.3,2111.0
2014-11-04,50,11030190.0,725801969.0,65.75,66.05,65.55,65.65,0.05,1924.0
2014-11-05,50,10539898.0,690084592.0,65.8,65.85,65.35,65.5,-0.15,1402.0
2014-11-06,50,21140332.0,1382416081.0,65.55,65.7,64.95,65.1,-0.4,1835.0
2014-11-07,50,10652381.0,692458545.0,65.0,65.25,64.7,65.2,0.1,1675.0
2014-11-10,50,16374760.0,1082026881.0,65.4,66.3,65.25,66.15,0.95,3093.0
2014-11-11,50,15092009.0,998173676.0,66.25,66.35,65.95,65.95,-0.2,1554.0
2014-11-12,50,18800660.0,1227582072.0,65.75,65.85,64.9,65.0,-0.95,2670.0
2014-11-13,50,10844738.0,709408088.0,65.0,65.65,65.0,65.65,0.65,1196.0
2014-11-14,50,11059784.0,724599745.0,65.3,65.8,65.3,65.7,0.05,882.0
2014-11-17,50,17461938.0,1141481839.0,66.05,66.1,64.8,65.1,-0.6,1958.0
2014-11-18,50,9940608.0,646618770.0,65.3,65.6,64.8,64.9,-0.2,1510.0
2014-11-19,50,18485249.0,1216573062.0,65.15,66.1,65.15,65.85,0.95,2950.0
2014-11-20,50,20762772.0,1381474747.0,66.05,66.7,66.05,66.6,0.75,3077.0
2014-11-21,50,11947733.0,795848615.0,66.6,66.8,66.45,66.65,0.05,1352.0
2014-11-24,50,13197946.0,884765130.0,66.9,67.2,66.75,66.8,0.15,1670.0
2014-11-25,50,13192380.0,882252305.0,66.65,67.05,66.45,66.85,0.05,1639.0
2014-11-26,50,8909455.0,595197353.0,66.75,66.9,66.65,66.85,0.0,1051.0
2014-11-27,50,16528637.0,1116591528.0,67.15,67.85,67.15,67.5,0.65,3059.0
2014-11-28,50,9382047.0,633454608.0,67.55,67.7,67.35,67.5,0.0,1578.0
2014-12-01,50,21282946.0,1420990551.0,66.3,67.45,66.15,66.8,-0.7,2802.0
2014-12-02,50,19739586.0,1301942354.0,66.35,66.5,65.65,65.8,-1.0,3226.0
2014-12-03,50,11865879.0,790064887.0,65.8,67.0,65.7,66.85,1.05,2124.0
2014-12-04,50,11366115.0,764157935.0,67.25,67.45,67.1,67.1,0.25,1658.0
2014-12-05,50,4318019.0,288818373.0,67.1,67.1,66.75,66.85,-0.25,752.0
2014-12-08,50,7633033.0,507940624.0,67.05,67.05,66.35,66.35,-0.5,1081.0
2014-12-09,50,4620781.0,305751300.0,66.25,66.3,66.0,66.2,-0.15,1007.0
2014-12-10,50,12851799.0,842081623.0,65.95,66.15,65.15,65.3,-0.9,2850.0
2014-12-11,50,6920153.0,450492814.0,65.05,65.35,64.7,65.25,-0.05,1550.0
2014-12-12,50,4477502.0,292348903.0,65.25,65.5,65.15,65.3,0.05,1125.0
2014-12-15,50,10562481.0,684011527.0,64.75,65.1,64.5,65.1,-0.2,2052.0
2014-12-16,50,12711030.0,822707015.0,64.8,65.0,64.55,64.55,-0.55,2582.0
2014-12-17,50,19575407.0,1248997491.0,64.55,64.55,63.4,63.55,-1.0,5591.0
2014-12-18,50,8593542.0,548577557.0,63.95,64.1,63.65,63.7,0.15,2606.0
2014-12-19,50,17192608.0,1117404159.0,64.7,65.3,64.6,65.2,1.5,3213.0
2014-12-22,50,7443958.0,489020278.0,65.35,66.0,65.3,66.0,0.8,2078.0
2014-12-23,50,5242007.0,345828738.0,66.15,66.3,65.75,65.8,-0.2,1144.0
2014-12-24,50,6957429.0,460453478.0,65.9,66.4,65.85,66.3,0.5,1629.0
2014-12-25,50,4417764.0,292620460.0,66.35,66.4,66.15,66.3,0.0,873.0
2014-12-26,50,21313397.0,1417849961.0,66.35,66.5,66.2,66.45,0.15,1492.0
2014-12-27,50,3791680.0,252447892.0,66.75,66.75,66.45,66.6,0.15,1040.0
2014-12-29,50,11101377.0,744543194.0,66.6,67.3,66.55,67.2,0.6,2757.0
2014-12-30,50,8583907.0,575794012.0,67.15,67.45,66.85,66.85,-0.35,1438.0
2014-12-31,50,7418884.0,495610278.0,66.8,67.0,66.6,66.85,0.0,1207.0
2015-01-05,50,6295612.0,417637764.0,66.4,66.75,66.0,66.55,-0.3,1528.0
2015-01-06,50,19501826.0,1272547315.0,65.75,65.75,64.75,64.9,-1.65,4903.0
2015-01-07,50,6991542.0,454539307.0,64.7,65.25,64.7,65.0,0.1,1603.0
2015-01-08,50,13153525.0,871151843.0,65.5,66.6,65.5,66.5,1.5,3516.0
2015-01-09,50,5891981.0,391342473.0,66.9,66.95,66.05,66.15,-0.35,1375.0
2015-01-12,50,9060329.0,596821609.0,65.8,66.15,65.65,65.75,-0.4,1178.0
2015-01-13,50,6151627.0,406400133.0,65.6,66.4,65.4,65.95,0.2,1386.0
2015-01-14,50,7205239.0,473109554.0,66.0,66.05,65.4,65.6,-0.35,1256.0
2015-01-15,50,3525540.0,231506844.0,65.65,65.95,65.35,65.8,0.2,865.0
2015-01-16,50,9317659.0,613484964.0,66.25,66.4,65.35,65.5,-0.3,1371.0
2015-01-19,50,17591339.0,1166409008.0,66.3,66.75,66.05,66.25,0.75,2246.0
2015-01-20,50,10097725.0,673782517.0,66.5,66.9,66.35,66.75,0.5,1864.0
2015-01-21,50,17556111.0,1179808369.0,67.2,67.3,67.0,67.25,0.5,2810.0
2015-01-22,50,16125035.0,1090773104.0,67.5,67.9,67.45,67.6,0.35,1996.0
2015-01-23,50,35859685.0,2457940298.0,68.25,68.7,68.25,68.7,1.1,4604.0
2015-01-26,50,20460334.0,1404630266.0,68.55,68.85,68.45,68.7,0.0,1939.0
2015-01-27,50,36217348.0,2499213655.0,69.0,69.25,68.8,69.15,0.45,2879.0
2015-01-28,50,35993620.0,2485686836.0,68.8,69.2,68.8,69.15,0.0,2147.0
2015-01-29,50,19790454.0,1353476534.0,69.05,69.05,68.15,68.3,-0.85,2015.0
2015-01-30,50,4264474.0,290995818.0,68.6,68.6,68.0,68.0,-0.3,1112.0
2015-02-02,50,5810959.0,395850332.0,68.2,68.35,67.9,68.15,0.15,1258.0
2015-02-03,50,16645523.0,1142793513.0,68.35,68.85,68.1,68.65,0.5,1383.0
2015-02-04,50,20357668.0,1411607198.0,69.2,69.5,69.05,69.4,0.75,2741.0
2015-02-05,50,4783568.0,329874632.0,69.05,69.25,68.8,69.1,-0.3,980.0
2015-02-06,50,4107898.0,282693112.0,69.1,69.2,68.65,68.75,-0.35,735.0
2015-02-09,50,3512269.0,240429659.0,68.75,68.75,68.25,68.5,-0.25,943.0
2015-02-10,50,8023091.0,547920649.0,68.45,68.5,68.2,68.25,-0.25,1004.0
2015-02-11,50,7199400.0,496602704.0,68.7,69.25,68.7,69.0,0.75,1282.0
2015-02-12,50,9310387.0,642508708.0,69.0,69.2,68.8,69.0,0.0,812.0
2015-02-13,50,7599922.0,528270219.0,69.35,69.65,69.35,69.45,0.45,1771.0
2015-02-24,50,14549700.0,1022504775.0,69.95,70.45,69.95,70.25,0.8,2778.0
2015-02-25,50,23253921.0,1644414580.0,70.7,70.9,70.55,70.8,0.55,2983.0
2015-02-26,50,8688633.0,610954509.0,70.55,70.65,70.05,70.3,-0.5,1552.0
2015-03-02,50,6589376.0,461349421.0,70.3,70.55,69.75,70.0,-0.3,1449.0
2015-03-03,50,5067933.0,353130410.0,70.05,70.1,69.5,69.9,-0.1,1071.0
2015-03-04,50,6414710.0,448582000.0,69.55,70.05,69.5,69.95,0.05,1053.0
2015-03-05,50,3761886.0,261883714.0,69.95,70.0,69.35,69.7,-0.25,1037.0
2015-03-06,50,3067298.0,213689528.0,69.55,69.9,69.3,69.8,0.1,680.0
2015-03-09,50,7464997.0,515792426.0,69.45,69.5,68.9,69.1,-0.7,1781.0
2015-03-10,50,6958375.0,479061142.0,69.0,69.05,68.6,68.95,-0.15,1347.0
2015-03-11,50,10039248.0,689232863.0,68.35,69.15,68.3,69.05,0.1,1081.0
2015-03-12,50,5710306.0,396200162.0,68.85,69.65,68.8,69.65,0.6,1096.0
2015-03-13,50,4527676.0,315257661.0,69.65,69.75,69.45,69.45,-0.2,890.0
2015-03-16,50,6079977.0,420077392.0,69.35,69.35,68.85,68.9,-0.55,1125.0
2015-03-17,50,7096344.0,491872167.0,69.2,69.75,69.0,69.15,0.25,1282.0
2015-03-18,50,18621093.0,1302008460.0,69.2,70.15,69.2,69.9,0.75,2655.0
2015-03-19,50,12488588.0,882632438.0,70.5,70.9,70.25,70.65,0.75,2611.0
2015-03-20,50,4499069.0,317484302.0,70.65,70.65,70.4,70.55,-0.1,1165.0
2015-03-23,50,7600178.0,537702369.0,70.55,70.9,70.45,70.75,0.2,1207.0
2015-03-24,50,4504710.0,317852515.0,70.55,70.85,70.35,70.5,-0.25,852.0
2015-03-25,50,4458758.0,313055355.0,70.5,70.6,70.1,70.25,-0.25,971.0
2015-03-26,50,9508125.0,659426427.0,69.4,69.7,69.15,69.4,-0.85,2025.0
2015-03-27,50,10014444.0,690644936.0,69.4,69.4,68.65,68.75,-0.65,2367.0
2015-03-30,50,10353567.0,711624155.0,68.75,68.9,68.55,68.8,0.05,2088.0
2015-03-31,50,7643034.0,527392233.0,69.0,69.25,68.8,69.05,0.25,1735.0
2015-04-01,50,8234217.0,565367472.0,68.7,68.85,68.5,68.65,-0.4,2598.0
2015-04-02,50,7800933.0,541860608.0,68.9,69.75,68.9,69.5,0.85,1626.0
2015-04-07,50,3447972.0,239681120.0,69.55,69.7,69.35,69.6,0.1,1027.0
2015-04-08,50,5069880.0,350122247.0,69.6,69.6,68.85,69.0,-0.6,1508.0
2015-04-09,50,6205517.0,430981397.0,69.0,69.85,68.95,69.1,0.1,1517.0
2015-04-10,50,4600451.0,320214513.0,69.7,69.8,69.45,69.65,0.55,865.0
2015-04-13,50,4199759.0,293101091.0,69.9,69.95,69.65,69.85,0.2,782.0
2015-04-14,50,4562606.0,317629802.0,69.85,69.85,69.5,69.5,-0.35,622.0
2015-04-15,50,17266917.0,1185132897.0,69.25,69.5,68.4,68.65,-0.85,3412.0
2015-04-16,50,15774474.0,1096081678.0,68.95,69.7,68.9,69.7,1.05,2442.0
2015-04-17,50,9237191.0,637969374.0,69.55,69.55,68.9,69.05,-0.65,1286.0
2015-04-20,50,9571501.0,657845763.0,68.7,69.15,68.55,68.95,-0.1,1586.0
2015-04-21,50,2864363.0,197793548.0,69.05,69.3,68.85,68.95,0.0,776.0
2015-04-22,50,11311979.0,787537471.0,69.3,69.8,69.25,69.65,0.7,1473.0
2015-04-23,50,24334093.0,1724238391.0,70.2,71.5,70.15,71.5,1.85,4719.0
2015-04-24,50,26527170.0,1917092274.0,71.7,72.85,71.7,72.2,0.7,4260.0
2015-04-27,50,13281661.0,968278044.0,73.0,73.3,72.6,72.75,0.55,3106.0
2015-04-28,50,16465262.0,1195111839.0,72.85,73.1,72.35,72.6,-0.15,2130.0
2015-04-29,50,10074684.0,725594690.0,72.5,72.7,71.6,71.8,-0.8,1811.0
2015-04-30,50,6780532.0,484999522.0,71.6,71.8,71.15,71.45,-0.35,1457.0
2015-05-04,50,5381376.0,383599096.0,71.45,71.65,70.85,71.6,0.15,1220.0
2015-05-05,50,6801050.0,483838544.0,71.4,71.4,70.9,71.2,-0.4,1174.0
2015-05-06,50,6603488.0,468611056.0,70.8,71.4,70.5,71.3,0.1,1301.0
2015-05-07,50,10204224.0,718490164.0,70.8,70.8,70.15,70.45,-0.85,1945.0
2015-05-08,50,5647296.0,398589652.0,70.45,70.65,70.45,70.5,0.05,1082.0
2015-05-11,50,11222257.0,793547954.0,71.0,71.2,70.3,70.85,0.35,1986.0
2015-05-12,50,9064022.0,640522400.0,70.6,70.85,70.55,70.7,-0.15,1712.0
2015-05-13,50,6874083.0,488179679.0,70.7,71.2,70.7,71.1,0.4,1146.0
2015-05-14,50,16520264.0,1161687961.0,70.85,70.95,70.0,70.1,-1.0,3256.0
2015-05-15,50,11642867.0,815422387.0,70.3,70.35,69.7,70.0,-0.1,2197.0
2015-05-18,50,3248292.0,227961241.0,70.05,70.3,70.0,70.25,0.25,950.0
2015-05-19,50,8458272.0,601702901.0,70.4,71.45,70.4,71.3,1.05,2147.0
2015-05-20,50,7530606.0,534194695.0,71.25,71.25,70.8,70.8,-0.5,1216.0
2015-05-21,50,11567932.0,809811559.0,70.15,70.2,69.75,70.15,-0.65,2097.0
2015-05-22,50,6152758.0,435042013.0,70.2,70.95,70.2,70.7,0.55,1234.0
2015-05-25,50,2391058.0,169027182.0,70.45,70.95,70.3,70.7,0.0,734.0
2015-05-26,50,7521312.0,535292867.0,71.2,71.6,70.8,71.0,0.3,1247.0
2015-05-27,50,5812358.0,413273073.0,70.85,71.3,70.7,71.15,0.15,974.0
2015-05-28,50,5790144.0,414080476.0,71.75,71.9,71.25,71.5,0.35,1285.0
2015-05-29,50,4900148.0,349371690.0,71.7,71.7,71.05,71.1,-0.4,1635.0
2015-06-01,50,7850223.0,553306871.0,71.1,71.15,70.25,70.5,-0.6,1749.0
2015-06-02,50,4867412.0,341989139.0,70.45,70.5,70.0,70.4,-0.1,1142.0
2015-06-03,50,6558304.0,459976121.0,70.3,70.4,69.9,69.95,-0.45,1466.0
2015-06-04,50,28182317.0,1941540073.0,69.8,69.9,68.35,68.6,-1.35,5559.0
2015-06-05,50,15106306.0,1033376164.0,68.5,68.6,68.2,68.45,-0.15,2804.0
2015-06-08,50,9094127.0,622037152.0,68.3,69.05,68.0,68.9,0.45,2538.0
2015-06-09,50,18429951.0,1258036692.0,68.5,68.6,68.0,68.35,-0.55,2856.0
2015-06-10,50,8666901.0,595189468.0,68.55,68.9,68.45,68.65,0.3,1959.0
2015-06-11,50,7352571.0,504746450.0,68.8,68.9,68.4,68.85,0.2,1254.0
2015-06-12,50,3175799.0,218259470.0,68.9,69.0,68.45,68.8,-0.05,870.0
2015-06-15,50,3761616.0,258521656.0,68.8,69.0,68.5,68.65,-0.15,971.0
2015-06-16,50,8681702.0,592299290.0,68.65,68.65,68.05,68.2,-0.45,1749.0
2015-06-17,50,5564580.0,380966978.0,68.2,68.75,68.2,68.5,0.3,1585.0
2015-06-18,50,10688270.0,730684809.0,68.45,68.55,68.2,68.4,-0.1,1343.0
2015-06-22,50,11310165.0,782304510.0,68.75,69.4,68.75,69.35,0.95,1920.0
2015-06-23,50,5311263.0,369513247.0,69.55,69.85,69.35,69.55,0.2,1515.0
2015-06-24,50,6127048.0,426268842.0,69.6,69.7,69.4,69.65,0.1,1203.0
2015-06-25,50,13815425.0,972267505.0,70.0,70.65,70.0,70.45,0.8,2531.0
2015-06-26,50,4926733.0,346310265.0,70.45,70.45,70.15,70.45,0.0,1336.0
2015-06-29,50,11576161.0,800533393.0,69.35,69.6,68.75,68.8,-1.65,2885.0
2015-06-30,50,4093490.0,282871294.0,68.8,69.4,68.8,69.4,0.6,1284.0
2015-07-01,50,6063171.0,424660570.0,69.4,70.3,69.25,70.05,0.65,1853.0
2015-07-02,50,4340672.0,303948992.0,70.2,70.25,69.85,70.1,0.05,747.0
2015-07-03,50,7762464.0,540423608.0,70.0,70.2,69.25,70.1,0.0,1679.0
2015-07-06,50,7584634.0,526949522.0,69.55,70.05,69.2,69.3,-0.8,1559.0
2015-07-07,50,4706919.0,328215180.0,69.65,70.1,69.45,69.6,0.3,1222.0
2015-07-08,50,37899765.0,2576676720.0,69.2,69.2,67.45,67.5,-2.1,8343.0
2015-07-09,50,33083128.0,2203429334.0,66.8,67.35,66.1,67.1,-0.4,5730.0
2015-07-13,50,15806729.0,1069053790.0,68.0,68.1,67.2,68.1,1.0,3217.0
2015-07-14,50,9618532.0,657390583.0,68.3,68.7,68.05,68.1,0.0,2324.0
2015-07-15,50,8865704.0,605236616.0,68.3,68.65,68.0,68.25,0.15,1509.0
2015-07-16,50,6939583.0,476110012.0,68.6,68.95,68.2,68.6,0.35,1968.0
2015-07-17,50,3432139.0,235053872.0,68.35,68.65,68.3,68.5,-0.1,944.0
2015-07-20,50,7832044.0,535748692.0,69.0,69.2,67.8,68.0,-0.5,1873.0
2015-07-21,50,3363698.0,229995888.0,68.35,68.65,68.0,68.65,0.65,978.0
2015-07-22,50,14139939.0,961043676.0,68.2,68.3,67.7,67.8,-0.85,2273.0
2015-07-23,50,20981081.0,1410059672.0,67.5,67.85,66.85,67.15,-0.65,3456.0
2015-07-24,50,19922048.0,1331121496.0,67.05,67.25,66.5,66.75,-0.4,3021.0
2015-07-27,50,28446312.0,1876583192.0,66.4,66.55,65.55,65.8,-0.95,5152.0
2015-07-28,50,17518780.0,1154891944.0,65.75,66.3,65.5,65.85,0.05,3321.0
2015-07-29,50,18492599.0,1209602490.0,65.9,65.9,65.1,65.4,-0.45,3442.0
2015-07-30,50,7473893.0,494964459.0,65.6,66.55,65.55,66.5,1.1,2258.0
2015-07-31,50,11169527.0,737988200.0,66.5,66.55,65.8,66.15,-0.35,1548.0
2015-08-03,50,15758422.0,1027197865.0,65.9,65.9,64.9,65.25,-0.9,3454.0
2015-08-04,50,12310425.0,803217815.0,65.5,66.0,65.0,65.3,0.05,2681.0
2015-08-05,50,9875104.0,648399318.0,65.55,66.0,65.3,65.7,0.4,1782.0
2015-08-06,50,23620938.0,1535880356.0,66.0,66.05,64.55,65.0,-0.7,3641.0
2015-08-07,50,6898672.0,446241008.0,64.5,65.0,64.2,64.7,-0.3,2267.0
2015-08-10,50,10082526.0,649653275.0,64.6,64.75,64.0,64.55,-0.15,2542.0
2015-08-11,50,17411425.0,1131041320.0,65.3,65.8,64.4,64.55,0.0,4036.0
2015-08-12,50,24218973.0,1541063674.0,64.25,64.45,63.0,63.45,-1.1,4634.0
2015-08-13,50,16147105.0,1025508660.0,63.45,63.9,63.35,63.55,0.1,2147.0
2015-08-14,50,8405034.0,532406602.0,63.45,63.75,63.15,63.3,-0.25,1736.0
2015-08-17,50,13852886.0,871311567.0,63.3,63.3,62.7,62.9,-0.4,2367.0
2015-08-18,50,9841681.0,617280801.0,63.0,63.3,62.45,62.55,-0.35,2221.0
2015-08-19,50,17595647.0,1088315857.0,62.4,62.5,61.3,61.6,-0.95,4364.0
2015-08-20,50,19329341.0,1185812735.0,61.25,61.85,60.95,61.4,-0.2,4758.0
2015-08-21,50,28076492.0,1689327220.0,60.6,60.75,59.8,59.8,-1.6,6417.0
2015-08-24,50,61317409.0,3512538379.0,59.1,59.1,55.4,57.5,-2.3,12459.0
2015-08-25,50,43487996.0,2578413633.0,57.5,60.0,57.5,60.0,2.5,9667.0
2015-08-26,50,17123903.0,1020266152.0,59.3,60.5,58.65,60.35,0.35,5984.0
2015-08-27,50,18326474.0,1106779689.0,60.6,60.65,60.0,60.15,-0.2,5627.0
2015-08-28,50,18684824.0,1150095322.0,61.0,61.9,61.0,61.8,1.65,4349.0
2015-08-31,50,18957915.0,1171281528.0,61.3,62.35,61.2,62.3,0.5,2806.0
2015-09-01,50,12340652.0,766117348.0,61.9,62.6,61.5,61.75,-0.55,2838.0
2015-09-02,50,18170477.0,1118387496.0,61.1,62.3,60.95,62.1,0.35,4619.0
2015-09-03,50,7543894.0,468271835.0,62.35,62.4,61.6,62.15,0.05,1573.0
2015-09-04,50,15808961.0,978163876.0,62.15,62.55,61.35,61.35,-0.8,2202.0
2015-09-07,50,10155526.0,624485437.0,61.3,62.3,61.1,61.25,-0.1,2616.0
2015-09-08,50,9642248.0,592119472.0,61.5,61.65,61.1,61.45,0.2,3030.0
2015-09-09,50,24002263.0,1525863565.0,62.65,64.15,62.65,64.15,2.7,5404.0
2015-09-10,50,10184783.0,646044883.0,63.8,63.8,63.15,63.45,-0.7,3300.0
2015-09-11,50,7961292.0,505296736.0,63.3,63.7,63.05,63.5,0.05,2519.0
2015-09-14,50,4389671.0,279210234.0,63.9,64.0,63.25,63.65,0.15,2011.0
2015-09-15,50,5767862.0,365312865.0,63.75,63.85,63.05,63.15,-0.5,1968.0
2015-09-16,50,7422817.0,473560457.0,63.65,64.0,63.4,63.9,0.75,2266.0
2015-09-17,50,12909851.0,838052365.0,64.5,65.15,64.5,65.0,1.1,3408.0
2015-09-18,50,3507233.0,227184655.0,65.0,65.0,64.55,64.85,-0.15,1275.0
2015-09-21,50,9987594.0,633935853.0,64.05,64.1,63.2,63.45,-1.4,3110.0
2015-09-22,50,4330875.0,275986550.0,63.55,63.95,63.55,63.8,0.35,1130.0
2015-09-23,50,10045603.0,627964620.0,63.2,63.2,62.2,62.35,-1.45,3123.0
2015-09-24,50,7364956.0,458475049.0,62.55,62.85,61.9,62.0,-0.35,1904.0
2015-09-25,50,5982179.0,370528978.0,62.15,62.35,61.6,62.25,0.25,1918.0
2015-09-30,50,8574123.0,533541019.0,61.45,62.6,61.45,62.4,0.15,2087.0
2015-10-01,50,11986849.0,756664703.0,62.6,63.7,62.2,63.6,1.2,2636.0
2015-10-02,50,7571907.0,479582469.0,63.35,63.6,63.1,63.25,-0.35,1083.0
2015-10-05,50,5383188.0,342143611.0,63.8,64.0,63.25,63.4,0.15,1393.0
2015-10-06,50,8300522.0,533161323.0,64.15,64.7,63.85,63.9,0.5,2059.0
2015-10-07,50,8637044.0,557000564.0,63.9,64.85,63.9,64.85,0.95,2304.0
2015-10-08,50,12360377.0,803154003.0,65.1,65.3,64.6,64.7,-0.15,1896.0
2015-10-12,50,17465643.0,1144859053.0,65.05,65.9,65.05,65.55,0.85,3323.0
2015-10-13,50,7489789.0,489761011.0,65.6,65.65,65.15,65.3,-0.25,1921.0
2015-10-14,50,7135958.0,464717839.0,65.3,65.3,64.95,65.05,-0.25,1491.0
2015-10-15,50,14357990.0,948629290.0,65.65,66.35,65.65,66.0,0.95,3011.0
2015-10-16,50,8189426.0,538694821.0,65.95,66.0,65.6,65.75,-0.25,1613.0
2015-10-19,50,7411159.0,488570053.0,66.0,66.2,65.7,65.95,0.2,1305.0
2015-10-20,50,4526773.0,298526370.0,66.0,66.1,65.8,65.95,0.0,1050.0
2015-10-21,50,11498457.0,755187599.0,66.1,66.15,65.4,65.5,-0.45,2296.0
2015-10-22,50,8066236.0,527859177.0,65.3,65.6,65.25,65.5,0.0,1534.0
2015-10-23,50,20687758.0,1367594228.0,66.2,66.5,65.85,65.9,0.4,2965.0
2015-10-26,50,12082040.0,780928000.0,64.5,64.85,64.45,64.55,0.0,1757.0
2015-10-27,50,5723238.0,367024006.0,64.5,64.55,63.95,64.2,-0.35,1825.0
2015-10-28,50,5075690.0,323952193.0,64.2,64.25,63.6,63.75,-0.45,1655.0
2015-10-29,50,8413837.0,533508526.0,64.1,64.3,63.1,63.3,-0.45,2871.0
2015-10-30,50,5991825.0,378136344.0,63.3,63.45,62.8,63.2,-0.1,2399.0
2015-11-02,50,4831277.0,304671497.0,63.1,63.4,62.6,63.3,0.1,1725.0
2015-11-03,50,9293247.0,596846576.0,63.8,64.4,63.8,64.3,1.0,2164.0
2015-11-04,50,16551361.0,1080387132.0,64.75,65.6,64.7,65.55,1.25,3662.0
2015-11-05,50,5902342.0,385929675.0,65.65,65.65,65.25,65.4,-0.15,1209.0
2015-11-06,50,11915559.0,764182459.0,65.4,65.4,63.65,64.1,-1.3,3697.0
2015-11-09,50,5532819.0,353671966.0,64.0,64.35,63.6,63.65,-0.45,1721.0
2015-11-10,50,8847191.0,557861747.0,63.3,63.4,62.85,62.9,-0.75,2553.0
2015-11-11,50,16293154.0,1015415291.0,62.9,63.0,61.95,62.15,-0.75,4239.0
2015-11-12,50,14213968.0,883316520.0,62.2,62.4,61.85,62.25,0.1,2700.0
2015-11-13,50,20384559.0,1262031723.0,61.8,62.45,61.55,61.6,-0.65,4201.0
2015-11-16,50,13429751.0,819612811.0,61.2,61.3,60.6,61.15,-0.45,4047.0
2015-11-17,50,8728448.0,544635432.0,62.0,62.6,62.0,62.35,1.2,2811.0
2015-11-18,50,14981437.0,923579944.0,62.35,62.35,61.2,61.4,-0.95,3674.0
2015-11-19,50,10131326.0,627088022.0,61.95,62.3,61.55,62.3,0.9,2328.0
2015-11-20,50,5421687.0,337471802.0,62.35,62.5,62.05,62.3,0.0,1182.0
2015-11-23,50,3462828.0,216063357.0,62.6,62.75,62.15,62.6,0.3,900.0
2015-11-24,50,6598498.0,410058375.0,62.5,62.65,61.85,61.95,-0.65,1251.0
2015-11-25,50,5964136.0,368131013.0,61.85,62.1,61.5,61.95,0.0,1793.0
2015-11-26,50,8642337.0,542093707.0,62.3,62.95,62.3,62.8,0.85,2045.0
2015-11-27,50,6290726.0,390858589.0,62.9,62.9,61.8,61.95,-0.85,2308.0
2015-11-30,50,23268522.0,1412480813.0,60.9,61.2,60.45,61.2,-0.75,6178.0
2015-12-01,50,8409979.0,520635962.0,61.7,62.45,61.45,62.4,1.2,2530.0
2015-12-02,50,6361207.0,397283746.0,62.45,62.75,62.15,62.3,-0.1,1629.0
2015-12-03,50,6065078.0,377724417.0,61.9,62.55,61.7,62.4,0.1,1142.0
2015-12-04,50,15048650.0,928987155.0,61.95,61.95,61.4,61.75,-0.65,2915.0
2015-12-07,50,14814433.0,928255777.0,62.2,63.0,62.2,62.5,0.75,2110.0
2015-12-08,50,9200859.0,566137416.0,62.25,62.3,61.2,61.5,-1.0,3502.0
2015-12-09,50,16089442.0,979992762.0,61.2,61.35,60.7,60.75,-0.75,3892.0
2015-12-10,50,16616017.0,999797705.0,60.4,60.75,59.75,60.55,-0.2,4438.0
2015-12-11,50,13835782.0,831652873.0,60.55,60.7,59.8,59.85,-0.7,3723.0
2015-12-14,50,9528711.0,565570905.0,59.25,59.65,59.0,59.4,-0.45,3711.0
2015-12-15,50,6796842.0,405048236.0,59.7,60.05,59.35,59.45,0.05,3028.0
2015-12-16,50,6530297.0,392518947.0,60.0,60.4,59.7,60.35,0.9,2214.0
2015-12-17,50,7609249.0,462460512.0,60.55,61.05,60.35,61.05,0.7,2786.0
2015-12-18,50,4893146.0,297429598.0,60.85,61.25,60.5,60.75,-0.3,1690.0
2015-12-21,50,4340637.0,261775825.0,60.05,60.75,59.9,60.65,-0.1,1399.0
2015-12-22,50,5138591.0,311500101.0,60.7,60.9,60.4,60.8,0.15,1014.0
2015-12-23,50,7263567.0,443537648.0,60.95,61.3,60.8,60.9,0.1,1391.0
2015-12-24,50,8456472.0,519184263.0,61.35,61.65,61.2,61.2,0.3,1563.0
2015-12-25,50,6546008.0,402014014.0,61.2,61.6,61.2,61.6,0.4,1344.0
2015-12-28,50,3449303.0,212316497.0,61.7,61.7,61.4,61.45,-0.15,964.0
2015-12-29,50,3966552.0,241951106.0,61.4,61.4,60.8,61.0,-0.45,1267.0
2015-12-30,50,7262466.0,440947363.0,61.15,61.15,60.45,60.55,-0.45,1436.0
2015-12-31,50,3894479.0,236577519.0,60.55,60.95,60.5,60.75,0.2,988.0
2016-01-04,50,16928063.0,1009176452.0,60.8,60.95,59.05,59.55,-1.2,5730.0
2016-01-05,50,21783969.0,1291792220.0,59.5,59.75,58.85,59.05,-0.5,6708.0
2016-01-06,50,28939550.0,1688039896.0,59.05,59.05,57.9,58.45,-0.6,8406.0
2016-01-07,50,39962301.0,2289801488.0,58.3,58.3,56.7,57.35,-1.1,11325.0
2016-01-08,50,25450734.0,1459152633.0,57.0,57.7,56.85,57.45,0.1,7024.0
2016-01-11,50,24356269.0,1375352256.0,56.9,56.95,56.0,56.55,-0.9,7405.0
2016-01-12,50,17649886.0,998368462.0,56.8,57.0,56.3,56.5,-0.05,5238.0
2016-01-13,50,11848432.0,677682867.0,57.0,57.5,56.75,57.15,0.65,5664.0
2016-01-14,50,15487360.0,871255829.0,56.5,56.7,55.85,56.7,-0.45,5765.0
2016-01-15,50,20847878.0,1181841700.0,57.1,57.5,56.25,56.7,0.0,4936.0
2016-01-18,50,13014340.0,736737370.0,55.9,57.3,55.8,57.1,0.4,4379.0
2016-01-19,50,8110815.0,462104462.0,57.0,57.25,56.65,57.25,0.15,2801.0
2016-01-20,50,22688368.0,1270701758.0,56.85,56.85,55.6,55.9,-1.35,7993.0
2016-01-21,50,10450055.0,585123480.0,56.1,56.3,55.6,55.8,-0.1,4579.0
2016-01-22,50,13943516.0,784844013.0,56.35,56.6,56.0,56.55,0.75,3835.0
2016-01-25,50,12773195.0,734244688.0,57.0,57.8,57.0,57.55,1.0,4215.0
2016-01-26,50,7583870.0,431532884.0,57.0,57.15,56.7,57.0,-0.55,3599.0
2016-01-27,50,9101121.0,520457441.0,57.4,57.45,56.95,57.25,0.25,2287.0
2016-01-28,50,10224860.0,588123466.0,57.15,57.75,57.0,57.55,0.3,3285.0
2016-01-29,50,20207611.0,1180203349.0,57.5,59.1,57.25,59.0,1.45,7319.0
2016-01-30,50,13202648.0,785683942.0,59.45,59.7,59.2,59.55,0.55,3965.0
2016-02-01,50,7967600.0,473078587.0,59.5,59.6,59.1,59.55,0.0,2732.0
2016-02-02,50,4584277.0,272135216.0,59.45,59.55,59.0,59.35,-0.2,1748.0
2016-02-03,50,6990419.0,412038146.0,59.0,59.25,58.6,58.95,-0.4,2624.0
2016-02-15,50,7221411.0,424601837.0,58.3,59.1,58.1,59.0,0.05,2176.0
2016-02-16,50,17822419.0,1067789029.0,59.1,60.35,59.1,60.25,1.25,4926.0
2016-02-17,50,12473522.0,750453287.0,60.4,60.5,59.95,59.95,-0.3,3478.0
2016-02-18,50,16986739.0,1034524645.0,60.8,61.15,60.5,60.9,0.95,4462.0
2016-02-19,50,11352431.0,690604191.0,60.8,61.05,60.6,60.85,-0.05,4864.0
2016-02-22,50,11614403.0,710868283.0,60.85,61.6,60.55,60.8,-0.05,2553.0
2016-02-23,50,4916180.0,299142784.0,61.0,61.15,60.7,60.85,0.05,1464.0
2016-02-24,50,7764348.0,471747151.0,60.8,61.3,60.2,60.3,-0.55,2535.0
2016-02-25,50,16933970.0,1033960315.0,60.6,61.35,60.5,61.1,0.8,3204.0
2016-02-26,50,14513092.0,888888205.0,61.35,61.7,60.9,61.25,0.15,2460.0
2016-03-01,50,17236846.0,1063544724.0,61.25,61.95,61.1,61.85,0.6,3170.0
2016-03-02,50,22870541.0,1429351890.0,62.35,62.75,62.25,62.35,0.5,4450.0
2016-03-03,50,32602730.0,2049950175.0,62.35,63.3,62.35,62.95,0.6,4358.0
2016-03-04,50,24050775.0,1516905064.0,62.9,63.3,62.75,63.1,0.15,3237.0
2016-03-07,50,21497714.0,1360686374.0,63.2,63.7,62.9,63.1,0.0,3147.0
2016-03-08,50,13634860.0,856574187.0,63.0,63.1,62.5,63.05,-0.05,2384.0
2016-03-09,50,8097374.0,509283704.0,63.05,63.15,62.65,63.1,0.05,2074.0
2016-03-10,50,21352778.0,1350247727.0,63.05,63.4,62.85,63.25,0.15,2018.0
2016-03-11,50,22682346.0,1438882479.0,63.2,63.75,63.05,63.55,0.3,2712.0
2016-03-14,50,25831819.0,1656759416.0,64.0,64.25,63.95,64.0,0.45,5390.0
2016-03-15,50,18905608.0,1202923134.0,64.0,64.1,63.0,63.05,-0.95,5012.0
2016-03-16,50,36277393.0,2306691168.0,63.35,63.75,63.35,63.6,0.55,3399.0
2016-03-17,50,20031419.0,1293323925.0,64.55,64.9,64.05,64.3,0.7,4479.0
2016-03-18,50,31120204.0,2012043642.0,64.4,64.85,64.3,64.7,0.4,3630.0
2016-03-21,50,6056792.0,391100684.0,64.9,65.05,64.2,64.6,-0.1,1337.0
2016-03-22,50,8180504.0,524896358.0,64.35,64.55,63.85,64.4,-0.2,1809.0
2016-03-23,50,11996985.0,773806611.0,64.4,64.85,64.25,64.35,-0.05,2241.0
2016-03-24,50,8530772.0,547517642.0,64.25,64.5,63.7,64.35,0.0,1364.0
2016-03-25,50,3814633.0,244659326.0,64.5,64.5,63.95,64.05,-0.3,1093.0
2016-03-28,50,7346998.0,471125135.0,64.05,64.4,63.8,64.1,0.05,1372.0
2016-03-29,50,10741646.0,685826209.0,64.0,64.3,63.5,63.65,-0.45,1828.0
2016-03-30,50,29118588.0,1881582104.0,64.05,64.9,64.0,64.7,1.05,3940.0
2016-03-31,50,16046959.0,1040188630.0,65.1,65.4,64.45,64.65,-0.05,4899.0
2016-04-01,50,4654364.0,297564556.0,64.25,64.35,63.6,63.9,-0.75,1775.0
2016-04-06,50,8957175.0,560162916.0,63.3,63.3,62.35,62.4,-1.5,3518.0
2016-04-07,50,20224614.0,1253001981.0,62.5,62.5,61.6,62.15,-0.25,6513.0
2016-04-08,50,6752732.0,421875102.0,61.8,62.8,61.8,62.75,0.6,1520.0
2016-04-11,50,5355410.0,335884631.0,62.5,63.1,62.15,63.0,0.25,1319.0
2016-04-12,50,2753865.0,173786257.0,63.05,63.5,62.75,62.95,-0.05,1104.0
2016-04-13,50,11846507.0,757327171.0,63.25,64.2,63.25,64.05,1.1,3097.0
2016-04-14,50,8125157.0,522525255.0,64.4,64.6,64.1,64.25,0.2,1959.0
2016-04-15,50,11673490.0,749214184.0,63.8,64.3,63.55,64.25,0.0,1191.0
2016-04-18,50,2145729.0,137218318.0,64.05,64.2,63.85,63.85,-0.4,670.0
2016-04-19,50,5841194.0,374245967.0,64.3,64.65,63.5,63.6,-0.25,1528.0
2016-04-20,50,8981513.0,565820758.0,63.5,64.1,62.55,62.65,-0.95,2726.0
2016-04-21,50,3097142.0,194853411.0,62.9,63.15,62.55,62.95,0.3,1153.0
2016-04-22,50,2685186.0,169439838.0,62.95,63.4,62.8,63.2,0.25,890.0
2016-04-25,50,2864460.0,181072322.0,63.2,63.35,62.9,63.25,0.05,672.0
2016-04-26,50,4894769.0,311241971.0,63.1,63.9,63.1,63.5,0.25,888.0
2016-04-27,50,2470120.0,156496475.0,63.2,63.6,63.0,63.4,-0.1,752.0
2016-04-28,50,10321711.0,645803565.0,63.5,63.55,62.15,62.4,-1.0,2365.0
2016-04-29,50,7266758.0,447869046.0,61.85,62.0,61.35,61.6,-0.8,3113.0
2016-05-03,50,9711627.0,591944096.0,61.6,61.6,60.7,60.75,-0.85,4271.0
2016-05-04,50,14504138.0,873689263.0,60.75,60.85,59.8,60.1,-0.65,5844.0
2016-05-05,50,14591369.0,873837755.0,60.1,60.25,59.65,60.2,0.1,4651.0
2016-05-06,50,22004644.0,1312341590.0,60.0,60.0,59.45,59.7,-0.5,4243.0
2016-05-09,50,14499071.0,865314510.0,59.9,60.0,59.4,59.7,0.0,3032.0
2016-05-10,50,13152643.0,786853240.0,59.7,60.2,59.4,60.0,0.3,3771.0
2016-05-11,50,19053550.0,1140114831.0,60.2,60.3,59.55,59.85,-0.15,4160.0
2016-05-12,50,13397317.0,801007370.0,59.7,60.0,59.65,59.8,-0.05,2080.0
2016-05-13,50,29668619.0,1756484413.0,59.55,59.55,59.0,59.15,-0.65,6218.0
2016-05-16,50,6645541.0,395168030.0,59.15,59.7,59.1,59.6,0.45,1544.0
2016-05-17,50,12344892.0,736147664.0,59.65,60.1,59.25,60.05,0.45,2582.0
2016-05-18,50,8579957.0,512035693.0,59.7,60.0,59.25,59.95,-0.1,2036.0
2016-05-19,50,8050497.0,479673191.0,60.0,60.05,59.3,59.65,-0.3,1960.0
2016-05-20,50,8126104.0,487897879.0,59.85,60.3,59.6,60.0,0.35,2303.0
2016-05-23,50,21664315.0,1324826930.0,60.1,62.0,59.85,62.0,2.0,5021.0
2016-05-24,50,6417840.0,395104208.0,61.75,61.85,61.35,61.35,-0.65,1841.0
2016-05-25,50,25858751.0,1604437512.0,61.75,62.25,61.75,62.0,0.65,3726.0
2016-05-26,50,26044897.0,1616085071.0,62.05,62.15,61.8,62.15,0.15,2207.0
2016-05-27,50,25759714.0,1608299432.0,62.4,62.65,62.2,62.6,0.45,3211.0
2016-05-30,50,26912233.0,1692323404.0,62.6,63.35,62.5,63.15,0.55,3555.0
2016-05-31,50,8678987.0,547637441.0,63.05,63.35,62.8,63.15,0.0,2005.0
2016-06-01,50,25001628.0,1589746611.0,62.95,63.85,62.95,63.7,0.55,3329.0
2016-06-02,50,13721372.0,875256815.0,63.7,64.05,63.4,63.7,0.0,2516.0
2016-06-03,50,11793067.0,752785548.0,63.6,64.0,63.6,63.85,0.15,1702.0
2016-06-04,50,3201144.0,204558077.0,63.75,64.0,63.7,63.95,0.1,833.0
2016-06-06,50,12991446.0,833738494.0,64.0,64.6,63.65,64.05,0.1,2642.0
2016-06-07,50,30837577.0,1994630619.0,64.3,64.95,64.3,64.9,0.85,4278.0
2016-06-08,50,26064591.0,1703251028.0,65.0,65.55,65.0,65.25,0.35,4111.0
2016-06-13,50,9520123.0,609293904.0,64.3,64.45,63.7,63.75,-1.5,2267.0
2016-06-14,50,6411945.0,410427450.0,63.5,64.2,63.5,64.15,0.4,1384.0
2016-06-15,50,22583365.0,1450755086.0,64.15,64.4,63.6,64.25,0.1,3257.0
2016-06-16,50,8999131.0,571056385.0,64.1,64.1,63.0,63.35,-0.9,1708.0
2016-06-17,50,5808972.0,372933222.0,63.85,64.4,63.85,64.05,0.7,1355.0
2016-06-20,50,10307567.0,664917703.0,64.5,64.65,64.35,64.5,0.45,1144.0
2016-06-21,50,18113336.0,1172739969.0,64.5,64.95,64.45,64.75,0.25,3911.0
2016-06-22,50,10556831.0,684224159.0,64.75,64.95,64.55,64.95,0.2,1141.0
2016-06-23,50,32188327.0,2084118216.0,64.8,64.85,64.55,64.8,-0.15,1147.0
2016-06-24,50,31665065.0,2008280516.0,64.75,64.9,62.05,63.1,-1.7,5706.0
2016-06-27,50,4931264.0,313187141.0,63.2,63.75,63.0,63.75,0.65,1620.0
2016-06-28,50,5345578.0,340302885.0,63.1,64.05,63.05,64.0,0.25,1369.0
2016-06-29,50,9101408.0,588313462.0,64.15,65.0,64.15,64.7,0.7,2756.0
2016-06-30,50,25345136.0,1653395255.0,65.15,65.45,64.65,65.45,0.75,4679.0
2016-07-01,50,30668430.0,2028998931.0,65.85,66.4,65.65,66.25,0.8,4916.0
2016-07-04,50,9989687.0,663821426.0,66.1,66.75,66.0,66.3,0.05,2263.0
2016-07-05,50,5997962.0,396552787.0,66.2,66.25,65.85,66.1,-0.2,1503.0
2016-07-06,50,8730638.0,566691370.0,65.6,65.6,64.7,64.9,-1.2,2196.0
2016-07-07,50,6587558.0,431861376.0,65.45,65.75,65.35,65.7,0.8,2000.0
2016-07-11,50,22208282.0,1487829658.0,66.7,67.25,66.7,67.0,1.3,3641.0
2016-07-12,50,15397426.0,1038392338.0,67.15,67.6,67.15,67.6,0.6,3020.0
2016-07-13,50,9434916.0,636854896.0,67.85,67.9,67.1,67.65,0.05,3174.0
2016-07-14,50,10109848.0,684176798.0,67.5,67.85,67.3,67.7,0.05,2189.0
2016-07-15,50,15543146.0,1061294189.0,67.8,68.5,67.8,68.5,0.8,3608.0
2016-07-18,50,36847905.0,2537886845.0,68.45,69.15,68.45,69.15,0.65,4314.0
2016-07-19,50,17045587.0,1179010803.0,69.2,69.3,68.8,69.25,0.1,2165.0
2016-07-20,50,24718112.0,1708767278.0,69.0,69.3,68.8,69.2,-0.05,3976.0
2016-07-21,50,9980071.0,695900887.0,69.45,69.9,69.35,69.55,0.35,2239.0
2016-07-22,50,3265094.0,226629026.0,69.55,69.7,69.2,69.3,-0.25,1280.0
2016-07-25,50,11676473.0,804812087.0,69.5,69.95,68.35,69.0,-0.3,1939.0
2016-07-26,50,13212330.0,913810372.0,69.0,69.4,68.85,69.4,0.4,1815.0
2016-07-27,50,11118196.0,775555930.0,69.65,69.95,69.5,69.7,0.3,2026.0
2016-07-28,50,11452443.0,790887453.0,69.0,69.25,68.6,69.05,0.0,1682.0
2016-07-29,50,19390373.0,1335212572.0,68.85,69.2,68.55,68.55,-0.5,3355.0
2016-08-01,50,10407371.0,720963537.0,68.8,69.45,68.8,69.3,0.75,1682.0
2016-08-02,50,7116974.0,492812674.0,69.25,69.4,69.1,69.3,0.0,1216.0
2016-08-03,50,13801107.0,946584522.0,68.5,68.9,68.05,68.75,-0.55,1470.0
2016-08-04,50,10674699.0,733253890.0,68.85,68.95,68.35,68.9,0.15,1144.0
2016-08-05,50,12422864.0,864171627.0,69.1,69.75,68.9,69.6,0.7,2242.0
2016-08-08,50,7902947.0,553043688.0,70.0,70.25,69.7,70.05,0.45,1664.0
2016-08-09,50,11568485.0,812755084.0,70.0,70.45,69.95,70.4,0.35,2128.0
2016-08-10,50,6497798.0,457603790.0,70.3,70.6,70.05,70.6,0.2,1312.0
2016-08-11,50,10903420.0,764847436.0,70.2,70.55,69.45,69.95,-0.65,1445.0
2016-08-12,50,5258706.0,369627870.0,70.15,70.5,70.05,70.2,0.25,1246.0
2016-08-15,50,4797475.0,337198175.0,70.2,70.5,69.9,70.35,0.15,869.0
2016-08-16,50,4431992.0,310743190.0,70.3,70.5,69.7,69.95,-0.4,1249.0
2016-08-17,50,8925360.0,624761250.0,69.9,70.1,69.75,70.05,0.1,3274.0
2016-08-18,50,3275034.0,229222344.0,70.0,70.15,69.8,69.9,-0.15,559.0
2016-08-19,50,8299801.0,577768663.0,69.9,70.45,69.2,69.2,-0.7,1432.0
2016-08-22,50,7083411.0,486606651.0,69.0,69.15,68.45,68.7,-0.5,1495.0
2016-08-23,50,7084009.0,491063695.0,68.9,69.6,68.9,69.4,0.7,851.0
2016-08-24,50,5071479.0,351620508.0,69.35,69.55,69.2,69.2,-0.2,585.0
2016-08-25,50,8022568.0,560917960.0,69.3,70.15,69.3,70.0,0.8,1233.0
2016-08-26,50,2991939.0,209743380.0,69.95,70.3,69.8,70.1,0.1,786.0
2016-08-29,50,3554924.0,247992994.0,69.9,70.15,69.2,70.05,-0.05,829.0
2016-08-30,50,3791222.0,265330977.0,70.0,70.25,69.8,70.0,-0.05,647.0
2016-08-31,50,5206081.0,362946724.0,69.85,70.05,69.3,69.4,-0.6,1043.0
2016-09-01,50,5965179.0,411120094.0,69.3,69.3,68.6,69.05,-0.35,1212.0
2016-09-02,50,2615482.0,180788881.0,69.1,69.3,68.8,69.15,0.1,577.0
2016-09-05,50,8523041.0,597721933.0,69.8,70.3,69.8,70.3,1.15,1576.0
2016-09-06,50,7342971.0,518714114.0,70.25,70.9,70.25,70.85,0.55,1940.0
2016-09-07,50,9686777.0,693084535.0,70.95,71.9,70.95,71.85,1.0,2834.0
2016-09-08,50,4674329.0,334565799.0,71.8,71.8,71.4,71.6,-0.25,724.0
2016-09-09,50,5230374.0,368985083.0,70.9,70.9,70.35,70.4,-1.2,1163.0
2016-09-10,50,8825756.0,612259307.0,69.15,69.6,69.0,69.4,-1.0,1835.0
2016-09-12,50,7236436.0,498384107.0,69.35,69.35,68.7,68.85,-0.55,1986.0
2016-09-13,50,7123286.0,490199734.0,69.1,69.2,68.2,68.85,0.0,1413.0
2016-09-14,50,5624161.0,386564787.0,68.5,69.05,68.45,68.45,-0.4,1162.0
2016-09-19,50,9887905.0,695261205.0,69.4,71.0,69.4,71.0,2.55,2918.0
2016-09-20,50,2795180.0,197878706.0,70.9,71.0,70.6,70.9,-0.1,796.0
2016-09-21,50,12156219.0,864927150.0,70.75,71.35,70.55,71.25,0.35,3370.0
2016-09-22,50,4929382.0,352530819.0,71.9,72.0,71.25,71.4,0.15,1128.0
2016-09-23,50,4215738.0,302470817.0,71.5,71.9,71.4,71.9,0.5,1607.0
2016-09-26,50,3736578.0,265907989.0,71.5,71.5,71.0,71.0,-0.9,765.0
2016-09-29,50,9624483.0,691781380.0,71.85,72.15,71.4,71.9,0.9,2068.0
2016-09-30,50,5843939.0,415283648.0,71.15,71.35,70.8,70.95,-0.95,820.0
2016-10-03,50,3888034.0,277328688.0,71.2,71.6,71.1,71.45,0.5,851.0
2016-10-04,50,5169849.0,370215087.0,71.45,71.75,71.3,71.75,0.3,718.0
2016-10-05,50,2838310.0,203317488.0,71.6,71.85,71.45,71.5,-0.25,489.0
2016-10-06,50,2071768.0,148366268.0,71.7,71.75,71.45,71.7,0.2,520.0
2016-10-07,50,3053425.0,218908302.0,71.6,71.8,71.6,71.65,-0.05,516.0
2016-10-11,50,6945823.0,499048287.0,72.35,72.45,71.2,71.45,-0.2,1371.0
2016-10-12,50,6057198.0,435873394.0,71.5,72.3,71.35,72.25,0.8,1398.0
2016-10-13,50,5454942.0,391910064.0,72.2,72.3,71.45,71.7,-0.55,785.0
2016-10-14,50,3633218.0,259915436.0,71.3,71.9,71.3,71.45,-0.25,856.0
2016-10-17,50,4422098.0,314011945.0,71.45,71.6,70.6,71.45,0.0,920.0
2016-10-18,50,3619946.0,259443312.0,71.5,71.95,71.3,71.95,0.5,796.0
2016-10-19,50,21575332.0,1563479621.0,72.0,72.6,72.0,72.35,0.4,3246.0
2016-10-20,50,4836032.0,351124080.0,72.35,72.75,72.35,72.65,0.3,1259.0
2016-10-21,50,4234740.0,308183379.0,72.65,73.05,72.55,72.6,-0.05,749.0
2016-10-24,50,3265122.0,237613138.0,72.85,72.95,72.6,72.7,0.1,598.0
2016-10-25,50,3715773.0,271850460.0,72.85,73.5,72.85,73.4,0.7,1070.0
2016-10-26,50,2868454.0,209503168.0,73.0,73.15,72.9,73.0,-0.4,469.0
2016-10-27,50,3170404.0,230465068.0,73.0,73.15,72.4,72.6,-0.4,629.0
2016-10-28,50,4275037.0,310172077.0,72.6,72.75,72.45,72.6,0.0,366.0
2016-10-31,50,5464146.0,394236445.0,72.25,72.7,71.7,72.6,0.0,717.0
2016-11-01,50,2024337.0,146646068.0,72.25,72.6,72.1,72.6,0.0,391.0
2016-11-02,50,5502479.0,394615232.0,71.95,72.0,71.6,71.75,-0.85,1116.0
2016-11-03,50,4554732.0,324765390.0,71.45,71.6,71.1,71.2,-0.55,1299.0
2016-11-04,50,4346371.0,308626872.0,71.0,71.2,70.85,71.0,-0.2,1093.0
2016-11-07,50,3235375.0,232393622.0,71.8,72.0,71.45,72.0,1.0,1544.0
2016-11-08,50,2694109.0,194530719.0,72.15,72.4,72.0,72.35,0.35,847.0
2016-11-09,50,19936675.0,1410922018.0,72.85,73.05,70.0,70.0,-2.35,4810.0
2016-11-10,50,6699699.0,481884878.0,71.8,72.1,71.75,72.0,2.0,1932.0
2016-11-11,50,8375831.0,588020191.0,70.35,70.7,69.95,70.05,-1.95,2688.0
2016-11-14,50,7117151.0,496754451.0,69.95,70.3,69.45,70.1,0.05,1670.0
2016-11-15,50,4015684.0,280809982.0,69.8,70.1,69.75,69.9,-0.2,1309.0
2016-11-16,50,24749610.0,1739238360.0,70.2,70.5,69.95,70.0,0.1,5009.0
2016-11-17,50,3313486.0,232129391.0,70.0,70.2,69.75,70.2,0.2,1622.0
2016-11-18,50,2119539.0,148731037.0,70.1,70.4,69.9,70.4,0.2,598.0
2016-11-21,50,2649990.0,186524490.0,70.3,70.5,70.1,70.5,0.1,539.0
2016-11-22,50,5293782.0,377011832.0,70.75,71.65,70.75,71.45,0.95,1725.0
2016-11-23,50,1907717.0,136841949.0,71.5,71.9,71.45,71.8,0.35,710.0
2016-11-24,50,2303410.0,164354604.0,71.6,71.6,71.2,71.4,-0.4,676.0
2016-11-25,50,2649250.0,189253897.0,71.35,71.65,71.25,71.35,-0.05,581.0
2016-11-28,50,2646049.0,189938951.0,71.35,72.0,71.35,71.75,0.4,788.0
2016-11-29,50,1417871.0,101829278.0,71.9,72.0,71.65,71.65,-0.1,452.0
2016-11-30,50,1918325.0,137591850.0,71.7,71.9,71.5,71.7,0.05,595.0
2016-12-01,50,1955817.0,140730135.0,71.6,72.1,71.6,72.0,0.3,666.0
2016-12-02,50,3307698.0,235128806.0,71.2,71.2,70.9,71.2,-0.8,736.0
2016-12-05,50,1388169.0,98576875.0,71.2,71.2,70.8,71.1,-0.1,367.0
2016-12-06,50,2435954.0,175403601.0,71.8,72.2,71.75,72.0,0.9,768.0
2016-12-07,50,1467377.0,105807162.0,72.2,72.35,71.9,72.0,0.0,475.0
2016-12-08,50,6085595.0,442984227.0,72.3,73.0,72.3,72.9,0.9,1529.0
2016-12-09,50,5418281.0,395994807.0,73.05,73.2,72.95,73.15,0.25,1389.0
2016-12-12,50,3208556.0,234598867.0,73.3,73.55,72.75,72.85,-0.3,1319.0
2016-12-13,50,2548640.0,185727920.0,72.85,73.0,72.65,72.95,0.1,888.0
2016-12-14,50,2827980.0,206668707.0,73.2,73.3,72.9,73.1,0.15,1333.0
2016-12-15,50,3017786.0,219455120.0,72.55,73.0,72.4,73.0,-0.1,548.0
2016-12-16,50,2148428.0,155907874.0,72.8,72.8,72.3,72.3,-0.7,491.0
2016-12-19,50,2680960.0,193048170.0,72.25,72.3,71.85,71.85,-0.45,892.0
2016-12-20,50,2029791.0,145668837.0,71.95,71.95,71.55,71.75,-0.1,634.0
2016-12-21,50,9321197.0,668442424.0,71.75,71.85,71.5,71.7,-0.05,2904.0
2016-12-22,50,4971537.0,352951027.0,71.55,71.55,70.8,70.8,-0.9,2011.0
2016-12-23,50,5125956.0,361673215.0,70.6,70.85,70.35,70.55,-0.25,1671.0
2016-12-26,50,2104929.0,148795659.0,70.65,70.8,70.55,70.8,0.25,740.0
2016-12-27,50,2494279.0,176416611.0,70.8,70.9,70.65,70.75,-0.05,613.0
2016-12-28,50,3686010.0,263088848.0,70.85,71.6,70.85,71.6,0.85,885.0
2016-12-29,50,1911106.0,136351033.0,71.45,71.45,71.2,71.25,-0.35,685.0
2016-12-30,50,2726453.0,195669616.0,71.65,72.0,71.55,71.8,0.55,660.0
2017-01-03,50,2331431.0,167301490.0,71.7,71.9,71.5,71.9,0.1,451.0
2017-01-04,50,4284195.0,308177877.0,72.0,72.1,71.75,71.85,-0.05,614.0
2017-01-05,50,4573600.0,330422521.0,71.85,72.5,71.8,72.5,0.65,1236.0
2017-01-06,50,3752998.0,272387663.0,72.45,72.75,72.45,72.65,0.15,980.0
2017-01-09,50,5038290.0,366344482.0,72.75,72.95,72.3,72.45,-0.2,1057.0
2017-01-10,50,1857853.0,134624612.0,72.45,72.6,72.4,72.4,-0.05,422.0
2017-01-11,50,1898053.0,137621077.0,72.8,72.85,72.4,72.4,0.0,589.0
2017-01-12,50,4857459.0,354847738.0,72.6,73.3,72.6,73.15,0.75,1399.0
2017-01-13,50,3909860.0,284091239.0,72.8,72.8,72.6,72.6,-0.55,835.0
2017-01-16,50,2418439.0,174145772.0,72.4,72.4,71.8,72.0,-0.6,881.0
2017-01-17,50,1572741.0,113686311.0,72.0,72.4,72.0,72.3,0.3,494.0
2017-01-18,50,3837818.0,276891011.0,72.2,72.2,72.05,72.15,-0.15,679.0
2017-01-19,50,4065559.0,292416114.0,71.85,72.1,71.6,71.95,-0.2,665.0
2017-01-20,50,2422174.0,174730158.0,71.95,72.25,71.95,72.15,0.2,1433.0
2017-01-23,50,5965089.0,434672631.0,72.55,73.0,72.55,72.75,0.6,1534.0
2017-01-24,50,4575104.0,334830127.0,73.0,73.3,72.9,73.3,0.55,1858.0
2017-02-02,50,6999147.0,511783003.0,73.5,73.65,72.75,72.9,-0.4,1808.0
2017-02-03,50,2809194.0,204726612.0,72.95,73.15,72.65,72.85,-0.05,1203.0
2017-02-06,50,2947246.0,215765564.0,73.0,73.4,72.95,73.25,0.4,1195.0
2017-02-07,50,4305232.0,315681749.0,73.1,73.45,73.1,73.3,0.05,1897.0
2017-02-08,50,4433939.0,317740281.0,71.9,71.9,71.35,71.75,0.0,2095.0
2017-02-09,50,3548420.0,255343191.0,71.75,72.2,71.65,72.0,0.25,857.0
2017-02-10,50,4869787.0,353758401.0,72.1,72.95,72.1,72.8,0.8,1148.0
2017-02-13,50,3330147.0,243215631.0,72.8,73.1,72.8,72.95,0.15,924.0
2017-02-14,50,6071668.0,445062006.0,73.4,73.5,73.1,73.2,0.25,1379.0
2017-02-15,50,9407004.0,692431969.0,73.3,73.9,73.2,73.9,0.7,2298.0
2017-02-16,50,5466631.0,402438648.0,74.0,74.2,73.35,73.45,-0.45,1713.0
2017-02-17,50,5192773.0,381393148.0,73.65,73.7,73.35,73.35,-0.1,1184.0
2017-02-18,50,3227803.0,237095308.0,73.3,73.55,73.2,73.5,0.15,1190.0
2017-02-20,50,2802606.0,205434206.0,73.55,73.65,73.1,73.1,-0.4,1401.0
2017-02-21,50,3337389.0,244318096.0,73.2,73.4,73.05,73.25,0.15,527.0
2017-02-22,50,2938397.0,215548987.0,73.6,73.7,73.15,73.3,0.05,484.0
2017-02-23,50,2332442.0,170965930.0,73.25,73.55,73.1,73.1,-0.2,571.0
2017-02-24,50,1844790.0,134857020.0,73.05,73.3,72.85,73.15,0.05,615.0
2017-03-01,50,3107350.0,225726160.0,73.1,73.1,72.35,72.35,-0.8,1270.0
2017-03-02,50,7057872.0,512240160.0,72.95,73.25,72.25,72.55,0.2,1735.0
2017-03-03,50,4410226.0,318135638.0,72.3,72.35,72.0,72.1,-0.45,1751.0
2017-03-06,50,2177363.0,157105795.0,72.05,72.25,72.0,72.15,0.05,882.0
2017-03-07,50,2027296.0,146868581.0,72.25,72.6,72.25,72.45,0.3,833.0
2017-03-08,50,2182147.0,158530106.0,72.65,72.85,72.45,72.85,0.4,842.0
2017-03-09,50,3381395.0,243825130.0,72.6,72.6,71.95,72.05,-0.8,1599.0
2017-03-10,50,5423285.0,389031634.0,71.95,72.05,71.55,72.0,-0.05,1558.0
2017-03-13,50,2515382.0,182074433.0,72.15,72.5,72.15,72.5,0.5,779.0
2017-03-14,50,3948353.0,287952737.0,72.6,73.1,72.6,73.0,0.5,1207.0
2017-03-15,50,3490372.0,254234206.0,72.8,73.0,72.6,72.85,-0.15,1293.0
2017-03-16,50,7545149.0,555972274.0,73.3,73.85,73.3,73.8,0.95,2754.0
2017-03-17,50,5265875.0,389526850.0,73.85,74.1,73.75,74.0,0.2,2375.0
2017-03-20,50,5073186.0,375539714.0,73.95,74.15,73.85,73.95,-0.05,1028.0
2017-03-21,50,8511270.0,634988551.0,74.3,74.9,74.3,74.9,0.95,1843.0
2017-03-22,50,4939975.0,366163705.0,74.25,74.25,74.0,74.2,-0.7,1268.0
2017-03-23,50,4105955.0,305444615.0,74.6,74.65,74.15,74.35,0.15,687.0
2017-03-24,50,3308120.0,245456942.0,74.35,74.4,74.1,74.25,-0.1,548.0
2017-03-27,50,2474340.0,183601806.0,74.0,74.4,73.85,74.2,-0.05,582.0
2017-03-28,50,5565534.0,413437983.0,74.55,74.6,73.95,74.25,0.05,1726.0
2017-03-29,50,2464193.0,182878025.0,74.45,74.5,74.0,74.0,-0.25,551.0
2017-03-30,50,2181458.0,161500292.0,74.0,74.25,73.9,73.9,-0.1,424.0
2017-03-31,50,2008887.0,148377572.0,73.95,74.1,73.7,73.7,-0.2,614.0
2017-04-05,50,3594368.0,267911149.0,73.95,74.8,73.95,74.65,0.95,1177.0
2017-04-06,50,2811150.0,209240706.0,74.8,74.8,74.3,74.4,-0.25,880.0
2017-04-07,50,1889165.0,139505932.0,74.3,74.3,73.4,74.1,-0.3,887.0
2017-04-10,50,1060789.0,78625981.0,74.1,74.25,74.0,74.2,0.1,394.0
2017-04-11,50,1266959.0,93779536.0,74.1,74.4,73.75,73.9,-0.3,647.0
2017-04-12,50,1940147.0,143460184.0,73.9,74.1,73.65,74.05,0.15,802.0
2017-04-13,50,6004675.0,446309468.0,73.9,74.45,73.9,74.4,0.35,877.0
2017-04-14,50,2674280.0,196994842.0,73.9,73.9,73.5,73.55,-0.85,1263.0
2017-04-17,50,5339490.0,393147347.0,73.55,73.8,73.35,73.6,0.05,1008.0
2017-04-18,50,4099924.0,302371805.0,73.85,74.0,73.5,73.6,0.0,671.0
2017-04-19,50,9185446.0,669532623.0,73.1,73.25,72.65,72.8,-0.8,3402.0
2017-04-20,50,3142256.0,228422188.0,72.55,72.9,72.5,72.8,0.0,1420.0
2017-04-21,50,3247213.0,238184129.0,73.25,73.5,73.1,73.5,0.7,1035.0
2017-04-24,50,4309464.0,317407130.0,73.9,73.95,73.45,73.65,0.15,896.0
2017-04-25,50,5698061.0,422598229.0,73.85,74.4,73.7,74.35,0.7,1525.0
2017-04-26,50,4117953.0,307089866.0,74.7,74.7,74.4,74.55,0.2,953.0
2017-04-27,50,3685290.0,273944187.0,74.35,74.5,74.15,74.5,-0.05,734.0
2017-04-28,50,4423100.0,329448991.0,74.5,74.6,74.3,74.55,0.05,938.0
2017-05-02,50,15728364.0,1183549491.0,75.0,75.4,75.0,75.2,0.65,2827.0
2017-05-03,50,4711953.0,355729364.0,75.3,75.65,75.3,75.55,0.35,1708.0
2017-05-04,50,3996825.0,301811102.0,75.55,75.65,75.35,75.65,0.1,1145.0
2017-05-05,50,5287815.0,397880732.0,75.45,75.45,75.1,75.15,-0.5,1320.0
2017-05-08,50,4083374.0,308091358.0,75.55,75.7,75.25,75.7,0.55,1054.0
2017-05-09,50,4190236.0,319313121.0,75.7,76.5,75.7,75.95,0.25,1120.0
2017-05-10,50,1763035.0,134244947.0,76.15,76.35,76.0,76.25,0.3,638.0
2017-05-11,50,2018313.0,154148338.0,76.1,76.5,76.0,76.5,0.25,736.0
2017-05-12,50,2810989.0,214492626.0,76.25,76.5,76.15,76.3,-0.2,539.0
2017-05-15,50,1285720.0,98284746.0,76.3,76.55,76.2,76.5,0.2,539.0
2017-05-16,50,1598332.0,122092507.0,76.5,76.6,76.25,76.5,0.0,803.0
2017-05-17,50,1331528.0,101438562.0,76.3,76.4,76.05,76.3,-0.2,476.0
2017-05-18,50,4271928.0,323392357.0,75.65,75.9,75.3,75.9,-0.4,943.0
2017-05-19,50,1162847.0,88166922.0,75.65,75.9,75.65,75.85,-0.05,297.0
2017-05-22,50,2576137.0,195790949.0,75.95,76.15,75.75,76.05,0.2,761.0
2017-05-23,50,3844351.0,292887587.0,76.05,76.45,76.0,76.35,0.3,568.0
2017-05-24,50,2886268.0,220350338.0,76.35,76.45,76.25,76.3,-0.05,645.0
2017-05-25,50,4681977.0,360095129.0,76.7,77.0,76.45,77.0,0.7,1568.0
2017-05-26,50,4018329.0,308975447.0,77.0,77.15,76.75,76.95,-0.05,598.0
2017-05-31,50,2701301.0,207172841.0,76.95,77.5,76.4,76.5,-0.45,765.0
2017-06-01,50,2221692.0,170334430.0,76.5,76.9,76.5,76.9,0.4,782.0
2017-06-02,50,3540934.0,273287776.0,77.3,77.3,77.05,77.2,0.3,733.0
2017-06-03,50,2052295.0,158709516.0,77.25,77.4,77.25,77.4,0.2,541.0
2017-06-05,50,3281752.0,254540406.0,77.35,78.0,77.25,78.0,0.6,849.0
2017-06-06,50,1203007.0,93684346.0,77.95,77.95,77.7,77.95,-0.05,618.0
2017-06-07,50,1844790.0,143852570.0,77.9,78.1,77.7,77.95,0.0,485.0
2017-06-08,50,1886861.0,147421476.0,77.95,78.25,77.8,78.25,0.3,489.0
2017-06-09,50,3010414.0,235254296.0,78.05,78.35,77.95,78.0,-0.25,1261.0
2017-06-12,50,3300815.0,254991488.0,77.15,77.5,77.05,77.15,-0.85,1008.0
2017-06-13,50,1615980.0,124661164.0,77.15,77.3,77.0,77.25,0.1,437.0
2017-06-14,50,3380592.0,259920485.0,77.4,77.4,76.5,76.85,-0.4,775.0
2017-06-15,50,1507476.0,115742992.0,76.8,76.9,76.6,76.9,0.05,473.0
2017-06-16,50,4233093.0,327234575.0,76.9,77.7,76.85,77.7,0.8,711.0
2017-06-19,50,5144835.0,403115770.0,77.7,78.55,77.7,78.55,0.85,1459.0
2017-06-20,50,4046834.0,320905688.0,78.6,79.65,78.6,79.45,0.9,1306.0
2017-06-21,50,13612954.0,1084759757.0,79.2,79.9,78.85,79.55,0.1,2001.0
2017-06-22,50,6112800.0,487656013.0,79.6,79.85,79.55,79.75,0.2,1120.0
2017-06-23,50,8517089.0,679313575.0,79.75,80.05,79.65,79.7,-0.05,3426.0
2017-06-26,50,14254481.0,1152368187.0,79.8,81.5,79.8,81.4,1.7,2367.0
2017-06-27,50,3026202.0,245706817.0,81.4,81.5,81.0,81.3,-0.1,1145.0
2017-06-28,50,6286912.0,506227717.0,80.9,81.05,80.3,80.55,-0.75,2321.0
2017-06-29,50,1427255.0,115380165.0,81.0,81.05,80.5,80.65,0.1,513.0
2017-06-30,50,3070653.0,245991027.0,80.1,80.4,79.8,80.4,-0.25,854.0
2017-07-03,50,1551046.0,124698923.0,80.4,80.6,80.2,80.45,0.05,619.0
2017-07-04,50,1237199.0,99372295.0,80.45,80.6,80.0,80.0,-0.45,522.0
2017-07-05,50,2274312.0,182530450.0,80.1,80.75,79.75,80.75,0.75,765.0
2017-07-06,50,2492419.0,200268697.0,80.75,80.75,80.2,80.4,-0.35,715.0
2017-07-07,50,3569810.0,285400443.0,80.25,80.25,79.8,79.95,-0.45,1199.0
2017-07-10,50,3549929.0,284770751.0,80.0,80.45,80.0,80.35,0.4,1183.0
2017-07-11,50,4138771.0,336245539.0,80.7,81.55,80.55,81.55,1.2,1699.0
2017-07-12,50,3948227.0,322132882.0,81.5,81.8,81.3,81.55,0.0,1168.0
2017-07-13,50,3992624.0,328058991.0,81.95,82.4,81.75,82.2,0.65,1055.0
2017-07-14,50,2281634.0,187062793.0,82.0,82.15,81.8,82.05,-0.15,903.0
2017-07-17,50,2687643.0,221106322.0,82.5,82.55,82.0,82.2,0.15,916.0
2017-07-18,50,3277706.0,269432663.0,82.2,82.4,81.85,82.4,0.2,799.0
2017-07-19,50,7267690.0,601075693.0,82.35,83.0,82.35,82.7,0.3,2647.0
2017-07-20,50,2020686.0,167118472.0,82.85,82.9,82.55,82.65,-0.05,564.0
2017-07-21,50,4465912.0,367035273.0,82.6,82.6,82.05,82.1,-0.55,1448.0
2017-07-24,50,2364317.0,194054288.0,81.95,82.3,81.75,82.3,0.2,973.0
2017-07-25,50,2126646.0,175014217.0,82.3,82.5,82.1,82.45,0.15,676.0
2017-07-26,50,2357445.0,194141125.0,82.55,82.75,82.05,82.15,-0.3,865.0
2017-07-27,50,2213720.0,183279010.0,82.2,83.0,82.2,83.0,0.85,696.0
2017-07-28,50,4401601.0,361925338.0,82.4,82.45,81.95,82.1,-0.9,1291.0
2017-07-31,50,2806599.0,228312297.0,81.45,81.5,81.05,81.35,0.0,879.0
2017-08-01,50,2642390.0,216364087.0,82.15,82.15,81.55,81.8,0.45,732.0
2017-08-02,50,5045458.0,415944445.0,82.0,82.65,82.0,82.5,0.7,1221.0
2017-08-03,50,4029108.0,330913722.0,81.85,82.35,81.7,82.2,-0.3,827.0
2017-08-04,50,1143998.0,94089503.0,82.15,82.35,82.05,82.35,0.15,427.0
2017-08-07,50,4108819.0,340304464.0,82.45,83.0,82.45,82.95,0.6,1251.0
2017-08-08,50,2985746.0,247502919.0,83.05,83.25,82.55,82.9,-0.05,728.0
2017-08-09,50,3122228.0,256746634.0,82.55,82.6,82.05,82.15,-0.75,1325.0
2017-08-10,50,3168994.0,258728506.0,82.35,82.45,81.35,81.6,-0.55,1480.0
2017-08-11,50,2747290.0,222731207.0,80.85,81.35,80.75,81.25,-0.35,1267.0
2017-08-14,50,2245412.0,182056872.0,81.45,81.6,80.75,80.75,-0.5,1259.0
2017-08-15,50,2708861.0,220017887.0,81.3,81.5,80.95,81.3,0.55,1240.0
2017-08-16,50,6282836.0,507696840.0,81.15,81.25,80.6,81.0,-0.3,3347.0
2017-08-17,50,1968802.0,160481161.0,81.25,81.7,81.15,81.65,0.65,1359.0
2017-08-18,50,2315643.0,187445943.0,81.0,81.15,80.65,81.15,-0.5,1477.0
2017-08-21,50,2050279.0,166059249.0,81.05,81.2,80.75,81.05,-0.1,1214.0
2017-08-22,50,3986645.0,326026244.0,81.45,81.9,81.45,81.85,0.8,1808.0
2017-08-23,50,5504507.0,451486956.0,82.0,82.25,81.75,81.75,-0.1,1548.0
2017-08-24,50,3487871.0,287289732.0,81.85,82.55,81.85,82.55,0.8,1621.0
2017-08-25,50,2614758.0,216110040.0,82.65,82.75,82.4,82.7,0.15,1497.0
2017-08-28,50,2773226.0,229032672.0,82.7,82.8,82.4,82.55,-0.15,1625.0
2017-08-29,50,1228682.0,100988135.0,82.25,82.4,81.95,82.3,-0.25,758.0
2017-08-30,50,4119943.0,340949183.0,82.65,82.9,82.6,82.7,0.4,1574.0
2017-08-31,50,3284317.0,272401261.0,83.15,83.15,82.7,82.95,0.25,863.0
2017-09-01,50,4429357.0,367698896.0,82.95,83.2,82.65,83.0,0.05,1242.0
2017-09-04,50,2595960.0,215379980.0,82.9,83.05,82.7,82.85,-0.15,1249.0
2017-09-05,50,2564014.0,212297667.0,82.9,83.0,82.65,82.95,0.1,894.0
2017-09-06,50,2891459.0,239135774.0,82.7,82.9,82.35,82.6,-0.35,733.0
2017-09-07,50,1368850.0,112962000.0,82.8,82.85,82.2,82.25,-0.35,523.0
2017-09-08,50,2841807.0,235025531.0,82.4,82.9,82.4,82.7,0.45,460.0
2017-09-11,50,1627740.0,134840770.0,83.25,83.35,82.5,82.55,-0.15,641.0
2017-09-12,50,1394251.0,115579395.0,82.95,83.05,82.65,82.85,0.3,484.0
2017-09-13,50,2175414.0,179336920.0,82.9,83.0,82.25,82.3,-0.55,853.0
2017-09-14,50,1749686.0,144135177.0,82.3,82.55,82.15,82.35,0.05,543.0
2017-09-15,50,1821006.0,149836316.0,82.35,82.5,82.1,82.35,0.0,666.0
2017-09-18,50,2692818.0,223439577.0,82.85,83.15,82.6,83.15,0.8,1093.0
2017-09-19,50,1456448.0,120871287.0,83.2,83.3,82.65,82.75,-0.4,689.0
2017-09-20,50,9963674.0,818692732.0,82.5,82.65,82.1,82.2,-0.55,3861.0
2017-09-21,50,1830228.0,150729480.0,82.05,82.8,81.95,82.7,0.5,677.0
2017-09-22,50,5605786.0,458418952.0,82.6,82.6,81.55,81.6,-1.1,1799.0
2017-09-25,50,7071046.0,572821645.0,81.55,81.55,80.75,80.95,-0.65,3080.0
2017-09-26,50,11752300.0,947629479.0,80.8,81.05,80.3,80.3,-0.65,4705.0
2017-09-27,50,6242902.0,504135812.0,80.6,80.9,80.55,80.7,0.4,2313.0
2017-09-28,50,6899317.0,555464689.0,80.75,80.8,80.3,80.4,-0.3,2076.0
2017-09-29,50,3443865.0,277186537.0,80.45,80.65,80.3,80.65,0.25,1210.0
2017-09-30,50,1585133.0,128476096.0,81.0,81.2,80.85,81.2,0.55,801.0
2017-10-02,50,3261192.0,265639968.0,81.25,81.6,81.25,81.5,0.3,931.0
2017-10-03,50,1578103.0,128664783.0,81.55,81.7,81.3,81.5,0.0,573.0
2017-10-05,50,6407078.0,524400046.0,81.5,82.1,81.5,81.85,0.35,851.0
2017-10-06,50,4126781.0,338645008.0,82.1,82.2,81.95,82.1,0.25,1028.0
2017-10-11,50,15975456.0,1328351032.0,82.45,83.4,82.45,83.4,1.3,5338.0
2017-10-12,50,8770044.0,736349192.0,83.55,84.2,83.55,84.2,0.8,3463.0
2017-10-13,50,3596016.0,301743272.0,83.95,84.05,83.75,84.05,-0.15,1384.0
2017-10-16,50,4045713.0,340972938.0,84.05,84.5,84.05,84.5,0.45,1852.0
2017-10-17,50,3233897.0,273273995.0,84.55,84.7,84.3,84.3,-0.2,1105.0
2017-10-18,50,4472628.0,378300867.0,84.8,85.0,84.3,84.6,0.3,1094.0
2017-10-19,50,2447441.0,208033714.0,84.7,85.2,84.7,84.9,0.3,895.0
2017-10-20,50,1725562.0,146031654.0,84.4,84.85,84.4,84.55,-0.35,620.0
2017-10-23,50,1771858.0,149959192.0,84.7,84.95,84.45,84.5,-0.05,527.0
2017-10-24,50,1072153.0,90505455.0,84.5,84.5,84.2,84.4,-0.1,408.0
2017-10-25,50,2416641.0,203863633.0,84.3,84.6,84.2,84.35,-0.05,545.0
2017-10-26,50,3226482.0,271833233.0,84.15,84.4,84.0,84.25,-0.1,792.0
2017-10-27,50,2141138.0,180898607.0,84.3,84.75,84.2,84.3,0.05,561.0
2017-10-30,50,3357992.0,285709119.0,85.1,85.35,84.8,84.95,0.65,709.0
2017-10-31,50,2131434.0,181429580.0,85.0,85.35,84.8,85.2,0.25,552.0
2017-11-01,50,1313748.0,111897404.0,85.35,85.4,84.95,85.1,-0.1,430.0
2017-11-02,50,1562537.0,132638338.0,84.95,85.05,84.7,84.8,-0.3,479.0
2017-11-03,50,1455869.0,123451696.0,84.95,85.05,84.6,84.7,-0.1,483.0
2017-11-06,50,1573301.0,133589185.0,85.2,85.3,84.6,84.85,0.15,749.0
2017-11-07,50,2211471.0,188228636.0,85.0,85.3,84.85,85.3,0.45,827.0
2017-11-08,50,809880.0,68867950.0,85.2,85.2,84.95,84.95,-0.35,399.0
2017-11-09,50,1258299.0,106726777.0,84.95,85.05,84.4,84.4,-0.55,562.0
2017-11-10,50,923206.0,77817461.0,84.3,84.55,83.95,84.55,0.15,552.0
2017-11-13,50,979282.0,82529190.0,84.25,84.4,84.2,84.3,-0.25,552.0
2017-11-14,50,1015799.0,85431374.0,84.3,84.3,83.95,84.15,-0.15,620.0
2017-11-15,50,6270191.0,523327685.0,83.8,83.85,83.15,83.3,-0.85,2923.0
2017-11-16,50,2176812.0,181765196.0,83.3,83.75,83.2,83.6,0.3,1253.0
2017-11-17,50,7196119.0,606871857.0,84.3,84.45,84.15,84.35,0.75,1336.0
2017-11-20,50,2301024.0,193525979.0,84.4,84.45,83.9,84.0,-0.35,1105.0
2017-11-21,50,4469688.0,376042144.0,83.9,84.8,83.9,84.75,0.75,1019.0
2017-11-22,50,4913723.0,419446227.0,85.15,85.6,84.9,85.15,0.4,1676.0
2017-11-23,50,1552051.0,132161764.0,85.15,85.35,84.95,85.2,0.05,597.0
2017-11-24,50,1068534.0,91012427.0,85.25,85.3,84.95,85.15,-0.05,530.0
2017-11-27,50,2127304.0,179561728.0,85.15,85.15,84.1,84.15,-1.0,899.0
2017-11-28,50,2007123.0,167971263.0,83.95,84.0,83.5,83.6,-0.55,1014.0
2017-11-29,50,1381859.0,115678483.0,83.65,83.95,83.55,83.7,0.1,559.0
2017-11-30,50,8038492.0,663634455.0,83.0,83.0,82.25,82.25,-1.45,2887.0
2017-12-01,50,5620322.0,462116126.0,82.15,82.9,81.65,82.6,0.35,2376.0
2017-12-04,50,1503749.0,124232242.0,82.65,82.95,82.35,82.9,0.3,673.0
2017-12-05,50,1880132.0,154873413.0,82.55,82.65,82.2,82.25,-0.65,1308.0
2017-12-06,50,13235403.0,1076016844.0,82.1,82.1,80.85,80.85,-1.4,6470.0
2017-12-07,50,7309030.0,590253335.0,81.2,81.25,80.45,80.9,0.05,3451.0
2017-12-08,50,6280017.0,507950499.0,81.5,81.5,80.65,80.9,0.0,2684.0
2017-12-11,50,2738995.0,223183119.0,81.2,81.65,81.2,81.5,0.6,1611.0
2017-12-12,50,3940646.0,318854886.0,81.4,81.5,80.55,80.95,-0.55,1585.0
2017-12-13,50,1676999.0,135829186.0,81.1,81.2,80.9,81.0,0.05,777.0
2017-12-14,50,2246280.0,183713434.0,81.55,82.0,81.35,81.75,0.75,882.0
2017-12-15,50,4077161.0,329949967.0,81.65,81.65,80.65,81.1,-0.65,1649.0
2017-12-18,50,3842614.0,311718747.0,81.2,81.25,80.85,81.2,0.1,787.0
2017-12-19,50,4095098.0,331846488.0,81.2,81.4,80.7,80.8,-0.4,885.0
2017-12-20,50,4652274.0,376271387.0,80.8,81.1,80.75,81.05,0.25,1310.0
2017-12-21,50,1240823.0,100664300.0,81.1,81.35,81.0,81.0,-0.05,521.0
2017-12-22,50,1644841.0,133059742.0,80.8,81.35,80.7,81.3,0.3,546.0
2017-12-25,50,1002933.0,81627136.0,81.3,81.55,81.3,81.45,0.15,557.0
2017-12-26,50,2578196.0,208312540.0,81.45,81.45,80.5,80.65,-0.8,1118.0
2017-12-27,50,3600143.0,290733340.0,80.6,80.9,80.55,80.9,0.25,675.0
2017-12-28,50,3094816.0,252391818.0,81.25,81.75,81.25,81.7,0.8,962.0
2017-12-29,50,4690296.0,384768069.0,81.75,82.2,81.75,82.15,0.45,1612.0
2018-01-02,50,3613199.0,298033251.0,82.15,82.6,82.15,82.6,0.45,1795.0
2018-01-03,50,7196437.0,599476413.0,82.95,83.45,82.95,83.35,0.75,3014.0
2018-01-04,50,5627565.0,469312820.0,83.5,83.65,83.2,83.5,0.15,2278.0
2018-01-05,50,7616796.0,636768692.0,83.5,83.8,83.3,83.75,0.25,2562.0
2018-01-08,50,5189611.0,435775639.0,83.8,84.15,83.7,84.1,0.35,2282.0
2018-01-09,50,3664716.0,308057554.0,84.1,84.25,83.9,84.15,0.05,1340.0
2018-01-10,50,5749597.0,482358793.0,84.1,84.25,83.55,83.75,-0.4,1073.0
2018-01-11,50,2579225.0,214867793.0,83.65,83.7,83.1,83.4,-0.35,735.0
2018-01-12,50,2871193.0,241214778.0,83.55,84.2,83.5,84.1,0.7,1002.0
2018-01-15,50,2819852.0,238493616.0,84.55,84.7,84.4,84.65,0.55,1126.0
2018-01-16,50,3955841.0,335496385.0,84.65,85.0,84.5,85.0,0.35,1295.0
2018-01-17,50,5698268.0,485174071.0,84.65,85.45,84.65,85.15,0.15,2017.0
2018-01-18,50,6898803.0,594091024.0,85.5,86.55,85.5,86.3,1.15,2272.0
2018-01-19,50,5302072.0,461040360.0,86.35,87.15,86.35,87.15,0.85,1445.0
2018-01-22,50,4441061.0,389066253.0,87.15,87.95,87.15,87.95,0.8,1746.0
2018-01-23,50,5799932.0,511405502.0,88.05,88.4,87.9,88.3,0.35,1842.0
2018-01-24,50,5103429.0,444907065.0,88.0,88.0,86.85,87.2,-1.1,1869.0
2018-01-25,50,4983684.0,436967956.0,87.25,88.3,87.15,87.45,0.25,1652.0
2018-01-26,50,7774673.0,678481509.0,87.45,87.6,86.85,87.5,0.05,3087.0
2018-01-29,50,6445797.0,551350942.0,85.5,86.15,85.2,85.55,0.0,3453.0
2018-01-30,50,4966261.0,421572779.0,85.2,85.35,84.5,84.55,-1.0,2337.0
2018-01-31,50,4251739.0,359040915.0,84.4,85.0,84.15,84.65,0.1,1176.0
2018-02-01,50,2914539.0,248420810.0,84.75,85.5,84.75,85.25,0.6,897.0
2018-02-02,50,3081592.0,261095295.0,84.85,85.15,84.35,84.9,-0.35,880.0
2018-02-05,50,7075902.0,588994369.0,83.2,83.75,82.9,83.6,-1.3,2875.0
2018-02-06,50,32222595.0,2574016957.0,80.85,81.1,78.8,79.65,-3.95,11372.0
2018-02-07,50,10181907.0,825539952.0,81.35,81.4,80.6,80.65,1.0,5189.0
2018-02-08,50,4514691.0,363476832.0,80.65,80.95,80.3,80.6,-0.05,1972.0
2018-02-09,50,16211237.0,1271812204.0,78.6,79.2,78.0,79.05,-1.55,6760.0
2018-02-12,50,8443795.0,672977850.0,79.55,79.9,79.4,79.7,0.65,3828.0
2018-02-21,50,11646085.0,948993971.0,81.4,81.7,81.1,81.5,1.8,4541.0
2018-02-22,50,3749910.0,303821917.0,81.5,81.5,80.75,81.0,-0.5,1744.0
2018-02-23,50,3779316.0,309207057.0,81.4,82.1,81.4,82.0,1.0,1793.0
2018-02-26,50,3289207.0,271560439.0,82.55,82.8,82.35,82.4,0.4,1380.0
2018-02-27,50,7663746.0,634417022.0,83.1,83.2,82.35,82.35,-0.05,2037.0
2018-03-01,50,4344220.0,354595798.0,81.55,81.95,81.15,81.75,-0.6,2554.0
2018-03-02,50,6262361.0,505982082.0,80.85,81.2,80.45,81.15,-0.6,2846.0
2018-03-05,50,3723757.0,301898098.0,81.1,81.5,80.65,80.75,-0.4,1223.0
2018-03-06,50,5732204.0,469203518.0,81.65,82.15,81.6,82.15,1.4,1756.0
2018-03-07,50,2619161.0,214899152.0,81.75,82.45,81.7,81.8,-0.35,1029.0
2018-03-08,50,3232583.0,266947148.0,82.15,82.8,82.15,82.75,0.95,1396.0
2018-03-09,50,2832064.0,234740002.0,82.9,83.0,82.7,82.85,0.1,986.0
2018-03-12,50,8752324.0,735446031.0,83.6,84.25,83.55,84.15,1.3,2942.0
2018-03-13,50,9837435.0,831704291.0,84.35,84.95,84.3,84.95,0.8,3126.0
2018-03-14,50,3415928.0,287869559.0,84.35,84.45,84.0,84.3,-0.65,1373.0
2018-03-15,50,3506898.0,295014773.0,84.0,84.3,83.9,84.25,-0.05,1533.0
2018-03-16,50,5510671.0,460021500.0,84.0,84.2,83.1,83.9,-0.35,1652.0
2018-03-19,50,2035534.0,170676406.0,83.65,84.1,83.45,83.85,-0.05,892.0
2018-03-20,50,2895350.0,241726053.0,83.2,83.8,83.2,83.8,-0.05,1019.0
2018-03-21,50,4891527.0,410076823.0,83.8,84.1,83.6,83.85,0.05,2337.0
2018-03-22,50,3429925.0,288139929.0,84.0,84.6,83.45,83.55,-0.3,1608.0
2018-03-23,50,8259738.0,677767488.0,81.85,82.4,81.8,82.1,-1.45,2816.0
2018-03-26,50,4369122.0,357831903.0,81.85,82.2,81.6,82.2,0.1,1837.0
2018-03-27,50,3277568.0,272571549.0,83.0,83.4,82.95,83.4,1.2,1015.0
2018-03-28,50,4161192.0,343127725.0,82.9,82.9,82.2,82.25,-1.15,1306.0
2018-03-29,50,4099855.0,336213829.0,82.25,82.35,81.8,82.1,-0.15,1127.0
2018-03-30,50,4994090.0,414075827.0,82.65,83.05,82.65,82.85,0.75,1285.0
2018-03-31,50,878295.0,72801339.0,82.85,83.05,82.75,82.95,0.1,495.0
2018-04-02,50,3737299.0,307813730.0,82.85,82.95,82.15,82.25,-0.7,1099.0
2018-04-03,50,6187523.0,503435586.0,81.5,81.55,81.2,81.5,-0.75,2624.0
2018-04-09,50,3401430.0,278923482.0,82.15,82.3,81.6,82.2,0.7,1167.0
2018-04-10,50,3860497.0,318719411.0,82.1,82.85,81.75,82.5,0.3,1039.0
2018-04-11,50,2603653.0,215930349.0,82.9,83.1,82.75,82.85,0.35,1252.0
2018-04-12,50,3591573.0,296423097.0,83.05,83.15,82.25,82.5,-0.35,1267.0
2018-04-13,50,2982732.0,246303554.0,82.7,82.8,82.3,82.5,0.0,792.0
2018-04-16,50,1809198.0,148796053.0,82.65,82.65,82.0,82.3,-0.2,761.0
2018-04-17,50,4325040.0,352876030.0,82.4,82.4,81.35,81.4,-0.9,2223.0
2018-04-18,50,3739837.0,305624331.0,81.6,82.1,81.35,81.6,0.2,1306.0
2018-04-19,50,4461269.0,367816687.0,81.9,82.65,81.9,82.65,1.05,1200.0
2018-04-20,50,9017715.0,728325834.0,81.0,81.1,80.5,80.75,-1.9,3705.0
2018-04-23,50,10624780.0,850769704.0,80.25,80.45,79.9,79.95,-0.8,5274.0
2018-04-24,50,16867787.0,1341875510.0,79.9,79.95,79.05,79.55,-0.4,6924.0
2018-04-25,50,16460997.0,1301833349.0,79.25,79.3,78.8,79.3,-0.25,7679.0
2018-04-26,50,16485778.0,1305124761.0,79.7,79.7,78.8,79.05,-0.25,6863.0
2018-04-27,50,12395611.0,979827894.0,79.6,79.65,78.8,79.2,0.15,4730.0
2018-04-30,50,6516983.0,519421423.0,79.65,80.15,79.05,80.0,0.8,2677.0
2018-05-02,50,5513498.0,439622305.0,80.05,80.15,79.4,79.4,-0.6,2584.0
2018-05-03,50,8823434.0,694073004.0,79.05,79.05,78.35,78.55,-0.85,4248.0
2018-05-04,50,3475423.0,273248775.0,78.55,79.0,78.4,78.95,0.4,1860.0
2018-05-07,50,3858382.0,305849245.0,79.5,79.55,78.8,79.5,0.55,1752.0
2018-05-08,50,5352116.0,427504370.0,79.4,80.05,79.35,80.0,0.5,2272.0
2018-05-09,50,3359022.0,270071272.0,80.0,80.55,80.0,80.45,0.45,1914.0
2018-05-10,50,5977304.0,481662488.0,80.7,80.7,80.45,80.65,0.2,3239.0
2018-05-11,50,17654297.0,1436892102.0,81.1,81.7,81.05,81.6,0.95,6364.0
2018-05-14,50,17197686.0,1414607650.0,82.0,82.6,81.9,82.5,0.9,6171.0
2018-05-15,50,7222482.0,592065703.0,82.35,82.4,81.65,81.65,-0.85,2449.0
2018-05-16,50,8293601.0,677320569.0,81.45,81.8,81.4,81.75,0.1,2922.0
2018-05-17,50,1940778.0,158110701.0,81.95,82.0,81.2,81.2,-0.55,1009.0
2018-05-18,50,2360712.0,191353462.0,81.2,81.5,80.85,80.95,-0.25,1051.0
2018-05-21,50,3889661.0,318673185.0,81.2,82.1,81.2,82.05,1.1,1717.0
2018-05-22,50,1837449.0,150711615.0,81.8,82.3,81.75,81.75,-0.3,834.0
2018-05-23,50,2124373.0,173329337.0,81.9,82.0,81.3,81.35,-0.4,663.0
2018-05-24,50,1135324.0,92525577.0,81.35,81.7,81.25,81.55,0.2,460.0
2018-05-25,50,3115748.0,254971743.0,81.55,82.05,81.4,81.85,0.3,1454.0
2018-05-28,50,2940383.0,241485608.0,82.05,82.25,82.0,82.2,0.35,1601.0
2018-05-29,50,1388540.0,113427981.0,82.2,82.2,81.5,81.85,-0.35,580.0
2018-05-30,50,6177819.0,497863690.0,81.4,81.4,80.3,80.4,-1.45,3017.0
2018-05-31,50,1605922.0,129628697.0,80.8,80.95,80.55,80.75,0.35,733.0
2018-06-01,50,1848694.0,150141515.0,80.8,81.45,80.8,81.35,0.6,818.0
2018-06-04,50,7081064.0,583108366.0,81.8,82.6,81.8,82.6,1.25,2675.0
2018-06-05,50,2695921.0,222338374.0,82.7,82.7,82.25,82.5,-0.1,1361.0
2018-06-06,50,6398322.0,531456226.0,82.65,83.35,82.65,83.3,0.8,2988.0
2018-06-07,50,6704318.0,557849318.0,83.5,83.6,83.0,83.45,0.15,1499.0
2018-06-08,50,3469539.0,287811322.0,83.3,83.3,82.5,82.55,-0.9,980.0
2018-06-11,50,3264375.0,269605262.0,82.8,82.95,82.4,82.65,0.1,838.0
2018-06-12,50,2243224.0,184469445.0,82.25,82.5,81.95,82.5,-0.15,697.0
2018-06-13,50,4668145.0,386299235.0,82.45,83.1,82.35,83.0,0.5,1475.0
2018-06-14,50,3564268.0,292513426.0,82.5,82.55,81.75,81.75,-1.25,1517.0
2018-06-15,50,3862122.0,314683389.0,81.6,81.95,81.2,81.95,0.2,1377.0
2018-06-19,50,4994238.0,403588078.0,81.1,81.2,80.6,80.6,-1.35,2728.0
2018-06-20,50,7866995.0,637796526.0,80.65,81.7,80.3,81.5,0.9,4099.0
2018-06-21,50,2134851.0,173683734.0,81.5,81.6,81.2,81.25,-0.25,1305.0
2018-06-22,50,6482461.0,523157693.0,80.8,81.2,80.35,81.15,-0.1,2708.0
2018-06-25,50,7993181.0,646507087.0,80.85,81.05,80.7,80.9,-0.25,3482.0
2018-06-26,50,16434141.0,1320542535.0,80.7,80.7,80.0,80.7,-0.2,7473.0
2018-06-27,50,8308049.0,668958497.0,80.75,80.9,80.3,80.4,-0.3,3764.0
2018-06-28,50,12064020.0,965311034.0,80.05,80.4,79.8,80.05,-0.35,4165.0
2018-06-29,50,6584213.0,532141516.0,80.3,81.55,80.2,81.45,1.4,3155.0
2018-07-02,50,4175628.0,340342167.0,81.5,81.9,81.0,81.05,-0.4,1476.0
2018-07-03,50,5023687.0,407797091.0,81.3,81.95,80.6,81.15,0.1,1445.0
2018-07-04,50,1746449.0,142005065.0,81.15,81.6,81.1,81.4,0.25,720.0
2018-07-05,50,3119082.0,252501708.0,81.45,81.45,80.6,80.75,-0.65,1163.0
2018-07-06,50,5351492.0,431770914.0,81.1,81.15,80.2,80.95,0.2,1679.0
2018-07-09,50,9040778.0,742124242.0,81.75,82.45,81.55,82.25,1.3,2919.0
2018-07-10,50,4913802.0,405509024.0,82.65,82.8,82.35,82.45,0.2,2340.0
2018-07-11,50,3899069.0,317877992.0,81.7,81.9,81.3,81.7,-0.75,1081.0
2018-07-12,50,6882846.0,567290801.0,81.6,82.65,81.5,82.65,0.95,2051.0
2018-07-13,50,13661779.0,1135575906.0,83.0,83.4,82.8,83.35,0.7,4818.0
2018-07-16,50,5332432.0,443588641.0,83.3,83.45,83.0,83.0,-0.35,1945.0
2018-07-17,50,2992751.0,247259857.0,82.85,82.85,82.4,82.55,-0.45,949.0
2018-07-18,50,13174455.0,1096705424.0,83.15,83.5,82.95,83.05,0.5,6528.0
2018-07-19,50,13217661.0,1104868177.0,83.1,83.8,83.05,83.3,0.25,3471.0
2018-07-20,50,18403370.0,1554789461.0,84.0,84.7,84.0,84.65,1.35,5400.0
2018-07-23,50,8504472.0,717700336.0,84.3,84.75,83.85,84.55,0.0,2543.0
2018-07-24,50,5116814.0,432638596.0,84.45,84.7,84.15,84.7,0.15,2053.0
2018-07-25,50,6352201.0,538152149.0,84.05,84.85,84.05,84.75,0.05,1862.0
2018-07-26,50,8471170.0,720308687.0,84.75,85.25,84.75,85.0,0.25,2884.0
2018-07-27,50,5947118.0,508730875.0,85.1,85.75,85.1,85.7,0.7,1942.0
2018-07-30,50,3230410.0,276780248.0,85.65,85.9,85.4,85.55,-0.15,1179.0
2018-07-31,50,2739663.0,234041326.0,85.35,85.7,85.05,85.55,0.0,1056.0
2018-08-01,50,4012507.0,345034802.0,85.8,86.2,85.8,86.15,0.6,1507.0
2018-08-02,50,4774950.0,408144300.0,86.1,86.15,84.85,84.85,-1.3,1255.0
2018-08-03,50,1225166.0,104806018.0,85.4,85.7,85.35,85.55,0.7,661.0
2018-08-06,50,2424671.0,208061157.0,85.55,86.1,85.35,85.7,0.15,1169.0
2018-08-07,50,1199281.0,102654664.0,85.7,85.8,85.4,85.5,-0.2,893.0
2018-08-08,50,4074984.0,351307291.0,85.8,86.4,85.8,86.15,0.65,1274.0
2018-08-09,50,1631789.0,140409677.0,86.1,86.25,85.7,86.15,0.0,860.0
2018-08-10,50,1279917.0,109887403.0,85.7,86.15,85.65,85.7,-0.45,717.0
2018-08-13,50,7284934.0,613593198.0,85.05,85.05,83.65,83.95,-1.75,3154.0
2018-08-14,50,2243205.0,189202665.0,84.4,84.6,84.05,84.55,0.6,1082.0
2018-08-15,50,4279671.0,358442697.0,84.5,84.5,83.45,83.75,-0.8,2778.0
2018-08-16,50,4532542.0,378662628.0,83.25,84.1,83.05,83.8,0.05,1957.0
2018-08-17,50,4640039.0,388914326.0,83.95,84.15,83.6,83.65,-0.15,1655.0
2018-08-20,50,3147996.0,264000882.0,83.9,84.1,83.7,83.95,0.3,1466.0
2018-08-21,50,5023058.0,423888290.0,83.9,84.65,83.9,84.55,0.6,1700.0
2018-08-22,50,3545768.0,300217040.0,84.7,84.85,84.35,84.65,0.1,1156.0
2018-08-23,50,3869236.0,328564580.0,84.8,85.2,84.6,85.05,0.4,903.0
2018-08-24,50,2549174.0,216059090.0,85.0,85.1,84.45,84.8,-0.25,810.0
2018-08-27,50,5025454.0,428795783.0,85.0,85.55,85.0,85.55,0.75,1853.0
2018-08-28,50,8288078.0,714613443.0,85.95,86.4,85.95,86.25,0.7,2833.0
2018-08-29,50,13383846.0,1164633494.0,86.45,87.35,86.45,87.25,1.0,4145.0
2018-08-30,50,9894177.0,869371023.0,87.8,88.35,87.45,87.55,0.3,3515.0
2018-08-31,50,4245610.0,368332289.0,87.0,87.0,86.45,86.95,-0.6,2097.0
2018-09-03,50,3670077.0,318489642.0,86.95,87.2,86.4,86.45,-0.5,1852.0
2018-09-04,50,2357725.0,204511025.0,86.8,87.0,86.45,87.0,0.55,1553.0
2018-09-05,50,2496308.0,217228848.0,87.0,87.3,86.7,87.0,0.0,1053.0
2018-09-06,50,1945889.0,168384874.0,86.9,86.9,86.2,86.5,-0.5,1168.0
2018-09-07,50,2505908.0,216029254.0,86.2,86.45,86.0,86.4,-0.1,1256.0
2018-09-10,50,5319281.0,457230691.0,86.6,86.6,85.65,86.0,-0.4,2224.0
2018-09-11,50,19525404.0,1672322444.0,85.95,86.0,85.4,85.65,-0.35,7801.0
2018-09-12,50,18583973.0,1588075828.0,85.85,85.9,85.25,85.55,-0.1,7809.0
2018-09-13,50,20996200.0,1789506288.0,85.8,85.8,84.9,84.95,-0.6,9849.0
2018-09-14,50,8616375.0,741763887.0,85.75,86.5,85.6,86.5,1.55,3095.0
2018-09-17,50,8988960.0,773023506.0,86.5,86.5,85.7,85.85,-0.65,2440.0
2018-09-18,50,6140571.0,524809750.0,85.6,85.7,85.2,85.4,-0.45,2243.0
2018-09-19,50,6881627.0,591822766.0,85.8,86.3,85.7,86.15,0.75,3226.0
2018-09-20,50,4159776.0,357894112.0,86.45,86.55,85.8,85.9,-0.25,1030.0
2018-09-21,50,7370439.0,636825668.0,86.25,86.85,85.9,86.85,0.95,2626.0
2018-09-25,50,7506252.0,652734924.0,86.65,87.15,86.6,87.1,0.25,2984.0
2018-09-26,50,8036503.0,698254201.0,86.9,87.0,86.75,86.9,-0.2,2692.0
2018-09-27,50,27800036.0,2423747411.0,86.6,87.45,86.6,87.35,0.45,8114.0
2018-09-28,50,13202371.0,1151404227.0,87.35,87.65,86.6,86.9,-0.45,4328.0
2018-10-01,50,5914234.0,516131207.0,86.9,87.4,86.9,87.35,0.45,2729.0
2018-10-02,50,5434332.0,469382289.0,87.25,87.25,86.0,86.05,-1.3,2466.0
2018-10-03,50,4369690.0,375778640.0,86.05,86.3,85.8,85.95,-0.1,1554.0
2018-10-04,50,9736968.0,827292110.0,85.7,85.7,84.8,84.9,-1.05,4230.0
2018-10-05,50,26744096.0,2239942717.0,84.5,84.5,83.0,83.45,-1.45,11367.0
2018-10-08,50,46523204.0,3855479629.0,82.95,83.4,82.5,83.0,-0.45,16777.0
2018-10-09,50,20530897.0,1706528887.0,83.05,83.4,82.8,83.25,0.25,9093.0
2018-10-11,50,68551624.0,5389808235.0,80.15,80.15,77.35,77.4,-5.85,29625.0
2018-10-12,50,23183282.0,1825995175.0,77.7,80.05,77.5,80.05,2.65,11298.0
2018-10-15,50,49299658.0,3886740002.0,79.5,79.5,78.65,79.2,-0.85,12199.0
2018-10-16,50,16686645.0,1319117765.0,79.0,79.5,78.6,79.3,0.1,6313.0
2018-10-17,50,20309037.0,1623444090.0,80.45,80.5,79.35,79.4,0.1,8082.0
2018-10-18,50,7988282.0,633217825.0,79.5,79.75,78.95,79.15,-0.25,3397.0
2018-10-19,50,12064036.0,948108881.0,78.2,79.3,78.0,79.3,0.15,3531.0
2018-10-22,50,12453453.0,979040928.0,78.35,79.55,78.0,79.2,-0.1,3464.0
2018-10-23,50,24898392.0,1943501426.0,78.1,78.6,77.7,77.75,-1.45,8141.0
2018-10-24,50,13002500.0,1004568676.0,77.8,77.95,76.7,77.4,-0.35,5533.0
2018-10-25,50,28935886.0,2190854586.0,75.5,76.2,75.3,75.5,-1.9,7121.0
2018-10-26,50,17783781.0,1338505238.0,76.25,76.45,74.5,75.4,-0.1,6911.0
2018-10-29,50,9883260.0,747884213.0,75.85,76.1,75.35,75.75,0.35,3121.0
2018-10-30,50,6119050.0,464489618.0,75.8,76.25,75.5,75.95,0.2,2313.0
2018-10-31,50,9898224.0,764366541.0,76.6,77.55,76.6,77.55,1.6,4310.0
2018-11-01,50,6807294.0,532547148.0,77.85,78.45,77.55,78.4,0.85,3048.0
2018-11-02,50,6722329.0,527356465.0,78.4,78.8,78.0,78.65,0.25,3073.0
2018-11-05,50,4657750.0,363054360.0,78.1,78.25,77.6,78.25,-0.4,2195.0
2018-11-06,50,6206482.0,483978162.0,78.45,78.5,77.75,78.0,-0.25,2046.0
2018-11-07,50,6194750.0,485644361.0,78.2,78.55,78.05,78.4,0.4,2594.0
2018-11-08,50,10309985.0,813484895.0,79.15,79.4,78.5,78.85,0.45,3816.0
2018-11-09,50,36848011.0,2867181167.0,78.5,78.5,77.65,77.8,-1.05,2930.0
2018-11-12,50,6133260.0,478405835.0,77.75,78.3,77.55,78.0,0.2,1628.0
2018-11-13,50,10711869.0,819374746.0,76.15,77.25,75.7,77.1,-0.9,3762.0
2018-11-14,50,6293375.0,486228774.0,77.25,77.4,77.0,77.35,0.25,1626.0
2018-11-15,50,5694368.0,440513236.0,77.5,77.65,76.75,77.6,0.25,1247.0
2018-11-16,50,8883904.0,685298620.0,77.95,77.95,76.85,76.95,-0.65,2331.0
2018-11-19,50,7058370.0,541993834.0,77.05,77.15,76.6,76.7,-0.25,1672.0
2018-11-20,50,8625123.0,656617939.0,76.4,76.5,75.75,76.0,-0.7,3297.0
2018-11-21,50,15125043.0,1143349727.0,75.3,76.05,74.85,76.0,0.0,3739.0
2018-11-22,50,5934803.0,450631578.0,76.1,76.25,75.6,75.6,-0.4,2029.0
2018-11-23,50,4041215.0,304440003.0,75.7,75.85,75.05,75.35,-0.25,2078.0
2018-11-26,50,6330267.0,483137195.0,75.9,76.95,75.75,76.15,0.8,2266.0
2018-11-27,50,7625933.0,576522804.0,75.95,76.05,75.2,76.05,-0.1,2519.0
2018-11-28,50,7549760.0,577452117.0,76.15,76.95,75.75,76.9,0.85,2641.0
2018-11-29,50,8881587.0,687927261.0,77.7,77.95,77.05,77.05,0.15,2527.0
2018-11-30,50,4210211.0,324711501.0,77.2,77.35,76.75,76.75,-0.3,1670.0
2018-12-03,50,13850986.0,1088593094.0,77.85,79.0,77.8,78.8,2.05,7537.0
2018-12-04,50,4118284.0,322426648.0,78.5,78.5,78.1,78.25,-0.55,1960.0
2018-12-05,50,9636366.0,740544550.0,77.1,77.2,76.65,76.65,-1.6,3602.0
2018-12-06,50,20347421.0,1529965270.0,75.85,75.85,74.85,75.1,-1.55,10519.0
2018-12-07,50,6781008.0,512288502.0,75.6,75.75,75.3,75.45,0.35,4623.0
2018-12-10,50,13013284.0,970567677.0,74.5,74.9,74.45,74.45,-1.0,5810.0
2018-12-11,50,5316228.0,397657901.0,74.5,75.1,74.45,75.05,0.6,2808.0
2018-12-12,50,8677695.0,658099872.0,75.65,76.25,75.4,76.2,1.15,3377.0
2018-12-13,50,6253580.0,476968419.0,76.2,76.5,75.95,76.3,0.1,2176.0
2018-12-14,50,8780839.0,660320971.0,75.8,75.8,74.95,75.35,-0.95,3141.0
2018-12-17,50,5652433.0,428269261.0,75.35,76.05,75.15,75.95,0.6,2331.0
2018-12-18,50,7669001.0,577586400.0,75.5,75.55,75.05,75.3,-0.65,2456.0
2018-12-19,50,4497460.0,340689657.0,75.5,75.95,75.35,75.9,0.6,2646.0
2018-12-20,50,9561713.0,718960366.0,75.0,75.55,75.0,75.05,-0.85,5731.0
2018-12-21,50,8481143.0,634702156.0,74.95,75.25,74.45,75.2,0.15,2776.0
2018-12-22,50,3002630.0,224452101.0,74.85,74.85,74.7,74.85,-0.35,1475.0
2018-12-24,50,5952329.0,444475204.0,74.85,75.0,74.55,74.7,-0.15,4513.0
2018-12-25,50,12071254.0,888095346.0,74.15,74.15,73.3,73.75,-0.95,5738.0
2018-12-26,50,8919969.0,658916682.0,74.0,74.3,73.5,73.55,-0.2,3788.0
2018-12-27,50,9615359.0,719358543.0,74.8,75.15,74.5,75.05,1.5,5522.0
2018-12-28,50,4629875.0,348222242.0,75.1,75.5,74.85,75.5,0.45,2008.0
2019-01-02,50,8532073.0,636107101.0,75.85,75.9,73.95,74.05,-1.45,4102.0
2019-01-03,50,13347147.0,981181870.0,73.8,74.0,73.25,73.35,-0.7,5208.0
2019-01-04,50,21292465.0,1540084560.0,72.8,72.8,72.0,72.2,-1.15,8826.0
2019-01-07,50,14605638.0,1077319115.0,73.55,74.05,73.25,73.95,1.75,4891.0
2019-01-08,50,11006700.0,811364720.0,74.15,74.15,73.55,73.65,-0.3,2869.0
2019-01-09,50,11430523.0,855269355.0,73.95,75.15,73.95,75.0,1.35,5277.0
2019-01-10,50,2823283.0,210937625.0,74.8,74.9,74.5,74.8,-0.2,1231.0
2019-01-11,50,10362915.0,782200792.0,75.3,75.75,75.15,75.5,0.7,3660.0
2019-01-14,50,5298405.0,397504723.0,75.45,75.45,74.75,75.0,-0.5,2018.0
2019-01-15,50,11836450.0,894286699.0,75.05,75.8,75.05,75.65,0.65,5250.0
2019-01-16,50,15342503.0,1159613447.0,75.65,75.7,75.35,75.55,-0.1,5360.0
2019-01-17,50,10020739.0,756877394.0,75.6,75.9,75.15,75.55,0.0,3137.0
2019-01-18,50,8293491.0,629378860.0,75.75,76.1,75.4,75.95,0.4,5013.0
2019-01-21,50,10454756.0,799923534.0,76.35,76.7,76.25,76.5,0.55,3895.0
2019-01-22,50,8838931.0,653814320.0,74.4,74.4,73.8,74.05,0.0,4742.0
2019-01-23,50,6407442.0,472728408.0,74.0,74.0,73.65,73.7,-0.35,3167.0
2019-01-24,50,3500506.0,258832935.0,73.95,74.15,73.75,74.05,0.35,1363.0
2019-01-25,50,7320778.0,548115919.0,74.6,75.1,74.55,75.0,0.95,3322.0
2019-01-28,50,3825143.0,287814225.0,75.15,75.45,75.05,75.15,0.15,1795.0
2019-01-29,50,4419790.0,328663492.0,74.5,74.55,74.2,74.5,-0.65,2251.0
2019-01-30,50,5255229.0,390864071.0,74.5,74.65,74.2,74.35,-0.15,1833.0
2019-02-11,50,6614900.0,497844612.0,75.35,75.65,74.85,75.15,0.8,3137.0
2019-02-12,50,6164150.0,465816739.0,75.35,75.75,75.35,75.65,0.5,2980.0
2019-02-13,50,4157700.0,314193830.0,75.95,75.95,75.4,75.5,-0.15,1837.0
2019-02-14,50,3641542.0,274887735.0,75.5,75.75,75.25,75.25,-0.25,1593.0
2019-02-15,50,3516111.0,264409753.0,75.3,75.6,74.9,75.05,-0.2,1796.0
2019-02-18,50,6596163.0,499575240.0,75.5,75.9,75.5,75.65,0.6,3143.0
2019-02-19,50,2862069.0,216303714.0,75.7,75.7,75.5,75.5,-0.15,2168.0
2019-02-20,50,34307853.0,2619961938.0,75.9,76.5,75.9,76.35,0.85,9607.0
2019-02-21,50,18664815.0,1433791393.0,76.4,77.1,76.4,77.1,0.75,4467.0
2019-02-22,50,9881017.0,758887009.0,76.95,76.95,76.5,76.95,-0.15,6936.0
2019-02-25,50,19365354.0,1501862131.0,77.35,77.75,77.3,77.5,0.55,4458.0
2019-02-26,50,15903051.0,1234156605.0,77.65,77.8,77.3,77.7,0.2,5707.0
2019-02-27,50,12907489.0,1000792293.0,77.7,77.7,77.35,77.65,-0.05,3460.0
2019-03-04,50,8469570.0,652787218.0,77.55,77.55,76.7,76.95,-0.7,4887.0
2019-03-05,50,9400493.0,720525122.0,76.6,76.9,76.45,76.75,-0.2,2830.0
2019-03-06,50,19579792.0,1505450934.0,76.85,77.05,76.75,76.95,0.2,3193.0
2019-03-07,50,18239770.0,1399918017.0,76.9,77.05,76.6,76.65,-0.3,1946.0
2019-03-08,50,9975200.0,758523703.0,76.2,76.35,75.8,76.0,-0.65,2853.0
2019-03-11,50,4642390.0,352680831.0,75.85,76.15,75.7,76.15,0.15,2280.0
2019-03-12,50,13857468.0,1070170012.0,76.85,77.45,76.8,77.25,1.1,3796.0
2019-03-13,50,10148529.0,781685019.0,77.05,77.2,76.8,77.1,-0.15,1763.0
2019-03-14,50,5208756.0,402155617.0,77.3,77.4,76.95,77.05,-0.05,1343.0
2019-03-15,50,11483751.0,890275774.0,77.35,77.7,77.15,77.6,0.55,3164.0
2019-03-18,50,12218708.0,952368177.0,77.75,78.1,77.65,78.1,0.5,4228.0
2019-03-19,50,8604296.0,672547372.0,78.1,78.4,77.85,78.4,0.3,2634.0
2019-03-20,50,11856027.0,929902949.0,78.35,78.55,78.2,78.5,0.1,4868.0
2019-03-21,50,11341213.0,894798086.0,78.8,79.15,78.65,79.15,0.65,3766.0
2019-03-22,50,6930357.0,550253696.0,79.5,79.7,79.05,79.35,0.2,2993.0
2019-03-25,50,7020756.0,548329150.0,78.1,78.35,78.0,78.15,-1.2,2790.0
2019-03-26,50,2700090.0,212178105.0,78.5,78.7,78.4,78.65,0.5,1328.0
2019-03-27,50,2555684.0,200669301.0,78.45,78.7,78.2,78.5,-0.15,959.0
2019-03-28,50,3415432.0,267952933.0,78.3,78.6,78.15,78.5,0.0,977.0
2019-03-29,50,5680484.0,448318722.0,78.7,79.15,78.25,79.15,0.65,1629.0
2019-04-01,50,11053405.0,886568240.0,80.0,80.4,79.6,79.85,0.7,3749.0
2019-04-02,50,5605092.0,449896022.0,80.1,80.45,80.1,80.15,0.3,2132.0
2019-04-03,50,6867174.0,550702889.0,80.4,80.45,79.95,80.15,0.0,3017.0
2019-04-08,50,7990782.0,646213579.0,80.8,81.0,80.7,80.9,0.75,3458.0
2019-04-09,50,15272047.0,1239718747.0,80.95,81.4,80.85,81.4,0.5,6181.0
2019-04-10,50,10863161.0,883369153.0,81.1,81.55,81.1,81.5,0.1,3214.0
2019-04-11,50,8272430.0,671920398.0,81.35,81.55,80.9,81.15,-0.35,2220.0
2019-04-12,50,7498409.0,608347094.0,81.15,81.3,81.0,81.1,-0.05,1806.0
2019-04-15,50,7681554.0,628500222.0,81.65,82.0,81.55,81.85,0.75,4160.0
2019-04-16,50,7767931.0,637026518.0,81.85,82.15,81.8,82.1,0.25,3439.0
2019-04-17,50,23104837.0,1911820959.0,82.3,82.9,82.3,82.75,0.65,5342.0
2019-04-18,50,20690365.0,1716538233.0,82.9,83.35,82.45,82.7,-0.05,3185.0
2019-04-19,50,12515659.0,1038666179.0,83.25,83.5,82.7,82.8,0.1,2347.0
2019-04-22,50,2874312.0,238232670.0,83.0,83.1,82.65,82.7,-0.1,1478.0
2019-04-23,50,6012031.0,498598254.0,82.7,83.2,82.55,83.05,0.35,2105.0
2019-04-24,50,3108556.0,258856445.0,83.4,83.55,82.9,83.2,0.15,1665.0
2019-04-25,50,3529039.0,293890589.0,83.1,83.45,83.0,83.4,0.2,1588.0
2019-04-26,50,3815090.0,314520959.0,82.8,82.8,82.2,82.45,-0.95,2520.0
2019-04-29,50,3161957.0,261464012.0,82.6,82.95,82.5,82.8,0.35,1462.0
2019-04-30,50,3247891.0,268471136.0,82.8,82.9,82.4,82.8,0.0,1525.0
2019-05-02,50,6155563.0,511743438.0,82.95,83.45,82.9,83.0,0.2,2206.0
2019-05-03,50,30324466.0,2531398997.0,83.1,83.8,83.1,83.75,0.75,2939.0
2019-05-06,50,7463612.0,614195906.0,82.6,82.6,82.05,82.3,-1.45,3956.0
2019-05-07,50,14011442.0,1163500108.0,82.65,83.3,82.65,83.15,0.85,3021.0
2019-05-08,50,13573142.0,1120446358.0,82.4,82.85,82.25,82.55,-0.6,2189.0
2019-05-09,50,6923673.0,565348226.0,82.15,82.2,81.25,81.55,-1.0,4032.0
2019-05-10,50,11794135.0,961017047.0,81.55,82.15,80.9,81.5,-0.05,4632.0
2019-05-13,50,18678106.0,1503424339.0,81.1,81.1,80.1,80.15,-1.35,9159.0
2019-05-14,50,20279630.0,1613491800.0,79.6,80.05,78.9,79.65,-0.5,9964.0
2019-05-15,50,17261839.0,1376616520.0,79.65,80.0,79.45,79.75,0.1,8236.0
2019-05-16,50,17099974.0,1355088953.0,79.5,79.6,79.0,79.05,-0.7,7751.0
2019-05-17,50,23573826.0,1854550805.0,79.5,79.55,78.25,78.25,-0.8,11522.0
2019-05-20,50,14304763.0,1121570149.0,78.5,78.8,78.15,78.2,-0.05,6896.0
2019-05-21,50,19814843.0,1548066469.0,78.0,78.45,77.7,78.4,0.2,6058.0
2019-05-22,50,10557991.0,827306010.0,78.2,78.65,78.1,78.4,0.0,4582.0
2019-05-23,50,25682577.0,1979998024.0,77.85,77.85,76.85,76.95,-1.45,13162.0
2019-05-24,50,6029424.0,465499944.0,77.05,77.5,77.0,77.35,0.4,3250.0
2019-05-27,50,11541072.0,890073086.0,77.5,77.5,76.85,77.15,-0.2,5535.0
2019-05-28,50,9812310.0,755742961.0,77.25,77.25,76.85,77.1,-0.05,4361.0
2019-05-29,50,9659519.0,740038363.0,76.5,76.8,76.3,76.75,-0.35,4380.0
2019-05-30,50,7658659.0,591824718.0,76.75,77.5,76.75,77.4,0.65,3474.0
2019-05-31,50,7566310.0,590619995.0,77.35,78.45,77.3,78.45,1.05,3611.0
2019-06-03,50,6017694.0,470593299.0,78.2,78.65,77.65,78.55,0.1,2880.0
2019-06-04,50,7228829.0,565425109.0,78.45,78.6,78.0,78.05,-0.5,2675.0
2019-06-05,50,7051894.0,554017619.0,78.85,78.95,78.25,78.3,0.25,3047.0
2019-06-06,50,7456203.0,579216003.0,77.7,77.85,77.45,77.7,-0.6,3663.0
2019-06-10,50,7666763.0,604180835.0,78.65,79.05,78.35,79.05,1.35,3677.0
2019-06-11,50,10623986.0,844354556.0,79.2,79.8,79.05,79.4,0.35,5118.0
2019-06-12,50,9258296.0,736850634.0,79.4,79.8,79.25,79.7,0.3,4028.0
2019-06-13,50,5914941.0,468466446.0,79.4,79.55,78.95,79.05,-0.65,2874.0
2019-06-14,50,3164087.0,249813323.0,79.0,79.15,78.8,78.9,-0.15,1824.0
2019-06-17,50,6141128.0,483052353.0,78.45,78.95,78.1,78.7,-0.2,3732.0
2019-06-18,50,2890377.0,227779433.0,78.8,79.0,78.6,78.9,0.2,1195.0
2019-06-19,50,21832509.0,1754258999.0,80.0,80.8,79.95,80.75,1.85,8538.0
2019-06-20,50,11581994.0,936579222.0,80.75,81.0,80.65,80.85,0.1,4459.0
2019-06-21,50,15343532.0,1243301534.0,81.1,81.2,80.8,80.85,0.0,8013.0
2019-06-24,50,16600747.0,1347119158.0,80.8,81.5,80.7,81.2,0.35,5396.0
2019-06-25,50,7941128.0,643677923.0,81.15,81.4,80.6,80.75,-0.45,2804.0
2019-06-26,50,5913352.0,475566304.0,80.6,80.6,80.25,80.35,-0.4,2313.0
2019-06-27,50,15351329.0,1248736184.0,80.55,81.6,80.55,81.5,1.15,4177.0
2019-06-28,50,3940686.0,319369533.0,81.45,81.55,80.85,80.9,-0.6,1867.0
2019-07-01,50,13771395.0,1137417652.0,82.05,82.8,82.05,82.65,1.75,5806.0
2019-07-02,50,5209290.0,429828229.0,82.65,82.7,82.4,82.45,-0.2,2310.0
2019-07-03,50,8615424.0,703409269.0,82.35,82.35,81.35,81.5,-0.95,2877.0
2019-07-04,50,5777556.0,473795392.0,81.8,82.2,81.8,82.0,0.5,1447.0
2019-07-05,50,1612933.0,132235865.0,82.1,82.35,81.8,81.9,-0.1,1054.0
2019-07-08,50,3859058.0,315505734.0,81.8,82.0,81.4,81.6,-0.3,1508.0
2019-07-09,50,4083155.0,333023156.0,81.75,81.75,81.4,81.5,-0.1,1528.0
2019-07-10,50,4427730.0,363405703.0,81.95,82.25,81.85,82.2,0.7,1918.0
2019-07-11,50,10379773.0,860205468.0,82.65,83.05,82.5,82.85,0.65,4412.0
2019-07-12,50,2972505.0,246251327.0,82.85,83.0,82.7,82.75,-0.1,1440.0
2019-07-15,50,9336043.0,775528066.0,82.85,83.35,82.25,83.2,0.45,3389.0
2019-07-16,50,5503245.0,458848605.0,83.2,83.45,83.15,83.35,0.15,2645.0
2019-07-17,50,10598530.0,879178624.0,83.25,83.25,82.8,82.8,-0.55,4107.0
2019-07-18,50,7541026.0,624408018.0,82.6,82.95,82.6,82.7,-0.1,1759.0
2019-07-19,50,9780922.0,814129776.0,83.0,83.45,83.0,83.0,0.0,3437.0
2019-07-22,50,8368544.0,698062737.0,83.1,83.5,83.1,83.4,0.4,3434.0
2019-07-23,50,5899116.0,493687372.0,83.6,83.9,83.5,83.6,0.2,2505.0
2019-07-24,50,3364336.0,281628164.0,83.75,83.9,83.55,83.55,-0.05,1397.0
2019-07-25,50,4931659.0,412670155.0,83.55,83.8,83.4,83.8,0.25,1798.0
2019-07-26,50,3129687.0,260812774.0,83.4,83.4,83.2,83.25,-0.55,1837.0
2019-07-29,50,3042246.0,253325799.0,83.1,83.45,83.05,83.45,0.2,1346.0
2019-07-30,50,2083374.0,173777513.0,83.6,83.7,83.2,83.2,-0.25,1207.0
2019-07-31,50,3119262.0,258060696.0,83.15,83.15,82.45,82.8,-0.4,1492.0
2019-08-01,50,5042943.0,414858242.0,82.2,82.55,82.1,82.3,-0.5,2632.0
2019-08-02,50,16846402.0,1362560110.0,81.05,81.2,80.6,80.95,-1.35,6921.0
2019-08-05,50,20659506.0,1657565764.0,80.7,80.85,79.9,80.15,-0.8,9417.0
2019-08-06,50,24901846.0,1968227195.0,78.65,80.45,78.5,80.1,-0.05,10838.0
2019-08-07,50,16856004.0,1345630493.0,80.15,80.2,79.55,79.7,-0.4,7603.0
2019-08-08,50,5036121.0,405560691.0,80.05,80.8,80.0,80.65,0.95,2802.0
2019-08-12,50,3168030.0,255436705.0,80.65,80.85,80.15,80.6,-0.05,2171.0
2019-08-13,50,7431519.0,593128279.0,80.15,80.15,79.55,79.7,-0.9,4255.0
2019-08-14,50,7382138.0,595173755.0,80.7,80.8,80.3,80.3,0.6,3019.0
2019-08-15,50,15972089.0,1267223096.0,79.2,79.6,79.1,79.4,-0.9,6769.0
2019-08-16,50,6158748.0,492012872.0,79.45,80.35,79.25,80.35,0.95,3689.0
2019-08-19,50,6475352.0,522065179.0,80.75,80.9,80.3,80.8,0.45,3347.0
2019-08-20,50,4179197.0,338309857.0,80.85,81.1,80.8,81.0,0.2,2012.0
2019-08-21,50,6092896.0,493794088.0,80.95,81.15,80.9,81.1,0.1,3233.0
2019-08-22,50,9379398.0,763036338.0,81.3,81.65,80.8,80.9,-0.2,3542.0
2019-08-23,50,3211036.0,259903716.0,80.9,81.1,80.75,81.0,0.1,1804.0
2019-08-26,50,12292310.0,980575763.0,79.8,80.1,79.6,79.65,-1.35,5857.0
2019-08-27,50,2535864.0,202789305.0,80.15,80.2,79.75,79.85,0.2,1369.0
2019-08-28,50,3318188.0,266715323.0,80.1,80.55,80.1,80.4,0.55,1606.0
2019-08-29,50,3233649.0,259494308.0,80.45,80.6,80.0,80.55,0.15,964.0
2019-08-30,50,19370894.0,1581406102.0,81.15,81.9,81.15,81.85,1.3,5592.0
2019-09-02,50,6457870.0,528610814.0,81.8,82.0,81.65,81.9,0.05,2082.0
2019-09-03,50,5052925.0,413343221.0,81.85,82.0,81.2,81.2,-0.7,2534.0
2019-09-04,50,10748771.0,881536222.0,81.45,82.2,81.4,82.15,0.95,4277.0
2019-09-05,50,25429390.0,2110355549.0,82.55,83.2,82.55,83.0,0.85,7984.0
2019-09-06,50,17226303.0,1437582238.0,83.25,83.55,83.25,83.5,0.5,7833.0
2019-09-09,50,12633348.0,1058619857.0,83.7,84.0,83.65,83.8,0.3,4942.0
2019-09-10,50,5171847.0,431764155.0,83.95,83.95,83.2,83.4,-0.4,3012.0
2019-09-11,50,4746200.0,396473497.0,83.75,83.9,83.3,83.45,0.05,1766.0
2019-09-12,50,9281122.0,779861376.0,84.1,84.25,83.75,83.9,0.45,3785.0
2019-09-16,50,10929792.0,920529834.0,84.0,84.45,83.95,84.4,0.5,4660.0
2019-09-17,50,4966780.0,418697583.0,84.4,84.45,84.2,84.25,-0.15,1650.0
2019-09-18,50,16999486.0,1442542539.0,84.4,85.0,84.35,84.95,0.7,5496.0
2019-09-19,50,7777364.0,658987087.0,84.95,85.15,84.4,84.45,-0.5,2503.0
2019-09-20,50,8231699.0,697865048.0,84.65,84.9,84.65,84.7,0.25,2092.0
2019-09-23,50,4369839.0,369772132.0,84.65,84.85,84.5,84.5,-0.2,1478.0
2019-09-24,50,4852012.0,410605292.0,84.5,84.85,84.35,84.65,0.15,1642.0
2019-09-25,50,3927674.0,330124238.0,84.35,84.35,83.9,84.1,-0.55,2438.0
2019-09-26,50,5194687.0,438729412.0,84.45,84.7,84.15,84.3,0.2,1534.0
2019-09-27,50,8884695.0,752473986.0,84.9,85.2,84.5,84.6,0.3,1964.0
2019-10-01,50,9595908.0,821807362.0,84.8,86.0,84.8,85.95,1.35,4149.0
2019-10-02,50,5653658.0,484713271.0,85.6,85.9,85.6,85.65,-0.3,1448.0
2019-10-03,50,4868237.0,412892945.0,84.4,85.1,84.3,84.8,-0.85,1734.0
2019-10-04,50,3746987.0,318959376.0,85.2,85.4,84.75,85.15,0.35,1128.0
2019-10-07,50,4140747.0,353756450.0,85.4,85.65,85.2,85.45,0.3,2881.0
2019-10-08,50,12195435.0,1054012283.0,85.85,86.6,85.85,86.5,1.05,3364.0
2019-10-09,50,6916829.0,594801990.0,86.15,86.2,85.8,85.8,-0.7,1835.0
2019-10-14,50,9491298.0,828885815.0,87.0,87.55,87.0,87.55,1.75,3957.0
2019-10-15,50,4377610.0,383575647.0,87.55,87.85,87.3,87.7,0.15,2163.0
2019-10-16,50,3983672.0,350582692.0,88.0,88.15,87.85,88.1,0.4,2926.0
2019-10-17,50,2540883.0,223655954.0,88.05,88.15,87.8,88.15,0.05,1408.0
2019-10-18,50,2815798.0,248106090.0,88.15,88.65,87.9,87.95,-0.2,1592.0
2019-10-21,50,1077652.0,94700394.0,87.95,88.0,87.75,87.85,-0.1,1257.0
2019-10-22,50,3256399.0,288438607.0,88.2,88.8,88.2,88.7,0.85,1639.0
2019-10-23,50,2580656.0,228554820.0,88.7,88.8,88.3,88.45,-0.25,1289.0
2019-10-24,50,2579559.0,228735385.0,88.7,88.8,88.5,88.8,0.35,1523.0
2019-10-25,50,7971190.0,708933934.0,89.2,89.2,88.6,88.8,0.0,2550.0
2019-10-28,50,5009774.0,446669910.0,89.25,89.3,89.0,89.2,0.4,2550.0
2019-10-29,50,7410985.0,663510736.0,89.5,89.65,89.35,89.45,0.25,2800.0
2019-10-30,50,5384270.0,482121683.0,89.45,89.85,89.3,89.85,0.4,1803.0
2019-10-31,50,9458164.0,854001219.0,89.9,90.6,89.9,90.1,0.25,2116.0
2019-11-01,50,2806778.0,252465747.0,90.0,90.2,89.75,90.1,0.0,1648.0
2019-11-04,50,6730681.0,615367052.0,90.55,92.25,90.55,92.2,2.1,3034.0
2019-11-05,50,3966279.0,367357250.0,92.4,92.9,92.35,92.9,0.7,2409.0
2019-11-06,50,4494319.0,418107400.0,92.95,93.35,92.75,93.35,0.45,2691.0
2019-11-07,50,3050118.0,282827556.0,93.2,93.2,92.35,92.85,-0.5,1940.0
2019-11-08,50,2890536.0,267788689.0,93.0,93.05,92.4,92.55,-0.3,1583.0
2019-11-11,50,5859344.0,535835470.0,92.4,92.45,91.05,91.15,-1.4,2994.0
2019-11-12,50,2426297.0,222545554.0,91.55,92.0,91.55,92.0,0.85,1594.0
2019-11-13,50,1935545.0,176904008.0,91.55,91.65,91.05,91.45,-0.55,1181.0
2019-11-14,50,2174281.0,198947342.0,91.6,91.8,91.2,91.4,-0.05,1038.0
2019-11-15,50,2510879.0,231639658.0,92.0,92.5,92.0,92.3,0.9,1536.0
2019-11-18,50,2087613.0,193351977.0,92.5,92.9,92.4,92.9,0.6,1586.0
2019-11-19,50,2821624.0,263329860.0,92.9,93.6,92.65,93.6,0.7,1750.0
2019-11-20,50,7954619.0,741833623.0,93.6,93.6,93.1,93.25,-0.35,3259.0
2019-11-21,50,3283838.0,302750501.0,92.3,92.55,91.8,92.5,-0.75,1619.0
2019-11-22,50,1506544.0,139445637.0,92.55,92.75,92.4,92.55,0.05,931.0
2019-11-25,50,2520694.0,234066063.0,93.0,93.1,92.55,92.6,0.05,2186.0
2019-11-26,50,3827480.0,355795288.0,92.95,93.3,92.8,92.85,0.25,2029.0
2019-11-27,50,1957676.0,181984052.0,92.85,93.2,92.75,93.2,0.35,1107.0
2019-11-28,50,1352720.0,125715522.0,93.25,93.25,92.8,92.95,-0.25,887.0
2019-11-29,50,5344208.0,490829372.0,92.85,92.85,91.45,91.5,-1.45,2592.0
2019-12-02,50,2068341.0,190189977.0,91.95,92.15,91.75,92.05,0.55,1568.0
2019-12-03,50,1410794.0,129802491.0,91.7,92.2,91.6,92.05,0.0,807.0
2019-12-04,50,2310508.0,211810503.0,91.85,91.9,91.4,91.7,-0.35,1026.0
2019-12-05,50,3441050.0,319239879.0,92.35,93.0,92.2,92.9,1.2,1898.0
2019-12-06,50,3394433.0,316362892.0,93.3,93.5,92.75,93.05,0.15,1691.0
2019-12-09,50,2912194.0,272545756.0,93.2,93.8,93.2,93.65,0.6,2016.0
2019-12-10,50,5465431.0,508711057.0,93.4,93.4,92.8,93.0,-0.65,1356.0
2019-12-11,50,1936772.0,181023950.0,93.0,93.75,92.95,93.75,0.75,1512.0
2019-12-12,50,8420111.0,805189010.0,94.35,96.1,94.35,95.85,2.1,3414.0
2019-12-13,50,5880136.0,570464417.0,96.75,97.4,96.7,96.9,1.05,3045.0
2019-12-16,50,4482448.0,434247973.0,96.95,97.05,96.65,96.85,-0.05,3153.0
2019-12-17,50,4703223.0,458806704.0,96.75,98.15,96.7,98.15,1.3,2810.0
2019-12-18,50,3762355.0,368980745.0,98.0,98.3,97.8,98.2,0.05,2718.0
2019-12-19,50,2271007.0,222130098.0,98.15,98.2,97.55,97.65,-0.55,1774.0
2019-12-20,50,3353485.0,325788665.0,97.55,97.55,96.7,96.95,-0.7,2393.0
2019-12-23,50,3416729.0,331574305.0,97.0,97.3,96.95,97.15,0.2,2170.0
2019-12-24,50,1409728.0,137094824.0,97.3,97.45,97.2,97.2,0.05,830.0
2019-12-25,50,1789167.0,173900527.0,97.2,97.45,97.05,97.35,0.15,1847.0
2019-12-26,50,3095969.0,301266167.0,97.55,97.55,97.1,97.35,0.0,1119.0
2019-12-27,50,2978047.0,291993656.0,97.6,98.15,97.6,98.0,0.65,1942.0
2019-12-30,50,3138762.0,307621326.0,98.0,98.25,97.6,97.8,-0.2,1941.0
2019-12-31,50,4303947.0,417657710.0,97.1,97.2,96.95,96.95,-0.85,1852.0
2020-01-02,50,4882015.0,476649683.0,97.05,98.0,97.05,97.65,0.7,2421.0
2020-01-03,50,6813547.0,665657992.0,98.3,98.7,97.0,97.65,0.0,3080.0
2020-01-06,50,9321768.0,901060879.0,97.05,97.1,96.4,96.4,-1.25,4809.0
2020-01-07,50,6328602.0,607425541.0,96.45,96.7,95.4,96.1,-0.3,4116.0
2020-01-08,50,8516995.0,813733739.0,95.2,96.2,95.05,95.65,-0.45,5033.0
2020-01-09,50,7163943.0,693086421.0,96.3,97.1,96.3,96.95,1.3,3879.0
2020-01-10,50,9071925.0,882408791.0,97.5,97.8,96.95,97.3,0.35,4900.0
2020-01-13,50,6650898.0,650806854.0,97.85,98.1,97.5,98.0,0.7,2883.0
2020-01-14,50,11544956.0,1138704185.0,98.5,98.85,98.4,98.6,0.6,6403.0
2020-01-15,50,10259354.0,1004716001.0,98.7,98.7,97.45,97.6,-1.0,5316.0
2020-01-16,50,8686499.0,844614108.0,97.15,97.5,97.0,97.3,-0.3,2646.0
2020-01-17,50,8121134.0,791003262.0,97.7,97.75,97.1,97.3,0.0,2944.0
2020-01-20,50,6969945.0,681688026.0,97.55,98.0,97.55,97.7,0.4,3130.0
2020-01-30,50,32262874.0,3014149166.0,95.0,95.0,92.15,92.15,-5.55,16273.0
2020-01-31,50,22497767.0,2030143514.0,90.65,90.65,89.65,89.95,0.0,11950.0
2020-02-03,50,15823593.0,1401640343.0,88.5,89.15,87.6,89.05,-0.9,7843.0
2020-02-04,50,8904471.0,804708649.0,89.45,90.95,89.2,90.6,1.55,4851.0
2020-02-05,50,6701508.0,609037681.0,91.0,91.3,90.3,90.85,0.25,4001.0
2020-02-06,50,10696477.0,982277669.0,91.65,92.3,91.35,92.3,1.45,4113.0
2020-02-07,50,9554828.0,871832328.0,91.65,91.65,90.95,91.2,-1.1,4992.0
2020-02-10,50,7308908.0,661411947.0,90.0,91.2,89.6,91.0,-0.2,3838.0
2020-02-11,50,5115402.0,468988015.0,91.35,91.95,91.35,91.75,0.75,3724.0
2020-02-12,50,5640117.0,521567062.0,92.0,92.9,92.0,92.65,0.9,2845.0
2020-02-13,50,5754317.0,534947681.0,93.0,93.25,92.7,92.8,0.15,2530.0
2020-02-14,50,4988165.0,463738591.0,92.8,93.25,92.55,92.95,0.15,2592.0
2020-02-17,50,6266211.0,578240762.0,92.3,92.55,91.95,92.3,-0.65,2983.0
2020-02-18,50,12529356.0,1143154993.0,91.4,91.6,91.0,91.05,-1.25,6041.0
2020-02-19,50,7947011.0,730212458.0,91.15,92.25,91.05,92.1,1.05,3934.0
2020-02-20,50,6538336.0,599664476.0,92.35,92.5,91.35,91.7,-0.4,2619.0
2020-02-21,50,5401188.0,493195200.0,91.65,91.95,90.95,91.25,-0.45,2963.0
2020-02-24,50,13571936.0,1222019338.0,90.25,90.4,89.7,90.1,-1.15,7797.0
2020-02-25,50,8840104.0,796170580.0,89.5,90.5,89.45,90.35,0.25,3943.0
2020-02-26,50,15256003.0,1362216157.0,89.15,89.75,88.9,89.45,-0.9,7889.0
2020-02-27,50,24688054.0,2190387154.0,89.35,89.5,88.35,88.65,-0.8,12829.0
2020-03-02,50,27894641.0,2437814508.0,87.5,88.25,86.85,87.35,-1.3,12628.0
2020-03-03,50,11071900.0,980838153.0,88.85,88.95,88.25,88.6,1.25,5903.0
2020-03-04,50,8437415.0,749733154.0,88.8,89.2,88.4,89.2,0.6,3541.0
2020-03-05,50,9785483.0,881048721.0,89.8,90.25,89.75,90.2,1.0,5246.0
2020-03-06,50,17096376.0,1515504581.0,89.65,89.65,88.3,88.35,-1.85,8153.0
2020-03-09,50,27734426.0,2389878137.0,86.8,86.8,85.6,85.85,-2.5,16049.0
2020-03-10,50,23784345.0,2031046781.0,85.0,86.3,84.9,86.3,0.45,10444.0
2020-03-11,50,15306570.0,1315633871.0,86.45,86.55,85.05,85.3,-1.0,7642.0
2020-03-12,50,44910246.0,3702402943.0,84.5,84.5,81.15,82.15,-3.15,19425.0
2020-03-13,50,53704860.0,4165969502.0,78.0,81.4,75.95,81.0,-1.15,22286.0
2020-03-16,50,33813951.0,2652927807.0,80.0,80.4,76.95,77.3,-3.7,17505.0
2020-03-17,50,51145832.0,3843020137.0,74.3,76.7,74.3,74.85,-2.45,20922.0
2020-03-18,50,46790503.0,3463425684.0,74.95,75.25,72.8,72.8,-2.05,23021.0
2020-03-19,50,68038340.0,4709268810.0,71.0,71.0,67.25,68.55,-4.25,27999.0
2020-03-20,50,40910533.0,2966513589.0,71.0,74.0,70.9,74.0,5.45,20786.0
2020-03-23,50,22465117.0,1599805748.0,71.0,72.1,69.55,70.8,-3.2,12011.0
2020-03-24,50,26956843.0,2009808259.0,73.85,75.3,73.7,74.25,3.45,13009.0
2020-03-25,50,32687820.0,2515225203.0,76.8,77.45,76.1,76.85,2.6,17188.0
2020-03-26,50,19215688.0,1477391870.0,77.4,77.45,76.0,77.2,0.35,9509.0
2020-03-27,50,21953901.0,1706695527.0,78.3,78.7,76.45,76.6,-0.6,12164.0
2020-03-30,50,13605883.0,1021517958.0,74.7,76.15,74.05,75.85,-0.75,7322.0
2020-03-31,50,9764000.0,745847201.0,76.8,77.2,75.6,76.15,0.3,5249.0
2020-04-01,50,9948017.0,757960266.0,76.5,76.65,75.85,75.9,-0.25,4967.0
2020-04-06,50,12207626.0,935731083.0,76.95,77.1,75.75,77.05,1.15,5824.0
2020-04-07,50,15302038.0,1200849513.0,78.5,78.9,78.05,78.5,1.45,8794.0
2020-04-08,50,15230698.0,1205900652.0,78.5,79.7,78.35,79.6,1.1,8941.0
2020-04-09,50,15650105.0,1242814448.0,79.85,80.1,78.85,79.25,-0.35,8547.0
2020-04-10,50,5824779.0,460693342.0,79.0,79.35,78.7,79.3,0.05,3348.0
2020-04-13,50,7430914.0,586896106.0,79.0,79.4,78.55,78.8,-0.5,4389.0
2020-04-14,50,13121792.0,1054569152.0,79.05,80.95,79.05,80.95,2.15,7743.0
2020-04-15,50,17361116.0,1410800897.0,81.25,81.5,81.0,81.2,0.25,7137.0
2020-04-16,50,12409525.0,1001483225.0,80.2,81.1,80.05,80.8,-0.4,6925.0
2020-04-17,50,34532038.0,2879398225.0,83.0,84.0,82.7,83.25,2.45,11524.0
2020-04-20,50,12336416.0,1025144071.0,83.25,83.5,82.8,83.0,-0.25,5638.0
2020-04-21,50,21082454.0,1712306057.0,82.65,82.65,80.5,80.6,-2.4,11037.0
2020-04-22,50,10896151.0,871604621.0,80.0,80.6,79.5,80.6,0.0,5607.0
2020-04-23,50,13298948.0,1078973188.0,81.15,82.0,80.3,80.9,0.3,5546.0
2020-04-24,50,5764752.0,466004912.0,80.8,81.0,80.45,80.9,0.0,3025.0
2020-04-27,50,13917724.0,1144296195.0,82.15,82.6,81.65,82.55,1.65,5005.0
2020-04-28,50,7556661.0,622421135.0,82.9,82.9,82.0,82.55,0.0,4044.0
2020-04-29,50,11874079.0,992546626.0,83.05,83.9,82.95,83.7,1.15,5582.0
2020-04-30,50,18785156.0,1597420751.0,84.45,85.5,84.4,85.5,1.8,8305.0
2020-05-04,50,15648380.0,1296408090.0,82.4,83.3,82.2,83.0,-2.5,8848.0
2020-05-05,50,7810636.0,651512279.0,83.5,83.8,83.0,83.4,0.4,3986.0
2020-05-06,50,6142593.0,511218824.0,83.3,83.75,82.6,83.5,0.1,3610.0
2020-05-07,50,6140995.0,514715030.0,83.5,84.15,83.3,83.85,0.35,3429.0
2020-05-08,50,6034013.0,508981564.0,84.6,84.75,84.0,84.35,0.5,3530.0
2020-05-11,50,6655422.0,566557718.0,85.0,85.4,84.7,85.05,0.7,4065.0
2020-05-12,50,11549365.0,970944184.0,84.6,84.6,83.65,84.05,-1.0,6496.0
2020-05-13,50,4967165.0,417187216.0,83.7,84.4,83.6,84.3,0.25,2672.0
2020-05-14,50,8743268.0,729929358.0,83.8,83.85,83.2,83.3,-1.0,4975.0
2020-05-15,50,6190781.0,518392098.0,84.05,84.25,83.05,83.85,0.55,3135.0
2020-05-18,50,8271703.0,687412937.0,83.05,83.45,82.8,83.15,-0.7,4054.0
2020-05-19,50,5477775.0,460004900.0,84.4,84.5,83.65,83.9,0.75,3225.0
2020-05-20,50,9894141.0,830898729.0,84.0,84.2,83.5,83.8,-0.1,8013.0
2020-05-21,50,7568047.0,639149173.0,84.15,84.8,84.1,84.5,0.7,3658.0
2020-05-22,50,13354146.0,1110886948.0,83.8,83.9,82.9,82.95,-1.55,8390.0
2020-05-25,50,5250544.0,435011428.0,83.15,83.5,82.15,83.5,0.55,3380.0
2020-05-26,50,15454949.0,1305177905.0,84.25,84.65,83.85,84.45,0.95,5465.0
2020-05-27,50,4589767.0,387703276.0,84.7,84.85,84.05,84.35,-0.1,3012.0
2020-05-28,50,7476909.0,630228694.0,84.9,84.9,83.55,83.85,-0.5,3104.0
2020-05-29,50,5320690.0,444529073.0,83.4,84.45,83.0,84.45,0.6,2851.0
2020-06-01,50,8365321.0,709979535.0,84.45,85.15,84.4,84.9,0.45,4221.0
2020-06-02,50,11947060.0,1019866379.0,85.0,85.5,85.0,85.3,0.4,4546.0
2020-06-03,50,18117244.0,1567235805.0,86.15,86.9,86.1,86.8,1.5,7251.0
2020-06-04,50,15036553.0,1315498861.0,87.5,87.75,87.15,87.6,0.8,6182.0
2020-06-05,50,9916582.0,873460722.0,87.7,88.35,87.7,88.35,0.75,5501.0
2020-06-08,50,15549542.0,1388746538.0,88.9,89.8,88.8,89.5,1.15,7617.0
2020-06-09,50,11356579.0,1016232445.0,89.6,89.8,88.95,89.6,0.1,4738.0
2020-06-10,50,10998897.0,992706489.0,89.65,90.7,89.55,90.45,0.85,6189.0
2020-06-11,50,14179192.0,1274547880.0,90.45,90.85,89.0,89.05,-1.4,6785.0
2020-06-12,50,21563371.0,1896372312.0,87.25,88.5,87.1,88.25,-0.8,9065.0
2020-06-15,50,9573700.0,839035110.0,88.1,88.3,86.9,87.0,-1.25,6066.0
2020-06-16,50,10841047.0,962708421.0,88.15,89.2,88.15,88.9,1.9,5206.0
2020-06-17,50,11510236.0,1022814504.0,89.2,89.2,88.3,89.0,0.1,9354.0
2020-06-18,50,5035751.0,447396539.0,89.05,89.3,88.35,88.9,-0.1,2385.0
2020-06-19,50,2333985.0,207473976.0,89.0,89.15,88.65,88.85,-0.05,1483.0
2020-06-22,50,10579456.0,943788276.0,88.85,89.7,88.85,89.05,0.2,3109.0
2020-06-23,50,8664889.0,775774053.0,89.6,90.05,88.8,89.45,0.4,3040.0
2020-06-24,50,10061904.0,907813260.0,89.8,90.5,89.8,90.0,0.55,4330.0
2020-06-29,50,9785007.0,872080579.0,89.25,89.6,88.65,89.1,-0.9,5184.0
2020-06-30,50,8035137.0,720381822.0,89.55,89.95,89.4,89.9,0.8,2697.0
2020-07-01,50,9979250.0,904497055.0,89.95,90.9,89.95,90.5,0.6,4711.0
2020-07-02,50,7601474.0,693803341.0,90.65,91.5,90.6,91.5,1.0,4366.0
2020-07-03,50,14983163.0,1385847691.0,92.1,92.75,92.1,92.55,1.05,6056.0
2020-07-06,50,14469339.0,1358063416.0,93.2,94.3,93.2,94.15,1.6,8897.0
2020-07-07,50,13927773.0,1319126267.0,95.0,95.5,94.1,94.5,0.35,6723.0
2020-07-08,50,11145368.0,1059607510.0,94.5,95.4,94.4,95.15,0.65,5083.0
2020-07-09,50,7241657.0,692045803.0,95.7,95.85,95.15,95.45,0.3,3549.0
2020-07-10,50,11502554.0,1094033243.0,95.55,95.7,94.6,94.65,-0.8,5770.0
2020-07-13,50,12054512.0,1153447842.0,95.4,96.1,95.25,96.05,1.4,5984.0
2020-07-14,50,13480664.0,1295085558.0,95.8,96.65,95.7,96.65,0.6,4715.0
2020-07-15,50,21315724.0,2077523237.0,97.3,97.95,96.7,97.05,0.4,11931.0
2020-07-16,50,7632129.0,735642427.0,97.0,97.0,95.85,96.1,-0.95,5029.0
2020-07-17,50,18010470.0,1751082740.0,97.05,97.7,96.7,97.2,1.1,7731.0
2020-07-20,50,9486407.0,918916229.0,97.2,97.35,96.25,97.05,-0.15,6545.0
2020-07-21,50,24740975.0,2433422779.0,97.15,99.1,97.1,98.7,0.0,12450.0
2020-07-22,50,7243893.0,717050857.0,98.55,99.25,98.35,98.95,0.25,4151.0
2020-07-23,50,6008972.0,592464031.0,98.85,98.9,98.1,98.85,-0.1,3535.0
2020-07-24,50,17377622.0,1724382788.0,99.0,100.1,98.25,98.5,-0.35,6823.0
2020-07-27,50,22874174.0,2356342872.0,101.8,103.55,101.8,103.3,4.8,11883.0
2020-07-28,50,22422761.0,2379933200.0,107.25,108.7,103.3,103.6,0.3,11952.0
2020-07-29,50,9636665.0,992523048.0,102.8,103.8,102.1,102.55,-1.05,4854.0
2020-07-30,50,6587085.0,685105923.0,104.2,105.0,103.3,104.05,1.5,3693.0
2020-07-31,50,5314021.0,551884860.0,103.9,104.3,103.45,103.8,-0.25,3221.0
2020-08-03,50,7258914.0,744236128.0,103.45,103.5,102.0,102.0,-1.8,4831.0
2020-08-04,50,4798147.0,493967922.0,102.55,103.35,102.55,103.3,1.3,3057.0
2020-08-05,50,5106381.0,531964659.0,104.1,104.5,103.75,104.3,1.0,3080.0
2020-08-06,50,7430095.0,783441756.0,105.45,105.95,104.85,105.4,1.1,4239.0
2020-08-07,50,6803730.0,712917364.0,105.55,105.55,104.3,104.65,-0.75,3541.0
2020-08-10,50,5905752.0,622370140.0,104.1,105.85,104.1,105.6,0.95,4997.0
2020-08-11,50,3199141.0,336459703.0,105.4,105.65,104.75,104.8,-0.8,2468.0
2020-08-12,50,5916723.0,611921693.0,104.0,104.0,103.0,103.25,-1.55,3418.0
2020-08-13,50,5461251.0,570110533.0,104.7,104.9,104.05,104.25,1.0,2280.0
2020-08-14,50,3779950.0,393960616.0,103.8,104.5,103.5,104.5,0.25,2051.0
2020-08-17,50,5641660.0,593122510.0,104.5,105.7,104.25,105.6,1.1,3812.0
2020-08-18,50,3745611.0,393780655.0,105.7,105.9,104.65,105.0,-0.6,2556.0
2020-08-19,50,6043314.0,631939609.0,105.0,105.45,104.1,104.25,-0.75,5186.0
2020-08-20,50,18738215.0,1897013023.0,103.8,103.8,98.7,100.6,-3.65,11099.0
2020-08-21,50,8132713.0,832420919.0,102.15,103.0,101.7,102.8,2.2,5138.0
2020-08-24,50,3718559.0,383234215.0,102.85,103.55,102.3,103.1,0.3,2576.0
2020-08-25,50,3609809.0,375149258.0,103.45,104.35,103.35,103.9,0.8,2447.0
2020-08-26,50,2665520.0,277638503.0,104.0,104.35,103.6,104.3,0.4,2573.0
2020-08-27,50,5706106.0,599909101.0,105.1,105.7,104.45,104.55,0.25,2953.0
2020-08-28,50,3913299.0,405257434.0,103.85,104.25,103.0,103.5,-1.05,2680.0
2020-08-31,50,5759933.0,593120338.0,104.1,104.25,101.8,101.8,-1.7,3452.0
2020-09-01,50,5735637.0,587861691.0,102.45,103.35,101.85,103.35,1.55,2800.0
2020-09-02,50,4133083.0,425506025.0,103.65,104.05,102.3,103.0,-0.35,2025.0
2020-09-03,50,5129198.0,532334317.0,103.7,104.3,103.2,103.3,0.3,2346.0
2020-09-04,50,5916012.0,604970586.0,102.0,102.7,101.9,102.55,-0.75,3361.0
2020-09-07,50,5499657.0,563619413.0,102.55,103.05,101.9,102.4,-0.15,3954.0
2020-09-08,50,4504453.0,463379909.0,102.75,103.1,102.45,103.0,0.6,2719.0
2020-09-09,50,6274033.0,637408220.0,101.75,102.35,101.15,102.3,-0.7,3797.0
2020-09-10,50,3581337.0,369033967.0,102.8,103.35,102.6,103.2,0.9,2701.0
2020-09-11,50,2905291.0,299577717.0,103.2,103.35,102.8,103.25,0.05,1919.0
2020-09-14,50,5753474.0,599428685.0,103.5,104.55,103.25,104.55,1.3,3686.0
2020-09-15,50,5438768.0,570384840.0,104.45,105.2,104.25,104.95,0.4,3321.0
2020-09-16,50,14855265.0,1585216900.0,106.55,107.0,106.35,106.55,1.6,6243.0
2020-09-17,50,8748846.0,924073883.0,106.05,106.35,105.1,105.4,-1.15,2813.0
2020-09-18,50,4951719.0,521608487.0,105.4,105.7,104.85,105.3,-0.1,2031.0
2020-09-21,50,5709735.0,599969574.0,105.2,105.9,104.35,104.45,-0.85,2400.0
2020-09-22,50,6636055.0,686437756.0,104.3,104.3,102.95,103.1,-1.35,3984.0
2020-09-23,50,9454100.0,930964496.0,103.5,103.5,102.4,102.95,-0.15,3414.0
2020-09-24,50,15784773.0,1591408178.0,101.55,101.8,100.25,100.45,-2.5,10143.0
2020-09-25,50,9498930.0,956362729.0,100.75,101.45,100.05,100.65,0.2,5795.0
2020-09-28,50,6026880.0,613784969.0,101.35,102.3,101.0,102.3,1.65,3799.0
2020-09-29,50,3759262.0,386035352.0,102.75,103.25,102.15,102.55,0.25,2283.0
2020-09-30,50,3545485.0,365486223.0,102.75,103.45,102.6,103.0,0.45,2026.0
2020-10-05,50,5912599.0,611109577.0,103.45,104.05,103.0,103.05,0.05,3406.0
2020-10-06,50,6875260.0,716387698.0,104.0,104.35,103.85,104.25,1.2,4463.0
2020-10-07,50,4011139.0,419191630.0,104.0,105.0,103.5,104.8,0.55,3511.0
2020-10-08,50,13470899.0,1426719794.0,105.45,106.35,105.3,106.2,1.4,7466.0
2020-10-12,50,9837999.0,1054361643.0,106.7,107.7,106.7,107.05,0.85,6156.0
2020-10-13,50,5410614.0,577962340.0,107.35,107.6,106.2,107.1,0.05,3278.0
2020-10-14,50,2562860.0,273648098.0,107.05,107.2,106.45,106.7,-0.4,1916.0
2020-10-15,50,4550154.0,481080290.0,106.5,106.5,105.1,105.7,-1.0,2578.0
2020-10-16,50,3239005.0,342147843.0,105.7,106.3,105.1,105.25,-0.45,2646.0
2020-10-19,50,3459323.0,367826138.0,105.65,106.6,105.6,106.6,1.35,2680.0
2020-10-20,50,1414032.0,150155790.0,106.4,106.45,106.0,106.0,-0.6,1168.0
2020-10-21,50,8599387.0,911039411.0,106.0,106.55,105.65,105.95,-0.05,6578.0
2020-10-22,50,2158260.0,228303838.0,105.7,106.1,105.5,106.1,0.15,1479.0
2020-10-23,50,3205830.0,339926838.0,106.5,106.65,105.65,106.1,0.0,1237.0
2020-10-26,50,2918339.0,309750999.0,106.1,106.6,105.8,106.1,0.0,3402.0
2020-10-27,50,3438003.0,362491156.0,105.75,105.75,105.15,105.5,-0.6,4510.0
2020-10-28,50,4782251.0,502747144.0,105.5,105.5,104.8,105.0,-0.5,4348.0
2020-10-29,50,7191693.0,745591107.0,104.0,104.1,103.25,103.85,-1.15,8301.0
2020-10-30,50,6564423.0,677255468.0,103.55,103.6,102.7,103.0,-0.85,7141.0
2020-11-02,50,10228786.0,1050887316.0,103.15,103.45,102.3,103.4,0.4,8143.0
2020-11-03,50,4444060.0,464333020.0,104.2,104.85,104.05,104.6,1.2,4393.0
2020-11-04,50,5081769.0,536537006.0,105.0,106.2,104.7,106.15,1.55,4542.0
2020-11-05,50,4331427.0,459148329.0,106.2,106.4,105.55,106.05,-0.1,3321.0
2020-11-06,50,6315479.0,674047631.0,106.35,107.05,106.3,106.7,0.65,7927.0
2020-11-09,50,11429760.0,1234448730.0,107.75,108.4,107.25,108.1,1.4,7084.0
2020-11-10,50,4451469.0,478029991.0,108.0,108.0,106.8,107.1,-1.0,4098.0
2020-11-11,50,8631279.0,935036530.0,107.1,108.75,107.1,108.75,1.65,5765.0
2020-11-12,50,3870766.0,421927706.0,109.0,109.4,108.7,108.8,0.05,3172.0
2020-11-13,50,3829664.0,417113986.0,108.6,109.3,108.45,109.25,0.45,3049.0
2020-11-16,50,9421082.0,1052631798.0,110.4,112.8,110.4,112.8,3.55,8277.0
2020-11-17,50,8297028.0,945842517.0,115.0,115.75,113.4,113.6,0.8,6274.0
2020-11-18,50,19747534.0,2254742494.0,113.6,114.95,113.15,114.35,0.75,18354.0
2020-11-19,50,4505205.0,514299847.0,114.45,114.55,113.8,114.15,-0.2,3786.0
2020-11-20,50,4800675.0,546485967.0,114.15,114.15,113.35,114.0,-0.15,3751.0
2020-11-23,50,5800114.0,668881804.0,114.65,115.85,114.65,115.45,1.45,4322.0
2020-11-24,50,6181698.0,712360322.0,115.95,115.95,114.75,114.9,-0.55,4988.0
2020-11-25,50,4184128.0,479175012.0,115.7,115.7,113.9,113.95,-0.95,5005.0
2020-11-26,50,2561228.0,293607672.0,114.05,115.0,114.05,114.85,0.9,3146.0
2020-11-27,50,5329935.0,609955495.0,114.5,114.85,114.1,114.65,-0.2,3372.0
2020-11-30,50,9569902.0,1092174851.0,114.8,115.15,113.3,113.3,-1.35,7844.0
2020-12-01,50,5097362.0,579908169.0,113.8,114.3,113.35,114.3,1.0,3856.0
2020-12-02,50,6132300.0,706416245.0,115.0,115.55,114.5,115.4,1.1,3958.0
2020-12-03,50,5977208.0,690191929.0,115.45,116.1,115.0,115.4,0.0,3650.0
2020-12-04,50,12351997.0,1441028838.0,115.9,117.45,115.9,117.3,1.9,5651.0
2020-12-07,50,6859570.0,809975765.0,118.5,118.75,117.5,118.4,1.1,6523.0
2020-12-08,50,6401980.0,760790348.0,118.45,120.05,117.95,120.05,1.65,5575.0
2020-12-09,50,6302763.0,755414967.0,120.0,120.2,119.5,120.05,0.0,5187.0
2020-12-10,50,8417879.0,996846199.0,119.15,119.15,118.05,118.6,-1.45,9233.0
2020-12-11,50,4798609.0,567107835.0,118.8,119.15,117.25,118.75,0.15,5384.0
2020-12-14,50,2479991.0,293305597.0,118.65,118.65,118.0,118.25,-0.5,3439.0
2020-12-15,50,9664754.0,1132041750.0,117.95,118.0,116.75,117.05,-1.2,9128.0
2020-12-16,50,13383363.0,1589857607.0,117.9,119.3,117.85,119.25,2.2,13255.0
2020-12-17,50,3001579.0,355533497.0,119.15,119.15,118.0,118.6,-0.65,3369.0
2020-12-18,50,2585473.0,305752089.0,118.55,118.7,118.0,118.2,-0.4,3012.0
2020-12-21,50,4402203.0,521717200.0,118.25,119.4,117.5,119.35,1.15,4369.0
2020-12-22,50,5849363.0,694797654.0,119.05,119.5,117.85,118.0,-1.35,4923.0
2020-12-23,50,4246980.0,500926481.0,117.85,118.3,117.5,118.15,0.15,3060.0
2020-12-24,50,2498996.0,296457152.0,118.4,118.85,118.2,118.8,0.65,2262.0
2020-12-25,50,2878357.0,343128324.0,119.1,119.6,118.6,118.95,0.15,3097.0
2020-12-28,50,3495974.0,418460860.0,119.05,120.0,119.05,120.0,1.05,4173.0
2020-12-29,50,3177140.0,380694787.0,120.05,120.2,119.35,119.9,-0.1,2824.0
2020-12-30,50,5501727.0,664129018.0,120.0,121.6,119.9,121.6,1.7,4169.0
2020-12-31,50,5845572.0,713540097.0,122.15,122.4,121.7,122.25,0.65,3679.0
2021-01-04,50,6307525.0,778088986.0,122.2,124.5,122.0,124.35,2.1,5434.0
2021-01-05,50,4962514.0,616480760.0,124.2,124.65,123.75,124.6,0.25,6179.0
2021-01-06,50,10859755.0,1367952768.0,126.1,127.15,124.1,125.95,1.35,9245.0
2021-01-07,50,6863448.0,877015237.0,126.55,129.0,126.55,128.9,2.95,6299.0
2021-01-08,50,13298515.0,1733821488.0,130.6,131.25,129.55,131.2,2.3,10629.0
2021-01-11,50,10492804.0,1375120183.0,131.2,132.3,130.5,132.3,1.1,10995.0
2021-01-12,50,11223083.0,1484059869.0,132.3,133.15,131.6,132.1,-0.2,11184.0
2021-01-13,50,10912897.0,1465070002.0,132.75,135.45,132.7,135.3,3.2,8059.0
2021-01-14,50,12390589.0,1660294742.0,135.0,135.05,133.35,134.05,-1.25,11405.0
2021-01-15,50,21933080.0,2983569891.0,137.15,138.0,134.4,134.5,0.45,13533.0
2021-01-18,50,14495824.0,1937130062.0,134.6,134.95,132.1,134.4,-0.1,11800.0
2021-01-19,50,12262208.0,1675696411.0,135.2,138.1,135.2,137.95,3.55,8222.0
2021-01-20,50,30367315.0,4202770386.0,138.1,139.5,137.65,138.2,0.25,25701.0
2021-01-21,50,14029981.0,1984425275.0,138.4,143.25,138.35,143.0,4.8,12122.0
2021-01-22,50,24714046.0,3413371452.0,138.2,139.0,135.0,137.45,0.0,26235.0
2021-01-25,50,14258565.0,1931915211.0,137.2,137.3,134.2,135.6,-1.85,15890.0
2021-01-26,50,15080041.0,2016627426.0,135.55,136.6,131.8,132.85,-2.75,20506.0
2021-01-27,50,8124071.0,1082040695.0,133.3,134.4,132.25,133.05,0.2,8939.0
2021-01-28,50,15242813.0,1983766728.0,130.0,131.3,129.4,130.35,-2.7,20286.0
2021-01-29,50,14709917.0,1910423184.0,131.6,131.85,128.2,128.2,-2.15,18761.0
2021-02-01,50,14510389.0,1873041979.0,128.2,130.95,127.55,130.75,2.55,12642.0
2021-02-02,50,11194661.0,1502540355.0,132.5,135.05,132.5,134.45,3.7,11062.0
2021-02-03,50,7317436.0,985895363.0,135.45,135.5,134.2,134.35,-0.1,7686.0
2021-02-04,50,6783557.0,905762129.0,133.4,134.55,132.35,133.55,-0.8,7854.0
2021-02-05,50,9116600.0,1232781527.0,134.8,136.3,134.2,134.8,1.25,9975.0
2021-02-17,50,19308197.0,2703193279.0,139.0,140.85,139.0,140.55,5.75,18365.0
2021-02-18,50,10805214.0,1515128298.0,140.55,141.25,139.6,140.35,-0.2,11664.0
2021-02-19,50,9327689.0,1291374488.0,139.55,139.55,137.6,138.85,-1.5,14087.0
2021-02-22,50,7156162.0,998526381.0,139.8,140.75,138.75,138.8,-0.05,10082.0
2021-02-23,50,8026444.0,1103431395.0,137.15,138.7,136.45,138.5,-0.3,10480.0
2021-02-24,50,11227133.0,1538182466.0,137.0,138.2,136.25,136.45,-2.05,17875.0
2021-02-25,50,10368420.0,1425196624.0,137.85,138.15,136.7,137.55,1.1,7158.0
2021-02-26,50,27725975.0,3715513046.0,134.65,135.2,133.3,133.4,-4.15,37326.0
2021-03-02,50,7501387.0,1010256514.0,135.5,135.65,133.45,133.45,0.05,10851.0
2021-03-03,50,8596895.0,1154467890.0,133.75,135.4,132.7,135.4,1.95,8407.0
2021-03-04,50,17641322.0,2341433954.0,134.35,134.35,131.7,132.75,-2.65,27088.0
2021-03-05,50,14721332.0,1927803083.0,130.05,132.6,129.5,131.95,-0.8,17078.0
2021-03-08,50,12425275.0,1646769774.0,133.75,133.8,131.5,131.85,-0.1,13253.0
2021-03-09,50,13755992.0,1797274857.0,130.55,131.6,129.75,131.35,-0.5,16324.0
2021-03-10,50,5608897.0,740047666.0,132.3,132.6,131.4,131.9,0.55,8636.0
2021-03-11,50,9343919.0,1253580767.0,132.05,134.95,132.05,134.7,2.8,8659.0
2021-03-12,50,5700896.0,770243301.0,135.25,135.65,134.5,135.25,0.55,6513.0
2021-03-15,50,3852212.0,519490377.0,135.25,135.25,134.45,134.9,-0.35,6120.0
2021-03-16,50,6868571.0,928771155.0,135.45,135.65,134.75,135.35,0.45,7042.0
2021-03-17,50,6923261.0,931947167.0,135.35,135.4,134.0,134.2,-1.15,9793.0
2021-03-18,50,7050890.0,954824165.0,135.1,136.05,134.8,134.9,0.7,5861.0
2021-03-19,50,10691849.0,1419477837.0,133.45,133.5,132.3,132.8,-2.1,18811.0
2021-03-22,50,5510347.0,731825252.0,132.4,133.6,131.6,133.4,0.6,7159.0
2021-03-23,50,6994160.0,937937176.0,133.9,134.7,133.6,133.6,0.2,4759.0
2021-03-24,50,11082813.0,1459923222.0,131.8,132.45,131.3,131.5,-2.1,20959.0
2021-03-25,50,5186148.0,681481755.0,131.1,132.55,130.6,131.95,0.45,8602.0
2021-03-26,50,8134654.0,1087961095.0,133.05,134.4,132.55,134.35,2.4,8197.0
2021-03-29,50,8323344.0,1128219385.0,135.2,135.9,135.05,135.45,1.1,7882.0
2021-03-30,50,4937584.0,669668601.0,135.8,135.95,135.2,135.9,0.45,5898.0
2021-03-31,50,7829355.0,1057200674.0,135.8,135.8,134.6,134.75,-1.15,8619.0
2021-04-01,50,7419804.0,1007813912.0,135.7,136.05,135.2,135.75,1.0,6863.0
2021-04-06,50,9539511.0,1315017720.0,138.3,138.3,137.25,137.65,1.9,10501.0
2021-04-07,50,4477900.0,616257780.0,137.7,137.95,137.15,137.8,0.15,6799.0
2021-04-08,50,6467189.0,890757368.0,137.35,138.25,136.65,138.25,0.45,7006.0
2021-04-09,50,3762585.0,519688684.0,138.85,138.9,137.65,137.95,-0.3,5619.0
2021-04-12,50,6145704.0,844165036.0,138.05,138.4,136.65,137.15,-0.8,8315.0
2021-04-13,50,5823793.0,804091513.0,137.2,138.8,137.0,137.15,0.0,6884.0
2021-04-14,50,6608307.0,905363241.0,137.35,137.9,136.05,137.9,0.75,7261.0
2021-04-15,50,7802826.0,1080396590.0,138.05,139.05,137.6,139.05,1.15,7781.0
2021-04-16,50,11331158.0,1573488224.0,138.9,139.25,138.4,139.25,0.2,8180.0
2021-04-19,50,8221039.0,1145154942.0,139.25,139.75,138.65,139.5,0.25,6575.0
2021-04-20,50,4898074.0,681738871.0,138.85,139.55,138.8,139.25,-0.25,6290.0
2021-04-21,50,8098256.0,1119460883.0,138.95,138.95,138.0,138.0,-1.25,10126.0
2021-04-22,50,4152152.0,574280227.0,138.55,139.05,137.7,137.9,-0.1,5322.0
2021-04-23,50,6127836.0,848868654.0,137.9,139.15,137.4,139.15,1.25,5207.0
2021-04-26,50,12215063.0,1717301989.0,140.0,141.35,139.9,141.2,2.05,11503.0
2021-04-27,50,6750710.0,953806604.0,141.2,141.7,140.8,141.25,0.05,5929.0
2021-04-28,50,3106978.0,436811318.0,141.25,141.25,140.2,140.4,-0.85,4480.0
2021-04-29,50,9026319.0,1276309167.0,141.0,142.0,140.6,140.6,0.2,5454.0
2021-05-03,50,7325314.0,1015536773.0,140.4,140.4,138.1,138.25,-2.35,13729.0
2021-05-04,50,13831267.0,1893528298.0,138.25,138.35,135.0,137.05,-1.2,16369.0
2021-05-05,50,9345225.0,1276849685.0,137.05,137.3,135.7,135.75,-1.3,14960.0
2021-05-06,50,8216084.0,1121548346.0,136.3,137.5,135.5,136.95,1.2,9073.0
2021-05-07,50,7168292.0,995811085.0,138.15,139.45,137.95,139.4,2.45,6072.0
2021-05-10,50,4491095.0,622306962.0,139.5,139.5,138.1,138.45,-0.95,6694.0
2021-05-11,50,26853369.0,3602198584.0,135.75,135.8,132.6,133.25,-5.2,37645.0
2021-05-12,50,40085754.0,5136665616.0,132.9,132.9,121.2,129.4,-3.85,47641.0
2021-05-13,50,28100529.0,3599079125.0,126.25,130.0,125.0,127.5,-1.9,30520.0
2021-05-14,50,15790431.0,2035292037.0,128.5,130.25,127.85,128.95,1.45,16237.0
2021-05-17,50,32505861.0,4111437455.0,125.2,128.8,124.7,126.5,-2.45,35528.0
2021-05-18,50,16612226.0,2167982126.0,128.35,132.3,128.0,132.3,5.8,13448.0
2021-05-19,50,17193723.0,2261698330.0,132.2,132.65,130.5,131.4,-0.9,17676.0
2021-05-20,50,9780505.0,1274831292.0,131.35,131.4,129.7,130.5,-0.9,9207.0
2021-05-21,50,10248024.0,1358135228.0,132.5,133.85,131.3,132.35,1.85,7006.0
2021-05-24,50,10375497.0,1367233343.0,131.55,132.65,131.15,132.15,-0.2,8922.0
2021-05-25,50,10326420.0,1368221026.0,132.9,134.65,132.9,134.4,2.25,8064.0
2021-05-26,50,5246780.0,705851187.0,134.85,135.15,133.95,134.5,0.1,5468.0
2021-05-27,50,5858001.0,779436245.0,133.5,133.7,132.35,133.55,-0.95,6872.0
2021-05-28,50,9754500.0,1320088577.0,134.9,135.9,134.3,135.8,2.25,7907.0
2021-05-31,50,10607435.0,1451843105.0,135.8,137.55,135.8,137.1,1.3,7985.0
2021-06-01,50,5710574.0,786076633.0,137.2,138.1,137.2,137.7,0.6,5200.0
2021-06-02,50,5118006.0,702947369.0,137.8,138.0,136.65,137.7,0.0,6240.0
2021-06-03,50,5137777.0,708745556.0,137.95,138.45,137.5,137.6,-0.1,5273.0
2021-06-04,50,3268847.0,446605239.0,137.0,137.0,136.3,136.95,-0.65,5297.0
2021-06-07,50,10994102.0,1502787769.0,137.2,137.4,134.65,137.3,0.35,13872.0
2021-06-08,50,3021521.0,413571142.0,137.3,137.5,136.5,136.5,-0.8,4359.0
2021-06-09,50,6289449.0,851835109.0,136.3,136.3,135.05,135.5,-1.0,8909.0
2021-06-10,50,6953916.0,953274453.0,136.0,137.85,135.8,137.6,2.1,7526.0
2021-06-11,50,3427869.0,473613244.0,138.1,138.5,137.85,138.1,0.5,4811.0
2021-06-15,50,4126481.0,572346206.0,138.6,139.0,138.4,138.85,0.75,6371.0
2021-06-16,50,7330366.0,1016261767.0,138.7,138.95,138.15,138.7,-0.15,7048.0
2021-06-17,50,3283653.0,452105710.0,137.8,138.3,137.15,138.3,-0.4,4057.0
2021-06-18,50,2249578.0,310815371.0,138.85,138.85,137.95,138.0,-0.3,3350.0
2021-06-21,50,16678832.0,2255922407.0,136.9,137.0,134.6,134.7,-3.3,25994.0
2021-06-22,50,6078865.0,820657527.0,135.6,136.05,134.5,134.85,0.15,9047.0
2021-06-23,50,6517135.0,887399669.0,135.0,137.15,134.8,137.05,2.2,5282.0
2021-06-24,50,6289676.0,861039047.0,137.05,137.25,136.45,136.7,-0.35,4263.0
2021-06-25,50,6623437.0,911180118.0,137.45,137.95,136.7,136.95,0.25,6284.0
2021-06-28,50,4090101.0,560920233.0,137.0,137.5,136.5,137.2,0.25,4724.0
2021-06-29,50,9131032.0,1259391696.0,137.9,138.7,137.3,137.6,0.4,5881.0
2021-06-30,50,9756709.0,1355932363.0,138.1,139.35,138.05,138.95,1.35,8757.0
2021-07-01,50,4680733.0,649025587.0,139.0,139.2,138.05,138.3,-0.65,5327.0
2021-07-02,50,4826430.0,667110798.0,138.3,138.5,137.9,138.3,0.0,4137.0
2021-07-05,50,7881941.0,1100359360.0,138.75,140.0,138.75,139.6,1.3,8455.0
2021-07-06,50,6551731.0,915548456.0,139.85,140.05,139.45,139.75,0.15,6171.0
2021-07-07,50,6776193.0,942786963.0,139.6,139.65,138.6,139.0,-0.75,5825.0
2021-07-08,50,4085141.0,567119389.0,139.15,139.5,138.2,138.85,-0.15,4262.0
2021-07-09,50,7176503.0,986007526.0,137.9,137.9,136.95,137.75,-1.1,11004.0
2021-07-12,50,13736653.0,1913348729.0,139.05,140.05,138.55,139.0,1.25,12106.0
2021-07-13,50,14007902.0,1968576900.0,140.0,141.0,139.95,140.15,1.15,12312.0
2021-07-14,50,9604503.0,1350159685.0,140.2,141.1,140.15,140.5,0.35,8329.0
2021-07-15,50,12338667.0,1746117456.0,140.95,141.85,140.8,141.8,1.3,13045.0
2021-07-16,50,9507234.0,1327200973.0,139.8,140.0,139.05,139.9,-1.9,10629.0
2021-07-19,50,10856715.0,1500042445.0,139.0,139.2,137.55,138.3,-1.6,14186.0
2021-07-20,50,8443543.0,1160744460.0,137.8,138.3,137.05,137.2,-1.1,14659.0
2021-07-21,50,13271874.0,1813074896.0,138.0,138.0,136.1,136.7,0.0,20448.0
2021-07-22,50,6243365.0,862215168.0,137.8,138.55,137.25,137.65,0.95,4741.0
2021-07-23,50,3242961.0,446860983.0,138.05,138.3,137.35,137.65,0.0,4939.0
2021-07-26,50,12149739.0,1661811908.0,137.75,138.05,136.25,136.45,-1.2,17915.0
2021-07-27,50,10677894.0,1457154226.0,136.5,137.05,136.05,136.4,-0.05,12162.0
2021-07-28,50,31583968.0,4245231662.0,136.1,136.1,133.75,134.25,-2.15,38726.0
2021-07-29,50,10889344.0,1480352131.0,135.85,136.6,135.25,136.5,2.25,7383.0
2021-07-30,50,4040055.0,550974846.0,136.6,136.6,136.0,136.05,-0.45,4798.0
2021-08-02,50,7376244.0,1011342122.0,137.0,138.0,136.05,137.9,1.85,5273.0
2021-08-03,50,6224382.0,859255808.0,137.95,138.45,137.7,138.45,0.55,5115.0
2021-08-04,50,5642671.0,784584423.0,138.65,139.3,138.45,139.25,0.8,5413.0
2021-08-05,50,5840987.0,813087525.0,139.25,139.45,138.85,139.0,-0.25,6400.0
2021-08-06,50,4031604.0,558390394.0,138.9,139.0,137.8,138.8,-0.2,5590.0
2021-08-09,50,5186503.0,714762861.0,138.2,138.55,136.7,138.4,-0.4,5861.0
2021-08-10,50,2676946.0,369136949.0,138.45,138.5,137.5,137.65,-0.75,6027.0
2021-08-11,50,3867154.0,529729666.0,137.35,137.65,136.6,137.2,-0.45,7131.0
2021-08-12,50,2376688.0,325349900.0,137.2,137.25,136.5,136.95,-0.25,4386.0
2021-08-13,50,7816273.0,1061673383.0,136.6,136.85,135.55,135.65,-1.3,16810.0
2021-08-16,50,11135323.0,1506240702.0,135.5,135.75,134.9,135.35,-0.3,14444.0
2021-08-17,50,13757654.0,1854533694.0,135.4,135.5,134.3,134.35,-1.0,20363.0
2021-08-18,50,22162774.0,2958372270.0,133.6,134.95,132.45,134.9,0.55,20199.0
2021-08-19,50,28091032.0,3719709802.0,134.5,134.5,131.6,131.8,-3.1,41771.0
2021-08-20,50,16501498.0,2163648386.0,132.2,132.8,130.2,130.75,-1.05,20673.0
2021-08-23,50,6086614.0,814769062.0,132.25,134.45,132.15,134.35,3.6,7827.0
2021-08-24,50,5086550.0,685956249.0,135.2,135.35,134.6,134.75,0.4,4866.0
2021-08-25,50,7031858.0,954442277.0,135.15,136.1,135.15,136.05,1.3,6772.0
2021-08-26,50,7276078.0,997127716.0,137.45,138.0,136.35,137.0,0.95,6899.0
2021-08-27,50,16875047.0,2328482421.0,136.7,138.5,136.45,138.15,1.15,9673.0
2021-08-30,50,21974199.0,3054444066.0,138.65,139.5,138.45,139.5,1.35,15333.0
2021-08-31,50,16604451.0,2314461154.0,139.4,140.35,138.1,140.35,0.85,12191.0
2021-09-01,50,18843757.0,2654655259.0,140.15,141.3,140.05,141.0,0.65,13396.0
2021-09-02,50,7218178.0,1015442778.0,140.9,141.4,139.9,139.9,-1.1,6517.0
2021-09-03,50,11543959.0,1634417680.0,140.65,142.1,140.45,141.9,2.0,10027.0
2021-09-06,50,14283400.0,2037715398.0,141.9,143.5,141.6,142.55,0.65,14230.0
2021-09-07,50,8413574.0,1194822412.0,142.8,142.8,141.45,141.9,-0.65,7538.0
2021-09-08,50,7239389.0,1019366042.0,141.75,142.0,139.95,140.65,-1.25,9015.0
2021-09-09,50,3194199.0,447668012.0,139.65,141.0,139.3,140.3,-0.35,4400.0
2021-09-10,50,3165128.0,448120950.0,140.7,142.1,140.5,141.95,1.65,5203.0
2021-09-13,50,3348806.0,473494037.0,141.85,141.85,141.15,141.45,-0.5,3899.0
2021-09-14,50,2513428.0,356460422.0,141.85,142.2,141.35,141.6,0.15,2824.0
2021-09-15,50,12135597.0,1709846643.0,141.3,141.45,140.4,140.75,-0.85,12872.0
2021-09-16,50,8202035.0,1150003927.0,140.8,141.0,139.75,140.1,-0.65,6836.0
2021-09-17,50,3858456.0,541563536.0,140.1,141.05,139.5,140.5,0.4,3815.0
2021-09-22,50,25084805.0,3435002639.0,137.1,137.6,136.3,137.2,-3.3,28707.0
2021-09-23,50,5915660.0,816669288.0,138.0,138.5,137.6,138.0,0.8,5666.0
2021-09-24,50,6297547.0,877424900.0,138.8,139.65,138.7,139.65,1.65,4748.0
2021-09-27,50,11877695.0,1660910631.0,139.85,140.35,139.2,140.0,0.35,6647.0
2021-09-28,50,17896339.0,2484681382.0,139.25,139.35,138.25,139.0,-1.0,6867.0
2021-09-29,50,31469085.0,4284361418.0,136.9,136.9,135.45,136.0,-3.0,43917.0
2021-09-30,50,16919613.0,2303685576.0,136.3,137.1,135.2,137.05,1.05,9983.0
2021-10-01,50,28939270.0,3888671030.0,136.3,136.3,133.65,133.95,-3.1,44143.0
2021-10-04,50,24299469.0,3240409636.0,134.7,134.8,132.85,133.15,-0.8,27766.0
2021-10-05,50,28469257.0,3753464098.0,132.0,133.0,130.9,132.95,-0.2,36809.0
2021-10-06,50,22785877.0,3024603640.0,134.0,134.0,132.0,133.0,0.05,24818.0
2021-10-07,50,13826376.0,1866323932.0,134.05,135.6,133.95,135.35,2.35,9745.0
2021-10-08,50,7988089.0,1075930310.0,135.65,135.65,133.95,134.2,-1.15,9574.0
2021-10-12,50,11588565.0,1533572691.0,132.7,133.15,131.6,132.85,-1.35,16091.0
2021-10-13,50,5741940.0,761389812.0,133.4,133.6,132.15,132.4,-0.45,9324.0
2021-10-14,50,3441729.0,457703545.0,133.5,133.7,132.5,132.75,0.35,5211.0
2021-10-15,50,13728479.0,1862428212.0,134.65,136.35,134.3,136.25,3.5,11985.0
2021-10-18,50,5450752.0,743028806.0,136.7,136.9,135.6,135.85,-0.4,6738.0
2021-10-19,50,8666121.0,1186479700.0,136.2,137.25,136.05,136.95,1.1,5866.0
2021-10-20,50,14674356.0,2008846387.0,137.05,137.3,136.45,136.6,-0.35,11922.0
2021-10-21,50,13292564.0,1823893063.0,136.7,137.8,136.1,136.1,-0.5,9180.0
2021-10-22,50,5321361.0,725081014.0,136.25,136.75,135.65,136.5,0.4,4657.0
2021-10-25,50,7522325.0,1022937288.0,136.0,136.7,135.2,136.4,-0.1,7124.0
2021-10-26,50,10797704.0,1483480452.0,136.65,137.75,136.6,137.55,1.15,9789.0
2021-10-27,50,7527789.0,1031896075.0,136.95,137.55,136.7,137.55,0.0,5876.0
2021-10-28,50,4597622.0,630055512.0,137.45,137.65,136.6,137.15,-0.4,5081.0
2021-10-29,50,5145743.0,699434063.0,137.05,137.05,135.35,135.8,-1.35,6484.0
2021-11-01,50,3142335.0,428929269.0,136.2,136.75,136.2,136.5,0.7,3530.0
2021-11-02,50,4154241.0,569049842.0,136.8,137.65,136.15,136.25,-0.25,5150.0
2021-11-03,50,2399598.0,328234276.0,136.4,137.0,136.4,136.6,0.35,2724.0
2021-11-04,50,2662461.0,364046342.0,137.25,137.5,136.15,136.15,-0.45,4093.0
2021-11-05,50,11655592.0,1603293234.0,137.1,138.2,136.8,138.1,1.95,11698.0
2021-11-08,50,7721327.0,1072307464.0,138.2,139.2,138.2,139.2,1.1,8260.0
2021-11-09,50,12860159.0,1810403187.0,140.15,141.2,140.1,140.7,1.5,11831.0
2021-11-10,50,5594835.0,785319940.0,140.65,140.65,140.0,140.5,-0.2,7203.0
2021-11-11,50,4600441.0,640820755.0,139.1,139.75,138.8,139.25,-1.25,4898.0
2021-11-12,50,5886568.0,825588673.0,139.9,140.8,139.5,139.7,0.45,5407.0
2021-11-15,50,6780991.0,955946488.0,140.55,141.25,140.55,140.95,1.25,8393.0
2021-11-16,50,6013400.0,849180129.0,140.95,141.45,140.8,141.2,0.25,6529.0
2021-11-17,50,27642686.0,3911651162.0,141.3,141.7,141.15,141.65,0.45,21969.0
2021-11-18,50,6242847.0,887241873.0,141.75,142.55,141.65,142.45,0.8,7912.0
2021-11-19,50,6253607.0,894594272.0,143.5,143.55,142.65,142.8,0.35,7531.0
2021-11-22,50,3868526.0,551655567.0,142.7,142.9,142.4,142.45,-0.35,6318.0
2021-11-23,50,4701595.0,664821080.0,142.0,142.0,141.05,141.1,-1.35,6686.0
2021-11-24,50,3224697.0,453478983.0,141.1,141.15,140.15,140.5,-0.6,5362.0
2021-11-25,50,2612776.0,366609846.0,140.5,140.9,140.0,140.45,-0.05,4293.0
2021-11-26,50,12594105.0,1745167285.0,139.55,139.85,137.95,138.15,-2.3,22155.0
2021-11-29,50,11534852.0,1593014716.0,137.6,138.8,137.5,138.15,0.0,10364.0
2021-11-30,50,10539304.0,1460465604.0,138.8,139.6,137.85,138.0,-0.15,8776.0
2021-12-01,50,4329326.0,603377795.0,138.1,140.5,138.05,140.3,2.3,5203.0
2021-12-02,50,9133260.0,1292045173.0,140.1,141.95,139.7,141.8,1.5,9601.0
2021-12-03,50,4946614.0,700928903.0,141.95,142.15,141.1,141.75,-0.05,4496.0
2021-12-06,50,4060985.0,573477544.0,140.7,141.9,140.0,141.35,-0.4,7070.0
2021-12-07,50,3157948.0,444889939.0,141.35,141.8,140.35,141.8,0.45,4881.0
2021-12-08,50,11183297.0,1596995575.0,143.1,143.6,142.3,142.35,0.55,9108.0
2021-12-09,50,4675110.0,664504401.0,142.45,142.65,141.7,142.0,-0.35,4259.0
2021-12-10,50,3436577.0,487665365.0,141.8,142.1,141.35,141.95,-0.05,4855.0
2021-12-13,50,4759881.0,676100133.0,142.2,142.45,141.5,141.5,-0.45,5027.0
2021-12-14,50,5027334.0,705014383.0,140.35,140.7,139.95,140.1,-1.4,9424.0
2021-12-15,50,10117615.0,1416798965.0,140.1,140.6,139.7,140.3,0.2,11074.0
2021-12-16,50,5763811.0,816635782.0,141.35,142.05,141.15,142.05,1.75,6419.0
2021-12-17,50,4979845.0,706093154.0,141.55,142.0,141.2,141.9,-0.15,5392.0
2021-12-20,50,4582532.0,645465862.0,141.8,141.85,140.3,140.65,-1.25,7866.0
2021-12-21,50,6716896.0,951161400.0,140.7,141.95,140.7,141.85,1.2,4760.0
2021-12-22,50,4146304.0,588113850.0,141.95,142.0,141.65,141.85,0.0,3235.0
2021-12-23,50,14116987.0,2012988793.0,142.75,143.2,142.25,142.65,0.8,5310.0
2021-12-24,50,12807935.0,1835254135.0,143.0,143.6,142.95,143.05,0.4,8437.0
2021-12-27,50,6838963.0,984397159.0,143.2,144.25,143.1,144.15,1.1,8693.0
2021-12-28,50,22888176.0,3315969575.0,144.3,145.3,144.3,145.3,1.15,9328.0
2021-12-29,50,22807731.0,3319821967.0,145.45,146.15,145.05,145.95,0.65,7510.0
2021-12-30,50,6421410.0,935379902.0,145.95,146.0,145.35,145.5,-0.45,5369.0
2022-01-03,50,7064552.0,1034974917.0,146.0,147.35,146.0,146.4,0.9,8298.0
2022-01-04,50,10122789.0,1507398153.0,147.7,149.6,147.7,149.6,3.2,10438.0
2022-01-05,50,11730618.0,1755680824.0,150.1,150.55,149.1,149.3,-0.3,12614.0
2022-01-06,50,9085138.0,1342084958.0,148.3,148.75,147.0,147.9,-1.4,13496.0
2022-01-07,50,7435645.0,1095365963.0,148.3,149.0,146.5,146.6,-1.3,12008.0
2022-01-10,50,15979639.0,2346043879.0,146.0,147.8,145.4,147.55,0.95,8675.0
2022-01-11,50,17984061.0,2655717032.0,147.6,148.5,146.7,148.3,0.75,8365.0
2022-01-12,50,10326119.0,1541003375.0,149.35,149.6,148.7,149.55,1.25,6551.0
2022-01-13,50,7680333.0,1152220355.0,149.55,150.45,149.55,150.3,0.75,7281.0
2022-01-14,50,10400081.0,1560843189.0,150.8,151.2,149.05,150.3,0.0,9178.0
2022-01-17,50,7202412.0,1093229361.0,151.1,152.4,151.1,152.0,1.7,9817.0
2022-01-18,50,14811991.0,2242827500.0,152.2,152.25,150.15,150.3,-1.7,12127.0
2022-01-19,50,15371288.0,2288127587.0,149.0,149.65,148.25,148.5,-1.8,18846.0
2022-01-20,50,16845120.0,2499682717.0,148.5,149.2,147.6,149.1,0.6,16497.0
2022-01-21,50,32475644.0,4649317826.0,143.9,143.95,142.3,142.65,0.0,53966.0
2022-01-24,50,13767241.0,1965019247.0,142.1,144.0,141.7,144.0,1.35,17460.0
2022-01-25,50,25646145.0,3632621711.0,142.55,142.55,141.25,141.65,-2.35,39744.0
2022-01-26,50,18559075.0,2629997366.0,141.15,142.2,141.05,141.55,-0.1,21586.0
2022-02-07,50,25312461.0,3593629562.0,142.6,142.8,141.2,142.3,0.75,27821.0
2022-02-08,50,11521967.0,1648442209.0,143.3,143.5,142.8,142.9,0.6,12271.0
2022-02-09,50,8470497.0,1211943126.0,143.5,143.5,142.65,143.4,0.5,10362.0
2022-02-10,50,6325130.0,912680055.0,143.9,145.05,143.5,145.05,1.65,9065.0
2022-02-11,50,4556282.0,659321520.0,144.7,145.05,144.05,144.95,-0.1,6376.0
2022-02-14,50,12907152.0,1841179721.0,143.95,143.95,142.2,142.7,-2.25,23175.0
2022-02-15,50,8139525.0,1160338475.0,142.7,143.2,141.95,142.05,-0.65,16664.0
2022-02-16,50,6906308.0,995478507.0,143.9,144.45,143.8,144.4,2.35,9252.0
2022-02-17,50,5161916.0,746195906.0,144.4,145.0,144.0,144.5,0.1,7328.0
2022-02-18,50,4068622.0,584581991.0,143.5,144.15,143.05,144.1,-0.4,5997.0
2022-02-21,50,4807904.0,689347421.0,143.45,143.85,142.8,143.8,-0.3,8772.0
2022-02-22,50,20814988.0,2943619804.0,142.6,142.65,140.75,141.85,-1.95,42631.0
2022-02-23,50,4803500.0,681745270.0,141.85,142.4,141.65,142.25,0.4,8142.0
2022-02-24,50,32725876.0,4565434642.0,141.1,141.1,138.3,138.8,-3.45,67346.0
2022-02-25,50,24731645.0,3424810229.0,139.05,139.2,137.85,138.5,-0.3,43146.0
2022-03-01,50,8694504.0,1218632723.0,139.05,140.8,138.85,140.45,1.95,12259.0
2022-03-02,50,6778502.0,946372757.0,140.0,140.1,139.2,139.65,-0.8,14073.0
2022-03-03,50,4742921.0,664351237.0,140.5,140.8,139.85,139.95,0.3,7830.0
2022-03-04,50,14283278.0,1977417838.0,138.5,138.85,137.95,138.45,-1.5,33012.0
2022-03-07,50,57431892.0,7712383575.0,136.9,136.9,133.75,134.0,-4.45,104615.0
2022-03-08,50,46246906.0,6098512055.0,132.45,133.15,131.0,131.15,-2.85,86528.0
2022-03-09,50,22656321.0,3007269415.0,132.2,133.25,132.2,132.5,1.35,33257.0
2022-03-10,50,15177320.0,2065524204.0,135.2,136.55,135.2,136.35,3.85,20830.0
2022-03-11,50,11806594.0,1591939591.0,135.85,135.85,134.2,134.4,-1.95,24453.0
2022-03-14,50,9183817.0,1235380453.0,135.0,135.35,134.0,134.4,0.0,14005.0
2022-03-15,50,26456827.0,3486775988.0,133.15,133.15,131.4,131.65,-2.75,58815.0
2022-03-16,50,20364324.0,2682635242.0,133.2,133.25,131.1,132.2,0.55,31163.0
2022-03-17,50,14459851.0,1962595410.0,135.45,136.5,135.2,136.4,4.2,14613.0
2022-03-18,50,12975464.0,1765126941.0,136.6,136.6,135.5,136.1,-0.3,9547.0
2022-03-21,50,8071045.0,1108232637.0,136.8,137.65,136.8,137.0,0.9,9955.0
2022-03-22,50,6251029.0,854443656.0,136.8,137.0,136.3,136.8,-0.2,6431.0
2022-03-23,50,10632461.0,1467263732.0,137.6,138.35,137.55,138.1,1.3,10787.0
2022-03-24,50,4479584.0,616438268.0,137.5,138.1,137.05,138.0,-0.1,5982.0
2022-03-25,50,5074402.0,701035397.0,138.4,138.5,137.9,138.2,0.2,7142.0
2022-03-28,50,11194840.0,1523419805.0,137.0,137.0,135.55,136.7,-1.5,17862.0
2022-03-29,50,6644012.0,909712955.0,137.0,137.2,136.6,136.85,0.15,6574.0
2022-03-30,50,8498372.0,1176292567.0,138.05,138.7,138.05,138.55,1.7,8633.0
2022-03-31,50,3748776.0,518591902.0,138.55,138.65,138.1,138.1,-0.45,5426.0
2022-04-01,50,8220571.0,1123614950.0,136.6,136.95,136.15,136.95,-1.15,11446.0
2022-04-06,50,12266186.0,1663822127.0,135.25,136.35,135.0,136.25,-0.7,18875.0
2022-04-07,50,16680908.0,2243105321.0,135.1,135.1,133.8,133.8,-2.45,41548.0
2022-04-08,50,9480787.0,1270359704.0,134.1,134.55,133.75,134.55,0.75,12982.0
2022-04-11,50,18450771.0,2451482093.0,134.15,134.45,132.2,132.45,-2.1,38851.0
2022-04-12,50,15367279.0,2032841606.0,132.15,132.85,131.6,132.55,0.1,25468.0
2022-04-13,50,7246152.0,975028417.0,133.4,135.2,133.2,135.05,2.5,8734.0
2022-04-14,50,5235079.0,705835063.0,135.75,135.75,134.55,134.55,-0.5,7392.0
2022-04-15,50,22334668.0,2955902166.0,132.85,133.05,132.0,132.25,-2.3,37007.0
2022-04-18,50,19495870.0,2565078259.0,132.0,132.25,131.15,131.55,-0.7,33455.0
2022-04-19,50,9433361.0,1248058966.0,132.25,132.95,131.85,132.0,0.45,11022.0
2022-04-20,50,7104382.0,939528194.0,132.2,132.7,131.65,132.65,0.65,10235.0
2022-04-21,50,4226570.0,562769738.0,133.25,133.6,132.65,132.75,0.1,6277.0
2022-04-22,50,12398307.0,1626054746.0,131.4,131.75,130.85,131.6,-1.15,24219.0
2022-04-25,50,35058202.0,4525920924.0,130.0,130.05,128.65,129.25,-2.35,58198.0
2022-04-26,50,10361395.0,1339825860.0,129.75,129.8,128.85,129.25,0.0,20563.0
2022-04-27,50,31244250.0,3953298339.0,127.0,127.0,126.05,126.55,-2.7,50065.0
2022-04-28,50,12311754.0,1559363486.0,127.35,127.4,125.95,127.1,0.55,16772.0
2022-04-29,50,12271215.0,1582008363.0,128.9,129.5,128.25,128.75,1.65,12017.0
2022-05-03,50,7021550.0,898507584.0,128.55,128.7,127.45,127.8,-0.95,16878.0
2022-05-04,50,10324829.0,1319173779.0,128.3,128.45,127.5,127.8,0.0,14820.0
2022-05-05,50,6508490.0,841880402.0,129.5,129.8,128.95,129.25,1.45,9252.0
2022-05-06,50,18804033.0,2373840312.0,126.45,126.85,125.95,126.65,-2.6,37094.0
2022-05-09,50,14256432.0,1778657382.0,125.5,125.55,124.5,124.55,-2.1,30644.0
2022-05-10,50,14865244.0,1826485304.0,122.15,124.1,121.55,124.0,-0.55,24937.0
2022-05-11,50,8458090.0,1047528803.0,123.85,124.45,123.3,124.2,0.2,11241.0
2022-05-12,50,13693487.0,1672599238.0,123.0,123.0,121.2,121.25,-2.95,36619.0
2022-05-13,50,7332122.0,894972932.0,122.1,122.35,121.55,122.35,1.1,9914.0
2022-05-16,50,6085859.0,750214036.0,123.45,124.0,122.5,123.0,0.65,11536.0
2022-05-17,50,4399419.0,545917041.0,123.15,124.5,123.15,124.35,1.35,7213.0
2022-05-18,50,6600381.0,829207469.0,125.35,126.0,125.25,125.7,1.35,9484.0
2022-05-19,50,7894711.0,972266714.0,123.45,123.8,122.65,123.3,-2.4,15517.0
2022-05-20,50,3867232.0,481189963.0,123.75,124.95,123.65,124.65,1.35,6285.0
2022-05-23,50,2859330.0,357757749.0,125.3,125.6,124.5,124.9,0.25,5281.0
2022-05-24,50,5469914.0,678348751.0,125.0,125.2,123.4,123.5,-1.4,10831.0
2022-05-25,50,2724739.0,338285381.0,123.7,124.7,123.45,124.45,0.95,5121.0
2022-05-26,50,6240375.0,771156008.0,125.0,125.0,122.85,122.9,-1.55,11824.0
2022-05-27,50,11895801.0,1491077052.0,124.15,125.8,124.05,125.5,2.6,10471.0
2022-05-30,50,14840687.0,1896337486.0,127.25,128.6,127.05,128.55,3.05,13098.0
2022-05-31,50,7233052.0,930745401.0,128.45,129.8,127.6,129.8,1.25,8069.0
2022-06-01,50,6730117.0,872404015.0,129.3,130.05,129.0,129.15,-0.65,8809.0
2022-06-02,50,4721923.0,604071385.0,128.45,128.45,127.6,127.8,-1.35,7275.0
2022-06-06,50,4292361.0,550968083.0,128.25,129.0,127.45,128.7,0.9,8948.0
2022-06-07,50,5160242.0,656817533.0,127.95,127.95,126.85,127.4,-1.3,9097.0
2022-06-08,50,4110313.0,529293647.0,128.5,129.1,128.15,128.8,1.4,4841.0
2022-06-09,50,2056798.0,263676687.0,128.2,128.5,127.65,128.4,-0.4,3858.0
2022-06-10,50,4616549.0,585983475.0,126.8,127.4,126.4,127.1,-1.3,10027.0
2022-06-13,50,18437079.0,2280313744.0,124.1,124.25,123.45,123.55,-3.55,32400.0
2022-06-14,50,12474631.0,1529735542.0,122.6,123.55,122.1,123.35,-0.2,17066.0
2022-06-15,50,9373128.0,1153315986.0,123.0,123.6,122.65,122.75,-0.6,15559.0
2022-06-16,50,13116110.0,1620183258.0,124.1,125.0,122.25,122.5,-0.25,14401.0
2022-06-17,50,21263720.0,2569840589.0,121.0,121.5,120.4,120.85,-1.65,35146.0
2022-06-20,50,11621643.0,1395030566.0,120.9,120.95,119.5,119.75,-1.1,23697.0
2022-06-21,50,6691755.0,812035105.0,120.95,122.2,120.35,122.2,2.45,8127.0
2022-06-22,50,16172586.0,1939003203.0,121.7,121.7,119.35,119.5,-2.7,24790.0
2022-06-23,50,18053581.0,2134106169.0,119.8,119.8,117.25,117.9,-1.6,28068.0
2022-06-24,50,11166572.0,1324805066.0,118.65,119.3,117.95,118.15,0.25,10504.0
2022-06-27,50,16926661.0,2049732101.0,119.8,121.45,119.8,120.95,2.8,17198.0
2022-06-28,50,11140021.0,1333751369.0,120.8,120.8,119.25,119.8,-1.15,13216.0
2022-06-29,50,6670681.0,793045377.0,118.7,119.55,118.5,118.8,-1.0,10563.0
2022-06-30,50,22064782.0,2563829835.0,117.7,117.8,115.5,115.8,-3.0,36330.0
2022-07-01,50,36878756.0,4168809309.0,115.65,115.65,111.2,111.55,-4.25,51585.0
2022-07-04,50,27456531.0,3044859233.0,111.25,112.2,110.0,110.45,-1.1,28717.0
2022-07-05,50,17050908.0,1887614040.0,112.55,112.95,109.0,111.0,0.55,21122.0
2022-07-06,50,16720163.0,1831687490.0,111.0,111.05,108.45,108.85,-2.15,28951.0
2022-07-07,50,13797274.0,1529508284.0,109.45,112.15,108.55,112.1,3.25,13307.0
2022-07-08,50,10632316.0,1204020139.0,113.3,113.9,112.3,113.25,1.15,13149.0
2022-07-11,50,8031808.0,904913578.0,113.65,113.7,111.85,112.25,-1.0,12407.0
2022-07-12,50,12036545.0,1321731606.0,110.95,110.95,109.15,109.55,-2.7,20560.0
2022-07-13,50,25339925.0,2868407778.0,113.0,113.65,112.6,113.45,3.9,18017.0
2022-07-14,50,15117665.0,1713783782.0,112.7,114.25,111.8,114.0,0.55,12765.0
2022-07-15,50,19084676.0,2192351516.0,114.6,115.65,113.75,115.5,1.5,16864.0
2022-07-18,50,22677308.0,2593194353.0,114.65,114.85,113.95,114.2,0.0,21124.0
2022-07-19,50,13479392.0,1540004175.0,113.95,114.65,113.6,114.3,0.1,13416.0
2022-07-20,50,17257016.0,1993667626.0,115.85,116.2,114.7,115.05,0.75,15086.0
2022-07-21,50,9016500.0,1043315930.0,115.4,116.35,115.0,116.35,1.3,8960.0
2022-07-22,50,15904768.0,1855616035.0,116.6,117.2,116.3,116.8,0.45,13658.0
2022-07-25,50,10845215.0,1264021428.0,116.3,116.95,116.0,116.7,-0.1,13409.0
2022-07-26,50,13077161.0,1513988792.0,116.6,116.6,115.3,115.65,-1.05,16321.0
2022-07-27,50,8102634.0,939120906.0,115.5,116.7,115.15,116.7,1.05,6945.0
2022-07-28,50,8557891.0,1004795134.0,117.85,117.95,116.9,116.9,0.2,8632.0
2022-07-29,50,8291615.0,979364354.0,118.15,118.5,117.65,118.0,1.1,8204.0
2022-08-01,50,9841470.0,1157739155.0,118.1,118.1,117.2,117.65,-0.35,8720.0
2022-08-02,50,18600451.0,2149115164.0,116.55,116.55,115.1,115.55,-2.1,22146.0
2022-08-03,50,8100057.0,939263431.0,115.65,116.25,115.5,116.25,0.7,7600.0
2022-08-04,50,7108342.0,826140065.0,116.35,116.8,115.2,116.55,0.3,7988.0
2022-08-05,50,9625538.0,1143739838.0,118.0,119.5,117.9,119.5,2.95,10809.0
2022-08-08,50,8966011.0,1066313383.0,119.0,119.25,118.3,119.25,-0.25,10279.0
2022-08-09,50,8186879.0,971998418.0,118.4,119.5,118.0,119.15,-0.1,9920.0
2022-08-10,50,7796649.0,919415561.0,118.0,118.2,117.5,117.9,-1.25,13624.0
2022-08-11,50,10957384.0,1314562900.0,119.8,120.45,119.6,120.05,2.15,8947.0
2022-08-12,50,8598361.0,1038027809.0,120.55,121.0,120.3,120.8,0.75,7656.0
2022-08-15,50,9837499.0,1198033224.0,121.45,122.1,121.25,121.9,1.1,10575.0
2022-08-16,50,10114278.0,1235256112.0,122.0,122.3,121.9,122.1,0.2,10769.0
2022-08-17,50,14115407.0,1723131119.0,122.1,122.3,121.8,122.15,0.05,14681.0
2022-08-18,50,5637817.0,683651223.0,121.4,121.45,120.95,121.35,-0.8,9013.0
2022-08-19,50,4315583.0,523948759.0,121.25,122.0,120.9,121.55,0.2,7401.0
2022-08-22,50,8972758.0,1076431037.0,120.0,120.25,119.7,119.8,-1.75,19855.0
2022-08-23,50,11095739.0,1314798887.0,118.55,119.0,118.2,118.2,-1.6,18728.0
2022-08-24,50,7558746.0,892619974.0,118.8,118.95,117.65,117.9,-0.3,12385.0
2022-08-25,50,5143118.0,611992350.0,118.5,119.45,118.45,119.0,1.1,6976.0
2022-08-26,50,10173674.0,1219207855.0,119.85,120.1,119.45,119.6,0.6,7601.0
2022-08-29,50,17248914.0,2007953600.0,116.25,116.95,116.0,116.55,-3.05,31024.0
2022-08-30,50,12722112.0,1482741825.0,116.55,117.2,116.2,116.75,0.2,14210.0
2022-08-31,50,7324798.0,854472563.0,115.95,117.6,115.8,117.6,0.85,8421.0
2022-09-01,50,23181870.0,2670144230.0,115.5,115.6,114.75,115.15,-2.45,41161.0
2022-09-02,50,15351769.0,1755500653.0,115.1,115.1,113.85,113.9,-1.25,29767.0
2022-09-05,50,9508218.0,1084987846.0,114.1,114.75,113.7,114.15,0.25,14479.0
2022-09-06,50,6757649.0,775277096.0,114.8,115.4,114.25,114.9,0.75,8756.0
2022-09-07,50,17431510.0,1960146749.0,113.1,113.15,112.1,112.2,-2.7,37500.0
2022-09-08,50,7535495.0,849210347.0,113.05,113.05,112.4,113.0,0.8,9354.0
2022-09-12,50,7850900.0,905418862.0,115.3,115.65,115.0,115.4,2.4,10707.0
2022-09-13,50,4768515.0,553524212.0,116.1,116.4,115.75,116.0,0.6,6854.0
2022-09-14,50,11875719.0,1347366608.0,113.05,113.95,112.8,113.65,-2.35,19904.0
2022-09-15,50,4051460.0,460557461.0,113.5,114.25,113.2,113.85,0.2,9633.0
2022-09-16,50,13858212.0,1558832568.0,112.65,112.85,112.3,112.55,-1.3,22320.0
2022-09-19,50,7705465.0,864575077.0,112.95,112.95,111.9,112.05,-0.5,15283.0
2022-09-20,50,5999746.0,675492164.0,112.55,113.15,112.25,113.05,1.0,7093.0
2022-09-21,50,11672155.0,1309037173.0,112.8,112.8,111.8,112.1,-0.95,17348.0
2022-09-22,50,16093771.0,1772402603.0,110.4,110.75,109.5,110.75,-1.35,25277.0
2022-09-23,50,15826978.0,1738392677.0,110.25,110.35,109.35,109.7,-1.05,27136.0
2022-09-26,50,21804952.0,2343738865.0,108.05,108.05,107.15,107.65,-2.05,40858.0
2022-09-27,50,9580153.0,1029687583.0,107.8,107.95,107.0,107.5,-0.15,14707.0
2022-09-28,50,20345587.0,2153739170.0,107.6,107.65,105.25,105.25,-2.25,32676.0
2022-09-29,50,11208229.0,1180322655.0,106.45,106.45,104.6,104.9,-0.35,18926.0
2022-09-30,50,13648874.0,1411909885.0,103.3,103.9,103.0,103.45,-1.45,22436.0
2022-10-03,50,11975969.0,1228448047.0,102.5,103.6,102.05,102.2,-1.25,21869.0
2022-10-04,50,7833142.0,819071391.0,104.55,104.8,104.1,104.8,2.6,9472.0
2022-10-05,50,11194438.0,1200114972.0,106.5,107.85,106.35,107.25,2.45,14935.0
2022-10-06,50,8691035.0,937261167.0,107.8,108.0,107.5,108.0,0.75,9150.0
2022-10-07,50,9160530.0,976696727.0,107.4,107.4,106.1,106.2,-1.8,12082.0
2022-10-11,50,34441616.0,3486069852.0,102.0,102.15,100.5,100.7,-5.5,60659.0
2022-10-12,50,14465314.0,1447866459.0,100.4,100.7,99.55,100.2,-0.5,24580.0
2022-10-13,50,22325644.0,2221287940.0,100.55,100.55,99.0,99.0,-1.2,33100.0
2022-10-14,50,11783757.0,1199217211.0,101.75,102.3,101.1,101.85,2.85,13154.0
2022-10-17,50,20644755.0,2056968004.0,99.95,100.1,99.05,99.95,-1.9,26913.0
2022-10-18,50,6617063.0,666287430.0,101.5,101.55,99.95,101.1,1.15,7799.0
2022-10-19,50,16168656.0,1619067920.0,100.8,101.0,99.55,99.75,-1.35,18345.0
2022-10-20,50,20052215.0,1965292155.0,98.2,99.45,97.35,99.2,-0.55,25107.0
2022-10-21,50,12689251.0,1258389294.0,99.3,99.85,98.7,98.9,-0.3,13697.0
2022-10-24,50,17387205.0,1726288183.0,100.75,100.8,98.6,98.6,-0.3,11595.0
2022-10-25,50,21366539.0,2076591671.0,98.6,98.6,96.5,96.7,-1.9,29831.0
2022-10-26,50,11205246.0,1090637092.0,96.85,98.0,96.5,97.6,0.9,10428.0
2022-10-27,50,8254594.0,817258776.0,98.5,99.35,98.5,99.0,1.4,8458.0
2022-10-28,50,12102185.0,1184927619.0,98.6,98.6,97.25,97.75,-1.25,16292.0
2022-10-31,50,10298898.0,1018326324.0,98.85,99.35,98.1,99.05,1.3,7670.0
2022-11-01,50,8491868.0,845001137.0,98.85,99.95,98.8,99.6,0.55,7547.0
2022-11-02,50,7245488.0,722735676.0,99.6,100.05,99.4,100.0,0.4,6862.0
2022-11-03,50,14068192.0,1387625383.0,98.5,98.85,98.35,98.7,-1.3,14353.0
2022-11-04,50,6727808.0,660289654.0,98.1,98.95,97.5,98.85,0.15,8800.0
2022-11-07,50,12464513.0,1250474948.0,99.8,100.85,99.55,100.55,1.7,13601.0
2022-11-08,50,10726648.0,1090564061.0,101.45,101.95,101.25,101.6,1.05,10717.0
2022-11-09,50,19308833.0,2005296271.0,102.55,104.5,102.55,104.5,2.9,13949.0
2022-11-10,50,15112976.0,1563929803.0,103.45,103.85,103.2,103.5,-1.0,14597.0
2022-11-11,50,35134524.0,3816107828.0,108.55,109.0,107.8,109.0,5.5,24303.0
2022-11-14,50,18631343.0,2048246202.0,109.8,110.4,109.4,110.0,1.0,14745.0
2022-11-15,50,34799438.0,3949308928.0,111.2,114.95,111.2,114.7,4.7,30474.0
2022-11-16,50,24251504.0,2780841398.0,115.0,115.75,113.85,114.5,-0.2,22139.0
2022-11-17,50,13741730.0,1563715421.0,113.95,114.65,112.85,114.55,0.05,12743.0
2022-11-18,50,10968139.0,1260274871.0,114.9,115.85,114.05,114.25,-0.3,9494.0
2022-11-21,50,8978435.0,1024589996.0,114.35,114.65,113.7,113.85,-0.4,8696.0
2022-11-22,50,5798244.0,662093232.0,113.4,115.0,113.05,114.8,0.95,7049.0
2022-11-23,50,8224840.0,950304384.0,115.65,115.9,115.05,115.6,0.8,8001.0
2022-11-24,50,15641447.0,1817903787.0,116.0,116.85,115.9,116.7,1.1,12365.0
2022-11-25,50,16343906.0,1907311237.0,116.65,116.95,116.35,116.7,0.0,11202.0
2022-11-28,50,15627449.0,1790790160.0,114.6,115.3,113.9,114.35,-2.35,19654.0
2022-11-29,50,10926996.0,1249914581.0,113.85,115.4,113.1,115.4,1.05,10582.0
2022-11-30,50,9535815.0,1105729102.0,115.1,116.4,114.85,116.35,0.95,7145.0
2022-12-01,50,25136792.0,2986426381.0,119.2,119.5,118.0,118.35,2.0,15943.0
2022-12-02,50,7796015.0,915125681.0,117.3,117.95,117.0,117.3,-1.05,9334.0
2022-12-05,50,12330303.0,1453977570.0,117.3,118.5,117.2,117.45,0.15,13386.0
2022-12-06,50,10637488.0,1233830310.0,116.8,116.8,115.2,115.3,-2.15,18014.0
2022-12-07,50,8636949.0,992227828.0,114.5,115.85,114.2,114.6,-0.7,11453.0
2022-12-08,50,9682884.0,1095896374.0,114.05,114.1,112.45,113.25,-1.35,15434.0
2022-12-09,50,6394176.0,733944261.0,114.0,115.25,113.95,115.0,1.75,6619.0
2022-12-12,50,8764346.0,996031881.0,114.2,114.2,113.25,113.9,-1.1,10800.0
2022-12-13,50,6860743.0,780649790.0,114.5,114.5,113.25,113.4,-0.5,9245.0
2022-12-14,50,8037662.0,921921559.0,114.1,115.0,114.0,114.8,1.4,5821.0
2022-12-15,50,8045621.0,920687808.0,114.3,115.05,113.9,114.9,0.1,7173.0
2022-12-16,50,12792990.0,1442269090.0,112.5,113.3,112.25,113.0,-1.9,20877.0
2022-12-19,50,6504872.0,731424488.0,112.35,112.95,112.0,112.35,-0.65,10865.0
2022-12-20,50,13446289.0,1495479453.0,112.15,112.5,110.05,110.3,-2.05,24270.0
2022-12-21,50,12203031.0,1350469821.0,110.8,111.4,110.3,110.75,0.45,13065.0
2022-12-22,50,5166548.0,580351057.0,111.75,112.75,111.75,112.6,1.85,5881.0
2022-12-23,50,6556232.0,725974713.0,110.7,111.05,110.4,110.7,-1.9,13445.0
2022-12-26,50,4258430.0,472402011.0,110.8,111.2,110.7,111.1,0.4,8121.0
2022-12-27,50,4269800.0,477679306.0,111.4,112.25,111.4,111.6,0.5,5136.0
2022-12-28,50,13002156.0,1428236786.0,110.5,110.5,109.4,110.0,-1.6,19157.0
2022-12-29,50,14342647.0,1562777609.0,109.2,109.6,108.4,109.5,-0.5,15143.0
2022-12-30,50,8890361.0,982130895.0,110.6,110.75,110.2,110.2,0.7,7376.0
2023-01-03,50,15272877.0,1673263794.0,109.6,110.9,108.45,110.75,0.55,13899.0
2023-01-04,50,14211742.0,1569704151.0,110.3,110.8,110.1,110.5,-0.25,11908.0
2023-01-05,50,12395862.0,1379134974.0,111.25,111.7,110.95,111.3,0.8,10075.0
2023-01-06,50,11826560.0,1321964557.0,111.2,112.2,111.15,111.8,0.5,9838.0
2023-01-09,50,15649173.0,1796709538.0,114.0,115.8,113.9,115.8,4.0,16946.0
2023-01-10,50,12427863.0,1442160806.0,115.95,116.4,115.75,116.25,0.45,13729.0
2023-01-11,50,15849620.0,1841541741.0,116.65,116.75,115.9,116.35,0.1,9631.0
2023-01-12,50,10249887.0,1189043911.0,116.5,116.6,115.65,115.85,-0.5,9044.0
2023-01-13,50,28912072.0,3396535255.0,118.5,118.6,116.95,117.2,1.35,15940.0
2023-01-16,50,28203249.0,3334058723.0,118.1,118.55,118.0,118.1,0.9,20855.0
2023-01-17,50,14600817.0,1723846104.0,118.35,118.35,117.8,118.1,0.0,16373.0
2023-01-30,50,44330389.0,5335880299.0,120.8,121.0,120.0,120.7,0.0,31199.0
2023-01-31,50,22474562.0,2681531250.0,120.6,120.6,118.3,118.3,-2.4,23552.0
2023-02-01,50,6903171.0,821124932.0,119.1,119.45,118.45,119.0,0.7,8921.0
2023-02-02,50,16194958.0,1956007315.0,120.3,121.1,120.25,121.0,2.0,15931.0
2023-02-03,50,9934984.0,1200856481.0,120.95,121.2,120.2,121.0,0.0,10997.0
2023-02-06,50,14297030.0,1709758781.0,120.1,120.1,119.25,119.25,-1.75,25811.0
2023-02-07,50,8787291.0,1045314027.0,119.1,119.25,118.55,119.0,-0.25,13540.0
2023-02-08,50,9239321.0,1114132382.0,120.1,120.95,120.0,120.85,1.85,8739.0
2023-02-09,50,5032245.0,607543546.0,120.5,121.0,120.3,120.9,0.05,7141.0
2023-02-10,50,6572526.0,794912205.0,120.9,121.1,120.6,121.0,0.1,9368.0
2023-02-13,50,4149906.0,499573936.0,120.7,120.9,119.9,120.75,-0.25,8262.0
2023-02-14,50,7965786.0,968395750.0,121.25,121.8,121.25,121.65,0.9,8497.0
2023-02-15,50,13852368.0,1653181275.0,119.95,120.25,118.8,118.85,-2.8,33160.0
2023-02-16,50,11233273.0,1349768658.0,119.3,120.5,119.3,120.3,1.45,14038.0
2023-02-17,50,8960233.0,1064028251.0,119.3,119.3,118.4,118.75,-1.55,22127.0
2023-02-20,50,6230136.0,741121308.0,118.55,119.35,118.1,119.0,0.25,11499.0
2023-02-21,50,4772315.0,567003197.0,119.0,119.1,118.55,118.95,-0.05,9128.0
2023-02-22,50,12041784.0,1414076263.0,117.5,117.75,117.1,117.65,-1.3,24996.0
2023-02-23,50,6448658.0,768858699.0,117.95,119.8,117.95,119.4,1.75,8273.0
2023-02-24,50,5828709.0,695430436.0,119.9,120.1,118.8,118.8,-0.6,9038.0
2023-03-01,50,7996077.0,945839757.0,117.3,119.45,116.85,119.35,0.55,14283.0
2023-03-02,50,3750827.0,446314792.0,119.35,119.35,118.3,119.25,-0.1,7974.0
2023-03-03,50,3341290.0,399317811.0,119.8,120.1,119.2,119.35,0.1,6234.0
2023-03-06,50,9805282.0,1180244684.0,120.15,120.9,119.9,120.5,1.15,13204.0
2023-03-07,50,7894646.0,955038720.0,120.55,121.4,120.2,121.3,0.8,10888.0
2023-03-08,50,6752736.0,811622845.0,120.5,120.6,119.8,120.3,-1.0,12824.0
2023-03-09,50,3505542.0,422340774.0,120.75,120.8,120.2,120.2,-0.1,6100.0
2023-03-10,50,15018299.0,1778354150.0,118.85,118.95,118.0,118.3,-1.9,36674.0
2023-03-13,50,19295272.0,2287800081.0,117.95,119.1,117.4,118.8,0.5,23098.0
2023-03-14,50,12145943.0,1427615281.0,117.55,117.95,117.15,117.5,-1.3,25237.0
2023-03-15,50,12613249.0,1487783616.0,118.4,118.7,117.45,117.6,0.1,16012.0
2023-03-16,50,16683826.0,1950310995.0,117.2,117.4,116.5,117.05,-0.55,26799.0
2023-03-17,50,11087333.0,1312228564.0,117.85,118.95,117.8,118.95,1.9,10331.0
2023-03-20,50,7527505.0,889553151.0,118.95,119.05,117.85,118.1,-0.85,12258.0
2023-03-21,50,3732049.0,442410377.0,118.5,118.75,118.2,118.65,0.55,5260.0
2023-03-22,50,15003597.0,1807359927.0,119.45,120.9,119.45,120.9,2.25,14407.0
2023-03-23,50,16090498.0,1955072279.0,120.65,122.3,120.45,121.85,0.95,13085.0
2023-03-24,50,13919981.0,1697778467.0,122.0,122.3,121.55,122.2,0.35,10776.0
2023-03-27,50,11001040.0,1336572588.0,121.75,121.9,121.2,121.45,-0.75,13372.0
2023-03-28,50,10125868.0,1219702746.0,120.95,121.15,120.2,120.4,-1.05,10337.0
2023-03-29,50,3255113.0,392661248.0,120.65,121.05,120.15,120.6,0.2,4859.0
2023-03-30,50,11586756.0,1404541104.0,121.4,121.7,120.75,121.2,0.6,9046.0
2023-03-31,50,15218318.0,1853800317.0,121.7,122.35,121.4,121.6,0.4,11286.0
2023-04-06,50,8076540.0,975648621.0,120.85,121.0,120.2,121.0,-0.6,15029.0
2023-04-07,50,4623088.0,559443394.0,121.25,121.45,120.8,121.0,0.0,6781.0
2023-04-10,50,4503497.0,545831612.0,121.25,121.65,120.9,121.0,0.0,10059.0
2023-04-11,50,6233410.0,753799317.0,121.0,121.15,120.4,120.85,-0.15,7741.0
2023-04-12,50,3247078.0,391083845.0,120.85,120.85,120.15,120.55,-0.3,8438.0
2023-04-13,50,7509494.0,899888595.0,120.05,120.15,119.5,119.5,-1.05,20441.0
2023-04-14,50,3289954.0,396239471.0,120.0,120.9,119.85,120.65,1.15,5326.0
2023-04-17,50,6061114.0,728092733.0,120.35,120.5,119.8,120.35,-0.3,10622.0
2023-04-18,50,5183750.0,621931940.0,120.35,120.4,119.75,119.95,-0.4,8973.0
2023-04-19,50,8700172.0,1037538973.0,120.0,120.05,118.8,119.05,-0.9,22007.0
2023-04-20,50,7081813.0,841412699.0,118.85,119.4,118.4,118.9,-0.15,14761.0
2023-04-21,50,5326801.0,633413325.0,119.45,119.55,118.5,118.6,-0.3,11296.0
2023-04-24,50,7308582.0,863114882.0,117.8,118.5,117.7,118.15,-0.45,16153.0
2023-04-25,50,21039325.0,2465027235.0,118.3,118.3,116.55,116.6,-1.55,50500.0
2023-04-26,50,14209529.0,1647263712.0,116.55,116.6,115.65,116.1,-0.5,27918.0
2023-04-27,50,10274310.0,1192417644.0,116.05,116.65,115.5,116.0,-0.1,16910.0
2023-04-28,50,6023403.0,705691455.0,116.85,117.55,116.85,117.4,1.4,8752.0
2023-05-02,50,5572977.0,655524087.0,117.45,118.0,117.1,117.7,0.3,9964.0
2023-05-03,50,4652271.0,544828139.0,117.35,117.35,116.8,117.2,-0.5,13074.0
2023-05-04,50,3888293.0,455688616.0,117.0,117.5,116.7,117.5,0.3,6451.0
2023-05-05,50,2550129.0,300346321.0,117.7,118.05,117.4,117.8,0.3,7918.0
2023-05-08,50,6287398.0,746027147.0,118.5,118.9,118.35,118.55,0.75,8772.0
2023-05-09,50,4828179.0,573008011.0,118.6,119.0,118.3,118.9,0.35,5793.0
2023-05-10,50,4685154.0,553250294.0,118.8,118.8,117.65,117.8,-1.1,14060.0
2023-05-11,50,4031551.0,475242643.0,118.25,118.45,117.55,117.55,-0.25,9465.0
2023-05-12,50,4251764.0,497565809.0,117.15,117.5,116.75,117.2,-0.35,10633.0
2023-05-15,50,4584892.0,536438630.0,116.95,117.35,116.65,117.2,0.0,11605.0
2023-05-16,50,8154133.0,966494663.0,117.9,119.0,117.85,118.6,1.4,8206.0
2023-05-17,50,26759613.0,3216484995.0,118.65,120.7,118.65,120.55,1.95,19879.0
2023-05-18,50,23085737.0,2818081711.0,121.8,122.4,121.6,122.15,1.6,18679.0
2023-05-19,50,34913145.0,4278148441.0,122.6,122.85,122.2,122.5,0.35,15521.0
2023-05-22,50,18271130.0,2235344218.0,122.5,122.65,122.1,122.3,-0.2,13613.0
2023-05-23,50,12550223.0,1533549326.0,122.3,122.65,121.8,122.2,-0.1,9154.0
2023-05-24,50,11115015.0,1349345830.0,121.65,121.8,121.1,121.6,-0.6,11398.0
2023-05-25,50,12032587.0,1479717457.0,123.0,123.4,122.45,123.05,1.45,12230.0
2023-05-26,50,25082491.0,3153789783.0,125.0,126.05,125.0,125.95,2.9,22847.0
2023-05-29,50,15208057.0,1929832310.0,127.45,127.55,126.5,126.75,0.8,12780.0
2023-05-30,50,12627196.0,1600974723.0,126.75,127.05,126.45,126.75,0.0,11246.0
2023-05-31,50,9229280.0,1162014425.0,126.7,126.7,125.15,126.15,-0.6,8924.0
2023-06-01,50,4231123.0,529306119.0,125.35,125.6,124.9,125.15,-1.0,9059.0
2023-06-02,50,8412015.0,1064911699.0,125.8,127.0,125.8,126.75,1.6,8688.0
2023-06-05,50,6813168.0,862022046.0,126.75,126.8,126.25,126.35,-0.4,12612.0
2023-06-06,50,6877372.0,872451559.0,126.35,127.25,126.15,126.7,0.35,8845.0
2023-06-07,50,12723827.0,1627013314.0,127.0,128.25,127.0,128.1,1.4,13016.0
2023-06-08,50,5592606.0,712598286.0,127.9,128.2,126.55,126.85,-1.25,11699.0
2023-06-09,50,5862280.0,749792405.0,127.5,128.2,127.4,127.8,0.95,6506.0
2023-06-12,50,14318994.0,1847755997.0,128.5,129.3,128.5,129.0,1.2,15620.0
2023-06-13,50,24673560.0,3237838070.0,130.2,131.95,130.2,131.55,2.55,20840.0
2023-06-14,50,7065011.0,928061839.0,131.4,131.6,131.0,131.5,-0.05,9345.0
2023-06-15,50,11515134.0,1517768461.0,131.55,132.0,131.5,131.9,0.4,11361.0
2023-06-16,50,7586911.0,997115026.0,131.8,131.8,131.1,131.55,-0.35,10734.0
2023-06-19,50,6339672.0,831339915.0,130.95,131.5,130.55,131.25,-0.3,9046.0
2023-06-20,50,6966617.0,910631085.0,131.1,131.25,130.35,130.55,-0.7,11014.0
2023-06-21,50,26907844.0,3512494232.0,130.55,131.05,130.25,130.55,0.0,19627.0
2023-06-26,50,7961459.0,1033662089.0,130.35,130.35,129.4,129.75,-0.8,14775.0
2023-06-27,50,7065960.0,911566544.0,129.15,129.55,128.7,128.9,-0.85,11856.0
2023-06-28,50,5943784.0,767169941.0,129.35,129.7,128.8,129.1,0.2,6875.0
2023-06-29,50,6037292.0,781610723.0,129.75,130.5,128.9,129.05,-0.05,8210.0
2023-06-30,50,7504016.0,964915657.0,128.8,129.1,128.3,129.1,0.05,11593.0
2023-07-03,50,6979683.0,910555077.0,129.6,130.7,129.6,130.7,1.6,9688.0
2023-07-04,50,5919797.0,774846909.0,130.75,131.15,130.55,131.0,0.3,6440.0
2023-07-05,50,5405909.0,706996255.0,131.0,131.2,130.4,130.8,-0.2,10839.0
2023-07-06,50,18056472.0,2319934035.0,129.7,129.7,127.7,127.9,-2.9,35216.0
2023-07-07,50,8691413.0,1108433002.0,127.55,128.3,127.1,127.7,-0.2,15852.0
2023-07-10,50,8506247.0,1087197872.0,128.1,128.5,127.0,127.45,-0.25,15866.0
2023-07-11,50,4784843.0,616545942.0,128.0,129.2,128.0,129.2,1.75,7165.0
2023-07-12,50,3615026.0,467234931.0,129.3,129.45,128.85,129.45,0.25,5255.0
2023-07-13,50,16226020.0,2133901327.0,131.3,131.9,130.85,130.9,1.45,11990.0
2023-07-14,50,15492527.0,2045651027.0,131.45,132.5,131.45,132.25,1.35,12488.0
2023-07-17,50,15718027.0,2074554911.0,132.0,132.2,131.75,132.0,-0.25,14370.0
2023-07-18,50,11349805.0,1476866383.0,131.0,131.0,129.7,129.85,0.0,13808.0
2023-07-19,50,14711894.0,1904179858.0,130.15,130.5,128.75,128.75,-1.1,13734.0
2023-07-20,50,4065413.0,526047896.0,129.05,129.7,129.0,129.35,0.6,6617.0
2023-07-21,50,14040621.0,1783482811.0,127.4,127.4,126.5,127.2,-2.15,26081.0
2023-07-24,50,10275826.0,1306214864.0,127.0,127.65,126.6,127.25,0.05,13810.0
2023-07-25,50,7215119.0,928837067.0,127.7,129.2,127.7,128.85,1.6,9939.0
2023-07-26,50,4653101.0,599322518.0,129.1,129.2,128.35,128.5,-0.35,7505.0
2023-07-27,50,4193242.0,542308226.0,129.15,129.5,129.0,129.5,1.0,5407.0
2023-07-28,50,2941994.0,380885090.0,129.4,129.9,129.0,129.5,0.0,5786.0
2023-07-31,50,7751452.0,1003262971.0,130.3,130.65,128.25,128.8,-0.7,11911.0
2023-08-01,50,4681935.0,605687341.0,129.0,129.55,128.85,129.45,0.65,5568.0
2023-08-02,50,13214168.0,1691372960.0,129.4,129.45,127.45,127.85,-1.6,25553.0
2023-08-04,50,7590841.0,965724465.0,127.25,127.5,126.9,127.25,-0.6,17688.0
2023-08-07,50,4928020.0,632072444.0,127.65,128.7,127.55,128.5,1.25,9990.0
2023-08-08,50,11518036.0,1462740267.0,128.1,128.2,126.4,127.0,-1.5,22299.0
2023-08-09,50,3923514.0,498949221.0,126.8,127.65,126.65,127.2,0.2,6570.0
2023-08-10,50,12013887.0,1520233956.0,126.9,127.0,126.3,126.4,-0.8,24030.0
2023-08-11,50,8352738.0,1057052710.0,127.0,127.35,126.15,126.3,-0.1,14891.0
2023-08-14,50,24758060.0,3085645422.0,125.65,125.7,124.1,124.5,-1.8,45116.0
2023-08-15,50,8064361.0,1007886002.0,125.25,125.45,124.6,124.7,0.2,13972.0
2023-08-16,50,19265218.0,2386950619.0,124.15,124.4,123.6,124.05,-0.65,28773.0
2023-08-17,50,10203696.0,1262107790.0,123.6,124.65,122.9,124.6,0.55,14568.0
2023-08-18,50,8329354.0,1033129605.0,124.2,124.8,123.7,123.85,-0.75,15609.0
2023-08-21,50,11056378.0,1364733615.0,124.2,124.45,123.0,123.0,-0.85,22157.0
2023-08-22,50,3869049.0,479695909.0,124.0,124.35,123.7,124.0,1.0,5903.0
2023-08-23,50,6976770.0,870807674.0,124.0,125.15,124.0,124.85,0.85,6513.0
2023-08-24,50,7038124.0,892217306.0,126.4,127.1,126.25,127.0,2.15,9358.0
2023-08-25,50,8003807.0,1000262751.0,125.5,125.5,124.5,124.55,-2.45,19366.0
2023-08-28,50,4490279.0,563092008.0,124.85,125.7,124.75,125.35,0.8,5969.0
2023-08-29,50,6680673.0,837437077.0,126.0,126.05,124.7,126.05,0.7,5747.0
2023-08-30,50,5913148.0,748785529.0,126.75,127.05,126.1,126.6,0.55,5496.0
2023-08-31,50,4631756.0,582873215.0,126.55,126.55,125.5,125.7,-0.9,7284.0
2023-09-01,50,3298119.0,415112581.0,125.5,126.3,125.1,125.9,0.2,5596.0
2023-09-04,50,3707169.0,468203099.0,125.9,126.8,125.6,126.75,0.85,7338.0
2023-09-05,50,3941418.0,497786566.0,126.55,126.6,126.05,126.45,-0.3,8573.0
2023-09-06,50,7625626.0,961803907.0,126.6,126.7,125.85,126.0,-0.45,9559.0
2023-09-07,50,6411794.0,801664974.0,125.3,125.5,124.7,124.85,-1.15,17083.0
2023-09-08,50,6199055.0,769574529.0,124.1,124.5,123.85,124.3,-0.55,14188.0
2023-09-11,50,9428969.0,1166557903.0,124.45,124.5,123.4,123.8,-0.5,24971.0
2023-09-12,50,2805462.0,349339590.0,124.1,125.05,123.85,125.05,1.25,6181.0
2023-09-13,50,3406028.0,426207684.0,125.2,125.6,124.7,125.2,0.15,6039.0
2023-09-14,50,7617917.0,963664074.0,125.9,126.95,125.55,126.95,1.75,8115.0
2023-09-15,50,6105752.0,776049821.0,127.0,127.35,126.75,127.35,0.4,9240.0
2023-09-18,50,7560656.0,953950294.0,126.6,126.6,125.85,126.0,-1.35,12370.0
2023-09-19,50,4357933.0,547352485.0,125.85,126.05,125.35,125.45,-0.55,8893.0
2023-09-20,50,6502123.0,811431441.0,125.05,125.2,124.5,124.75,-0.7,13555.0
2023-09-21,50,23194776.0,2852690919.0,123.8,123.85,122.65,122.75,-2.0,42629.0
2023-09-22,50,10344025.0,1266304522.0,122.45,122.8,122.05,122.65,-0.1,17251.0
2023-09-25,50,4337416.0,534903153.0,122.75,123.75,122.75,123.55,0.9,9173.0
2023-09-26,50,11388965.0,1392938598.0,122.65,123.0,122.0,122.1,-1.45,27278.0
2023-09-27,50,7068444.0,862259747.0,121.85,122.3,121.55,122.15,0.05,11732.0
2023-09-28,50,5881478.0,720853929.0,122.75,123.15,122.05,122.65,0.5,8062.0
2023-10-02,50,6751292.0,838587439.0,123.6,124.5,123.6,124.25,1.6,9457.0
2023-10-03,50,5464302.0,676825581.0,123.95,124.15,123.45,123.5,-0.75,9863.0
2023-10-04,50,12322148.0,1500309693.0,122.1,122.2,121.35,121.9,-1.6,23810.0
2023-10-05,50,4410768.0,543373343.0,122.4,123.65,122.4,123.65,1.75,8646.0
2023-10-06,50,5059285.0,627964218.0,123.8,124.3,123.8,124.1,0.45,6632.0
2023-10-11,50,14193410.0,1790523768.0,125.9,126.4,125.85,126.25,2.15,15854.0
2023-10-12,50,14896995.0,1891391381.0,126.5,127.35,126.3,127.3,1.05,12866.0
2023-10-13,50,6625556.0,841318386.0,127.0,127.4,126.5,126.95,-0.35,7770.0
2023-10-16,50,8160811.0,1028565397.0,126.3,126.3,125.7,126.25,-0.7,12161.0
2023-10-17,50,7017073.0,888838340.0,126.7,127.0,126.4,126.55,0.3,4946.0
2023-10-18,50,10455744.0,1309803222.0,126.25,126.25,124.8,124.8,-1.75,12920.0
2023-10-19,50,8052218.0,1005789594.0,124.4,125.2,124.4,124.85,0.05,5999.0
2023-10-20,50,4697636.0,585353175.0,124.75,125.45,123.9,125.4,0.55,8889.0
2023-10-23,50,8728531.0,1081610006.0,124.85,124.85,123.55,123.85,-1.55,17221.0
2023-10-24,50,7671925.0,946216726.0,123.8,123.95,122.7,123.95,0.1,12393.0
2023-10-25,50,4229277.0,526223763.0,124.2,124.9,124.2,124.2,0.25,6992.0
2023-10-26,50,24072723.0,2932698311.0,121.85,122.4,121.6,121.75,-2.45,41829.0
2023-10-27,50,4413646.0,540170286.0,122.15,122.75,122.1,122.3,0.55,8453.0
2023-10-30,50,9793200.0,1196075934.0,122.4,122.85,121.75,122.0,-0.3,14083.0
2023-10-31,50,11952747.0,1453195970.0,122.4,122.45,121.1,121.15,-0.85,23607.0
2023-11-01,50,4851033.0,590621617.0,122.0,122.15,121.25,121.75,0.6,9873.0
2023-11-02,50,10198429.0,1264950789.0,123.15,124.5,123.15,124.5,2.75,9411.0
2023-11-03,50,9126443.0,1142874376.0,125.0,125.6,124.7,125.45,0.95,10102.0
2023-11-06,50,16723502.0,2122057421.0,126.55,127.2,126.35,126.55,1.1,18001.0
2023-11-07,50,6787466.0,858536486.0,126.5,126.8,126.1,126.5,-0.05,6880.0
2023-11-08,50,11598430.0,1474341891.0,126.65,127.45,126.5,127.2,0.7,10111.0
2023-11-09,50,6557452.0,833538185.0,126.9,127.4,126.65,127.25,0.05,6909.0
2023-11-10,50,4553684.0,576769594.0,126.7,126.85,126.4,126.75,-0.5,8757.0
2023-11-13,50,26195241.0,3377923072.0,129.25,129.6,128.5,128.7,1.95,17363.0
2023-11-14,50,20924489.0,2705445757.0,129.2,129.6,128.95,129.0,0.3,14287.0
2023-11-15,50,23631311.0,3088480462.0,130.9,131.0,130.05,130.55,1.55,19145.0
2023-11-16,50,18984999.0,2481132692.0,130.8,131.2,130.3,130.6,0.05,13230.0
2023-11-17,50,27988384.0,3673563109.0,130.6,131.5,130.55,131.0,0.4,14272.0
2023-11-20,50,8981513.0,1174727729.0,131.05,131.05,130.45,130.95,-0.05,9185.0
2023-11-21,50,29656930.0,3927372905.0,131.45,132.7,131.45,132.55,1.6,20483.0
2023-11-22,50,6466066.0,850217906.0,131.25,131.8,131.15,131.35,-1.2,8435.0
2023-11-23,50,6536128.0,857653472.0,131.35,131.45,130.75,131.3,-0.05,6940.0
2023-11-24,50,13467831.0,1768269652.0,131.3,131.65,131.05,131.2,-0.1,4898.0
2023-11-27,50,9897650.0,1294524691.0,131.2,131.85,130.1,130.35,-0.85,13117.0
2023-11-28,50,9871026.0,1294408032.0,130.4,131.8,130.3,131.25,0.9,8229.0
2023-11-29,50,6856869.0,901479551.0,131.3,132.2,131.05,131.15,-0.1,6371.0
2023-11-30,50,11141866.0,1461693142.0,131.3,131.5,130.65,131.35,0.2,7269.0
2023-12-01,50,5597363.0,735215490.0,131.0,131.8,130.8,131.8,0.45,7516.0
2023-12-04,50,4696605.0,616828082.0,131.8,132.0,130.9,131.3,-0.5,8297.0
2023-12-05,50,5239029.0,681967654.0,130.6,130.6,129.9,130.35,-0.95,11762.0
2023-12-06,50,7348212.0,961804130.0,130.4,131.4,130.4,130.8,0.45,6585.0
2023-12-07,50,3015451.0,392931187.0,130.6,130.65,130.0,130.0,-0.8,7413.0
2023-12-08,50,13264049.0,1741413382.0,131.15,131.6,130.9,131.05,1.05,7072.0
2023-12-11,50,3510751.0,459990205.0,131.05,131.35,130.65,131.2,0.15,9233.0
2023-12-12,50,5725775.0,754266762.0,131.9,132.05,131.35,131.5,0.3,5918.0
2023-12-13,50,3169648.0,417085408.0,131.6,131.8,131.4,131.55,0.05,5792.0
2023-12-14,50,32957343.0,4385238569.0,132.65,133.45,132.5,133.15,1.6,16680.0
2023-12-15,50,18914190.0,2533436503.0,133.65,134.2,133.65,133.7,0.55,13945.0
2023-12-18,50,7066751.0,942681477.0,133.65,133.9,132.6,133.9,0.2,9533.0
2023-12-19,50,5870488.0,781918732.0,133.8,133.8,132.75,133.4,-0.5,8618.0
2023-12-20,50,6963954.0,930578824.0,133.55,133.85,133.4,133.75,0.35,7452.0
2023-12-21,50,5619016.0,743838778.0,132.2,132.7,132.05,132.6,-1.15,7953.0
2023-12-22,50,6358269.0,844967698.0,132.6,133.1,132.6,132.95,0.35,4882.0
2023-12-25,50,8406012.0,1122521003.0,133.0,133.8,132.95,133.5,0.55,8464.0
2023-12-26,50,17326648.0,2325240676.0,133.5,134.4,133.5,134.25,0.75,11845.0
2023-12-27,50,30857192.0,4177189577.0,134.4,135.9,134.35,135.75,1.5,16671.0
2023-12-28,50,15353146.0,2085248437.0,135.75,136.0,135.45,135.75,0.0,9803.0
2023-12-29,50,13407035.0,1819068025.0,135.7,136.0,135.35,135.45,-0.3,7710.0
2024-01-02,50,6283610.0,848793104.0,135.6,135.95,134.65,134.9,-0.55,10013.0
2024-01-03,50,14783894.0,1963126583.0,133.7,133.9,132.3,132.55,-2.35,25258.0
2024-01-04,50,4838660.0,641202865.0,132.55,132.75,132.3,132.5,-0.05,7094.0
2024-01-05,50,4566320.0,604475455.0,132.55,132.95,132.1,132.15,-0.35,12744.0
2024-01-08,50,9657556.0,1285524342.0,133.0,133.6,132.75,132.75,0.6,9876.0
2024-01-09,50,5906880.0,787405208.0,133.85,133.95,132.75,133.0,0.25,6499.0
2024-01-10,50,7249096.0,959855308.0,132.4,132.65,132.0,132.3,-0.7,13348.0
2024-01-11,50,5852556.0,777172314.0,132.45,133.25,132.35,132.85,0.55,7305.0
2024-01-12,50,6877839.0,911710806.0,132.2,133.05,131.95,132.65,-0.2,9482.0
2024-01-15,50,12566534.0,1673280222.0,133.3,133.55,132.65,133.0,0.35,12513.0
2024-01-16,50,23016099.0,3029504121.0,132.05,132.3,131.1,131.65,-1.35,23835.0
2024-01-17,50,39219163.0,5016755779.0,130.0,130.0,127.3,127.45,0.0,50897.0
2024-01-18,50,7535303.0,965672293.0,127.9,128.55,127.9,128.3,0.85,11151.0
2024-01-19,50,26897126.0,3553992205.0,131.7,133.1,131.1,132.9,4.6,18390.0
2024-01-22,50,13443533.0,1799399654.0,133.8,134.35,133.35,133.8,0.9,12583.0
2024-01-23,50,7339835.0,982801681.0,133.9,134.25,133.5,134.05,0.25,8187.0
2024-01-24,50,14554385.0,1953259376.0,134.15,134.4,133.95,134.0,-0.05,8606.0
2024-01-25,50,27224110.0,3687022852.0,135.05,135.7,134.9,135.65,1.65,20635.0
2024-01-26,50,16456940.0,2234146555.0,135.65,135.95,135.3,135.65,0.0,11391.0
2024-01-29,50,27291722.0,3720069370.0,135.65,136.65,135.6,136.5,0.85,14077.0
2024-01-30,50,9944399.0,1356292111.0,136.35,136.65,136.05,136.15,-0.35,8051.0
2024-01-31,50,7320760.0,985961198.0,135.25,135.3,134.35,134.35,-1.8,11931.0
2024-02-01,50,8812920.0,1180328029.0,134.35,134.5,133.6,134.35,0.0,9600.0
2024-02-02,50,9178958.0,1238629170.0,135.0,135.2,134.65,135.1,0.75,6764.0
2024-02-05,50,17961425.0,2439229519.0,135.1,136.2,135.0,135.95,0.85,16536.0
2024-02-15,50,44444918.0,6313384766.0,142.2,142.7,141.4,142.35,6.4,44592.0
2024-02-16,50,18273199.0,2589642250.0,142.35,142.35,141.2,141.3,-1.05,14623.0
2024-02-19,50,9632521.0,1357473487.0,141.0,141.25,140.6,141.1,-0.2,12669.0
2024-02-20,50,13875231.0,1965919655.0,140.55,142.0,140.4,141.65,0.55,11241.0
2024-02-21,50,12860271.0,1817231233.0,141.4,141.5,141.05,141.2,-0.45,13387.0
2024-02-22,50,13160126.0,1875242859.0,142.95,143.05,141.85,142.8,1.6,13559.0
2024-02-23,50,19974323.0,2872323988.0,143.45,144.1,143.3,143.75,0.95,17595.0
2024-02-26,50,10368883.0,1491081396.0,143.7,144.0,143.0,143.95,0.2,12614.0
2024-02-27,50,6507934.0,933504679.0,143.95,144.2,142.65,143.35,-0.6,10372.0
2024-02-29,50,7372502.0,1055974598.0,143.0,143.95,142.7,143.3,-0.05,10899.0
2024-03-01,50,9019098.0,1292041933.0,143.55,143.95,142.8,142.8,-0.5,11396.0
2024-03-04,50,25733539.0,3766826897.0,145.0,147.2,144.85,146.95,4.15,23900.0
2024-03-05,50,17270419.0,2557952404.0,147.75,148.55,147.35,148.15,1.2,18112.0
2024-03-06,50,17232812.0,2554806448.0,147.0,149.05,146.4,148.85,0.7,14657.0
2024-03-07,50,31117921.0,4732119017.0,151.0,153.0,150.75,152.3,3.45,25573.0
2024-03-08,50,30512569.0,4733555354.0,155.6,156.45,153.0,154.45,2.15,27381.0
2024-03-11,50,13908138.0,2131482853.0,153.85,154.2,152.55,152.9,-1.55,19953.0
2024-03-12,50,15457256.0,2377895105.0,152.2,154.6,152.1,154.5,1.6,13566.0
2024-03-13,50,13431850.0,2088230077.0,155.55,156.15,154.95,155.25,0.75,12114.0
2024-03-14,50,8777345.0,1361442129.0,154.9,155.8,154.3,155.1,-0.15,9671.0
2024-03-15,50,9218845.0,1418850825.0,154.3,154.75,153.0,153.0,-2.1,14662.0
2024-03-18,50,18434059.0,2836201013.0,153.0,154.5,153.0,154.4,1.4,11959.0
2024-03-19,50,8872114.0,1365460173.0,153.4,154.55,153.0,154.05,-0.35,8199.0
2024-03-20,50,10441824.0,1609185340.0,154.2,155.3,153.0,153.2,-0.85,11445.0
2024-03-21,50,21131978.0,3315155281.0,155.55,157.7,155.55,157.4,4.2,21103.0
2024-03-22,50,7163593.0,1126524179.0,157.5,158.25,156.5,157.2,-0.2,8945.0
2024-03-25,50,9052498.0,1426632970.0,157.2,158.0,156.95,157.5,0.3,10534.0
2024-03-26,50,7011591.0,1106518323.0,158.3,159.2,156.4,157.6,0.1,10423.0
2024-03-27,50,4644158.0,730810486.0,157.4,157.85,156.9,157.65,0.05,5803.0
2024-03-28,50,3438375.0,539015594.0,157.3,157.3,155.9,156.9,-0.75,7097.0
2024-03-29,50,8255237.0,1302182597.0,156.9,158.4,156.9,157.9,1.0,7944.0
2024-04-01,50,5727780.0,904051439.0,158.2,158.75,157.25,157.4,-0.5,9814.0
2024-04-02,50,7924481.0,1261718566.0,158.45,159.65,158.4,159.65,2.25,11341.0
2024-04-03,50,5042947.0,799119313.0,158.65,158.9,157.8,158.55,-1.1,10098.0
2024-04-08,50,6124837.0,976164820.0,158.65,159.85,158.55,159.45,0.9,12306.0
2024-04-09,50,9043462.0,1465418271.0,160.0,163.35,159.9,163.25,3.8,15355.0
2024-04-10,50,5731265.0,933773619.0,162.75,163.3,162.45,163.0,-0.25,12106.0
2024-04-11,50,4677727.0,758087448.0,162.05,162.5,161.65,162.5,-0.5,9606.0
2024-04-12,50,6129174.0,994740991.0,162.6,162.8,161.95,162.1,-0.4,7404.0
2024-04-15,50,8727145.0,1397288443.0,160.25,160.55,159.6,160.0,-2.1,20071.0
2024-04-16,50,18674686.0,2914071977.0,158.3,158.3,154.75,155.65,-4.35,39767.0
2024-04-17,50,8077871.0,1267652543.0,155.95,157.7,155.9,157.4,1.75,10186.0
2024-04-18,50,6903163.0,1087753112.0,156.35,158.95,155.8,158.95,1.55,8741.0
2024-04-19,50,33785973.0,5120010612.0,154.1,154.15,149.5,150.9,-8.05,63456.0
2024-04-22,50,9992734.0,1505959931.0,150.4,151.75,149.7,150.45,-0.45,18339.0
2024-04-23,50,5718650.0,868908321.0,152.15,152.45,151.3,151.9,1.45,7971.0
2024-04-24,50,8082060.0,1258539965.0,154.0,156.5,154.0,156.35,4.45,9579.0
2024-04-25,50,5279800.0,811673254.0,154.1,154.45,153.25,153.5,-2.85,13893.0
2024-04-26,50,6054296.0,945852784.0,156.0,156.8,155.5,156.0,2.5,7970.0
2024-04-29,50,8135962.0,1289630787.0,157.3,159.1,157.3,158.8,2.8,10501.0
2024-04-30,50,4792141.0,761950562.0,158.6,159.35,158.25,158.25,-0.55,6586.0
2024-05-02,50,6666498.0,1042279767.0,157.35,157.35,156.0,156.15,-2.1,12625.0
2024-05-03,50,5935465.0,936184397.0,158.55,158.65,156.45,156.95,0.8,6876.0
2024-05-06,50,9032607.0,1441651437.0,159.0,160.15,159.0,159.2,2.25,12931.0
2024-05-07,50,6699483.0,1072604883.0,160.25,160.55,159.5,160.1,0.9,9146.0
2024-05-08,50,6345930.0,1017586029.0,160.0,160.8,159.65,160.7,0.6,7563.0
2024-05-09,50,5285856.0,850455689.0,160.75,161.25,160.4,160.5,-0.2,5952.0
2024-05-10,50,10192376.0,1644984436.0,161.25,162.1,160.55,161.65,1.15,11494.0
2024-05-13,50,9642900.0,1576521176.0,163.35,163.9,162.95,163.3,1.65,12460.0
2024-05-14,50,8291028.0,1358012114.0,163.2,164.45,162.7,164.4,1.1,9897.0
2024-05-15,50,15243403.0,2541851885.0,165.6,167.85,165.5,166.65,2.25,18162.0
2024-05-16,50,12586120.0,2119619590.0,168.95,169.75,167.1,167.45,0.8,12459.0
2024-05-17,50,5039743.0,842406145.0,167.55,167.7,166.7,167.25,-0.2,8291.0
2024-05-20,50,7278652.0,1212643672.0,167.25,167.4,165.3,167.2,-0.05,13023.0
2024-05-21,50,4588315.0,764313254.0,166.4,167.15,165.85,167.0,-0.2,6790.0
2024-05-22,50,6928097.0,1171910569.0,167.2,170.0,167.2,170.0,3.0,10448.0
2024-05-23,50,6656188.0,1137393249.0,170.3,171.45,170.0,171.3,1.3,11169.0
2024-05-24,50,3877932.0,660238032.0,169.3,170.8,169.3,170.6,-0.7,6487.0
2024-05-27,50,6149922.0,1062472354.0,171.75,173.4,171.75,172.95,2.35,12001.0
2024-05-28,50,5835433.0,1009317540.0,172.95,173.4,172.5,173.2,0.25,8245.0
2024-05-29,50,7402741.0,1268475158.0,172.45,172.5,170.55,170.85,-2.35,14406.0
2024-05-30,50,10376879.0,1745935737.0,168.0,169.0,167.7,167.9,-2.95,23558.0
2024-05-31,50,9114336.0,1525397907.0,168.25,168.9,166.0,166.0,-1.9,18205.0
2024-06-03,50,9475689.0,1600550183.0,168.65,169.75,167.3,169.55,3.55,12509.0
2024-06-04,50,8753452.0,1465081642.0,168.75,168.75,166.5,166.85,-2.7,18696.0
2024-06-05,50,4935163.0,827016285.0,167.4,168.8,166.15,168.45,1.6,11328.0
2024-06-06,50,18069198.0,3139162083.0,172.75,174.6,172.65,174.2,5.75,19789.0
2024-06-07,50,7113014.0,1229550638.0,173.3,173.4,172.4,172.85,-1.35,10518.0
2024-06-11,50,11261872.0,1954032447.0,173.15,174.25,172.9,173.3,0.45,12407.0
2024-06-12,50,8173366.0,1431691938.0,173.3,176.45,173.3,176.4,3.1,11978.0
2024-06-13,50,16739748.0,2995817069.0,178.9,180.5,177.8,178.95,2.55,17606.0
2024-06-14,50,6902361.0,1236103031.0,178.95,180.0,177.8,180.0,1.05,11630.0
2024-06-17,50,8638429.0,1551547565.0,179.2,180.45,178.8,180.0,0.0,14693.0
2024-06-18,50,7029339.0,1284103308.0,182.5,183.05,182.0,183.0,3.0,12087.0
2024-06-19,50,26118499.0,4893505250.0,184.75,188.9,184.75,187.95,4.95,27903.0
2024-06-20,50,11887892.0,2243620224.0,187.95,189.75,187.8,189.75,1.8,15551.0
2024-06-21,50,10830757.0,2036270941.0,187.1,189.2,186.95,188.6,-1.15,17027.0
2024-06-24,50,14671365.0,2705763066.0,186.5,186.5,183.55,184.0,-4.6,32170.0
2024-06-25,50,13774562.0,2513790496.0,181.95,183.9,180.8,183.9,-0.1,20594.0
2024-06-26,50,9269483.0,1718526283.0,184.95,186.1,184.25,185.35,1.45,11194.0
2024-06-27,50,6508242.0,1199247562.0,183.6,185.3,183.4,185.3,-0.05,8578.0
2024-06-28,50,4455951.0,830033644.0,185.3,187.4,184.65,186.45,1.15,7487.0
2024-07-01,50,7681395.0,1437551892.0,186.55,188.05,186.25,186.6,0.15,11579.0
2024-07-02,50,5882791.0,1090850183.0,185.95,186.75,184.5,185.35,-1.25,11238.0
2024-07-03,50,6787428.0,1270770925.0,187.6,187.6,186.4,187.6,2.25,8862.0
2024-07-04,50,13513209.0,2592032676.0,190.6,192.65,190.6,192.5,4.9,17096.0
2024-07-05,50,10250583.0,1969313776.0,192.6,192.85,191.55,191.8,-0.7,14725.0
2024-07-08,50,17999450.0,3538290906.0,191.9,198.5,191.85,197.85,6.05,20267.0
2024-07-09,50,16177507.0,3201844493.0,197.45,200.05,195.45,197.65,-0.2,18605.0
2024-07-10,50,7807965.0,1537696021.0,196.95,198.4,195.0,198.35,0.7,16630.0
2024-07-11,50,10435774.0,2105367679.0,200.65,202.8,200.0,202.75,4.4,15095.0
2024-07-12,50,16267539.0,3207781338.0,198.2,198.35,196.0,196.35,-6.4,43004.0
2024-07-15,50,10323853.0,2034933297.0,197.65,198.1,196.1,196.7,0.35,16684.0
2024-07-16,50,13731487.0,2710925011.0,196.55,199.0,196.0,196.85,0.0,16165.0
2024-07-17,50,15694924.0,3059326947.0,196.4,196.5,193.6,194.1,-2.75,31123.0
2024-07-18,50,19796818.0,3754498885.0,188.6,190.9,188.2,190.6,-3.5,39463.0
2024-07-19,50,18436231.0,3456363627.0,188.75,189.0,186.2,186.25,-4.35,43183.0
2024-07-22,50,23474914.0,4268806758.0,185.4,185.4,180.05,180.7,-5.55,48514.0
2024-07-23,50,13180830.0,2437876621.0,183.7,186.3,183.7,186.3,5.6,18100.0
2024-07-26,50,29164975.0,5210021472.0,178.05,179.45,177.1,179.0,-7.3,61517.0
2024-07-29,50,10574343.0,1915739406.0,181.8,182.0,179.95,180.6,1.6,16228.0
2024-07-30,50,14007149.0,2507019649.0,179.25,181.3,177.5,180.6,0.0,22564.0
2024-07-31,50,9530148.0,1715165757.0,178.85,181.15,178.6,180.85,0.25,12645.0
2024-08-01,50,14525195.0,2671260519.0,185.0,185.1,182.7,184.0,3.15,14649.0
2024-08-02,50,32816025.0,5798178503.0,178.15,178.9,174.7,174.7,-9.3,68966.0
2024-08-05,50,61002329.0,9893076101.0,166.65,166.65,158.4,158.75,-15.95,111467.0
2024-08-06,50,65342352.0,10883521675.0,167.3,170.4,160.8,167.5,8.75,54758.0
2024-08-07,50,32751044.0,5650132811.0,169.85,174.75,169.0,174.15,6.65,29003.0
2024-08-08,50,26852782.0,4585081468.0,171.05,172.4,169.0,170.55,-3.6,29484.0
2024-08-09,50,24121860.0,4242663929.0,175.0,176.9,174.5,175.85,5.3,21088.0
2024-08-12,50,18188036.0,3246767115.0,177.25,179.8,177.25,178.05,2.2,18552.0
2024-08-13,50,11257895.0,2010945566.0,179.3,179.5,178.0,178.5,0.45,12862.0
2024-08-14,50,19282599.0,3487274230.0,180.35,181.85,179.95,180.75,2.25,16415.0
2024-08-15,50,12003834.0,2160883722.0,180.6,181.0,179.05,179.35,-1.4,16847.0
2024-08-16,50,13980972.0,2561360342.0,183.0,183.65,182.35,183.4,4.05,17837.0
2024-08-19,50,9763635.0,1795724975.0,183.5,184.7,183.15,183.65,0.25,13639.0
2024-08-20,50,11135615.0,2053096490.0,184.6,185.2,183.7,183.75,0.1,12633.0
2024-08-21,50,12259979.0,2233167204.0,183.0,183.05,181.45,181.8,-1.95,17575.0
2024-08-22,50,5716778.0,1035514934.0,182.1,182.6,180.35,180.85,-0.95,11371.0
2024-08-23,50,8316460.0,1497506580.0,179.0,181.35,178.9,180.95,0.1,11394.0
2024-08-26,50,11798725.0,2149783996.0,182.4,183.4,180.8,181.25,0.3,13941.0
2024-08-27,50,5626648.0,1014124826.0,180.4,180.9,179.75,180.45,-0.8,8817.0
2024-08-28,50,5848299.0,1061370161.0,180.5,183.0,179.85,183.0,2.55,8787.0
2024-08-29,50,11314146.0,2040580617.0,179.5,181.15,179.15,180.5,-2.5,15918.0
2024-08-30,50,8281952.0,1501858594.0,180.95,182.05,180.65,181.35,0.85,9587.0
2024-09-02,50,8406621.0,1522822665.0,181.9,182.45,180.5,180.85,-0.5,11557.0
2024-09-03,50,9951882.0,1796839463.0,181.0,181.5,179.7,180.05,-0.8,10334.0
2024-09-04,50,34040370.0,5856531211.0,171.0,173.8,170.0,171.25,-8.8,76198.0
2024-09-05,50,9617832.0,1667185291.0,172.85,174.65,171.75,172.3,1.05,19940.0
2024-09-06,50,8941475.0,1556560053.0,173.0,174.9,171.85,174.75,2.45,13003.0
2024-09-09,50,16353482.0,2796547163.0,170.4,172.1,170.3,172.05,-2.7,27362.0
2024-09-10,50,9866281.0,1698214149.0,173.4,173.4,171.15,172.35,0.3,16346.0
2024-09-11,50,5427964.0,933696240.0,172.35,172.5,171.5,171.85,-0.5,11868.0
2024-09-12,50,16337565.0,2900529886.0,176.1,178.65,176.1,178.3,6.45,15442.0
2024-09-13,50,4775976.0,852453956.0,179.0,179.35,177.85,178.4,0.1,8283.0
2024-09-16,50,6206362.0,1109655765.0,178.6,179.2,178.3,178.75,0.35,11707.0
2024-09-18,50,9649985.0,1713884250.0,178.5,179.1,176.55,177.85,-0.9,14610.0
2024-09-19,50,8553792.0,1532937205.0,178.0,180.2,177.0,180.15,2.3,10740.0
2024-09-20,50,14311332.0,2620276842.0,183.1,184.1,182.45,182.45,2.3,16087.0
2024-09-23,50,8294604.0,1519352609.0,182.55,183.65,182.55,183.25,0.8,9881.0
2024-09-24,50,10476465.0,1921213429.0,183.2,185.0,182.1,185.0,1.75,12024.0
2024-09-25,50,12464313.0,2339725240.0,187.7,188.0,187.35,187.75,2.75,15933.0
2024-09-26,50,17369543.0,3290621957.0,189.6,190.0,188.75,189.3,1.55,15267.0
2024-09-27,50,11999510.0,2280157942.0,190.2,191.25,188.6,188.9,-0.4,15599.0
2024-09-30,50,14461065.0,2678744441.0,186.55,187.2,183.95,183.95,-4.95,32756.0
2024-10-01,50,9883064.0,1816503951.0,183.9,184.6,183.35,183.6,-0.35,12966.0
2024-10-04,50,9244059.0,1702224459.0,184.0,185.3,183.0,183.6,0.0,11633.0
2024-10-07,50,13993911.0,2620896326.0,185.8,188.2,185.8,188.15,4.55,16827.0
2024-10-08,50,9953432.0,1856111985.0,186.95,187.35,185.5,187.25,-0.9,13785.0
2024-10-09,50,11860866.0,2249761001.0,189.0,190.2,189.0,189.0,1.75,13173.0
2024-10-11,50,13197709.0,2531453621.0,189.05,192.8,189.05,192.15,3.15,19523.0
2024-10-14,50,10725917.0,2062002537.0,192.1,192.9,190.95,192.3,0.15,13790.0
2024-10-15,50,15738243.0,3078566625.0,193.0,196.6,193.0,196.4,4.1,21261.0
2024-10-16,50,18604770.0,3594464975.0,192.45,195.3,191.65,193.0,-3.4,22549.0
2024-10-17,50,9936801.0,1916758932.0,194.0,194.1,191.9,193.3,0.3,11424.0
2024-10-18,50,33596096.0,6693832518.0,199.3,200.2,197.25,198.1,4.8,28236.0
2024-10-21,50,13716495.0,2730957583.0,199.05,199.95,198.0,198.05,-0.05,14559.0
2024-10-22,50,8995727.0,1768962781.0,197.2,197.3,195.35,197.3,-0.75,14274.0
2024-10-23,50,10050673.0,1970225174.0,196.7,196.9,195.65,196.0,-1.3,16526.0
2024-10-24,50,8642395.0,1691119396.0,196.0,196.7,194.5,194.8,-1.2,13537.0
2024-10-25,50,12961246.0,2539355383.0,195.0,196.55,195.0,196.4,1.6,14768.0
2024-10-28,50,11929580.0,2342986159.0,197.9,198.15,194.95,196.05,-0.35,15575.0
2024-10-29,50,26008937.0,4977323977.0,193.25,193.25,190.2,191.5,-4.55,42384.0
2024-10-30,50,14531256.0,2800185309.0,192.95,194.05,191.5,191.8,0.3,15214.0
2024-11-01,50,21072030.0,3965634116.0,186.15,190.55,185.95,190.5,-1.3,31562.0
2024-11-04,50,7681874.0,1474449161.0,191.05,193.2,190.8,192.95,2.45,11801.0
2024-11-05,50,10565332.0,2040466889.0,191.55,194.7,191.4,193.65,0.7,14343.0
2024-11-06,50,17354391.0,3397786573.0,194.05,198.05,193.5,195.2,1.55,18071.0
2024-11-07,50,13976813.0,2750927967.0,194.9,198.05,194.5,197.45,2.25,14323.0
2024-11-08,50,13571143.0,2705315142.0,199.4,200.0,198.7,199.0,1.55,16136.0
2024-11-11,50,12949097.0,2560817180.0,198.85,199.1,196.8,199.1,0.1,17586.0
2024-11-12,50,28057434.0,5468639517.0,195.2,195.85,194.0,194.0,-5.1,39491.0
2024-11-13,50,9953901.0,1922523282.0,193.85,194.0,192.5,192.75,-1.25,18957.0
2024-11-14,50,13318035.0,2545708981.0,192.3,192.5,190.1,191.0,-1.75,27052.0
2024-11-15,50,7809314.0,1498319372.0,192.05,192.85,190.85,192.35,1.35,12724.0
2024-11-18,50,14637016.0,2782796886.0,191.45,191.7,189.6,189.65,-2.7,30023.0
2024-11-19,50,7932841.0,1521783388.0,190.7,192.95,190.2,192.25,2.6,10221.0
2024-11-20,50,12509186.0,2397920219.0,192.8,193.35,190.75,191.45,-0.8,18191.0
2024-11-21,50,17071862.0,3229874487.0,190.0,190.15,188.6,189.35,-2.1,29777.0
2024-11-22,50,8291408.0,1596363592.0,191.1,193.2,191.1,193.05,3.7,9571.0
2024-11-25,50,8215118.0,1589824232.0,194.7,194.75,192.25,192.35,-0.7,12809.0
2024-11-26,50,12427002.0,2355927309.0,190.1,190.3,188.8,189.85,-2.5,25427.0
2024-11-27,50,15890418.0,2989774035.0,189.15,189.45,187.0,187.1,-2.75,41258.0
2024-11-28,50,14338446.0,2672826402.0,187.0,187.1,185.45,186.8,-0.3,27682.0
2024-11-29,50,8696529.0,1622080954.0,184.95,188.0,184.5,187.25,0.45,14805.0
2024-12-02,50,11039116.0,2105997780.0,188.5,191.7,188.5,191.7,4.45,17051.0
2024-12-03,50,10613810.0,2062838140.0,194.3,194.85,193.75,194.3,2.6,14838.0
2024-12-04,50,6981025.0,1360361466.0,194.7,195.45,194.05,195.45,1.15,11599.0
2024-12-05,50,8091796.0,1588234113.0,195.75,196.6,195.65,196.5,1.05,15278.0
2024-12-06,50,7203008.0,1411191752.0,196.5,196.7,195.0,195.75,-0.75,12998.0
2024-12-09,50,4897438.0,959977330.0,196.15,196.25,195.7,196.0,0.25,9793.0
2024-12-10,50,4950048.0,966839709.0,195.75,196.45,194.55,194.6,-1.4,14250.0
2024-12-11,50,7388704.0,1427429869.0,193.0,194.25,192.6,192.9,-1.7,18025.0
2024-12-12,50,5328062.0,1039959396.0,194.9,195.75,194.45,195.15,2.25,7996.0
2024-12-13,50,4804284.0,936677363.0,194.65,195.6,194.1,195.3,0.15,8334.0
2024-12-16,50,7781281.0,1531123945.0,197.0,197.65,195.75,196.1,0.8,14824.0
2024-12-17,50,9712168.0,1918075240.0,197.1,198.05,196.75,197.1,1.0,10942.0
2024-12-18,50,6885343.0,1354882552.0,196.8,197.85,195.6,197.1,0.0,9838.0
2024-12-19,50,14093163.0,2737184393.0,194.35,194.8,193.55,194.4,-2.7,25190.0
2024-12-20,50,12318276.0,2374265742.0,193.75,193.75,192.0,192.6,-1.8,31645.0
2024-12-23,50,11989317.0,2355441818.0,194.7,197.3,194.5,197.25,4.65,17111.0
2024-12-24,50,8651119.0,1714309024.0,198.5,199.1,197.5,197.8,0.55,10906.0
2024-12-25,50,6345182.0,1256839477.0,198.5,198.5,197.45,198.4,0.6,11290.0
2024-12-26,50,5000930.0,991798012.0,198.4,198.5,198.0,198.25,-0.15,7692.0
2024-12-27,50,7419893.0,1473166055.0,197.6,199.05,197.3,198.9,0.65,10934.0
2024-12-30,50,8999312.0,1783577316.0,198.15,198.65,197.65,197.8,-1.1,11214.0
2024-12-31,50,8290222.0,1625749078.0,196.7,196.9,195.6,195.75,-2.05,11738.0
2025-01-02,50,14166530.0,2749829175.0,195.65,195.65,193.25,194.05,-1.7,31266.0
2025-01-03,50,7453437.0,1461802474.0,196.0,196.95,195.2,196.0,1.95,10588.0
2025-01-06,50,26355410.0,5292043270.0,198.65,202.3,198.6,202.15,6.15,34845.0
2025-01-07,50,16788119.0,3443887469.0,204.95,206.0,204.25,204.4,2.25,19592.0
2025-01-08,50,12435236.0,2513950378.0,202.65,203.35,201.05,201.35,-3.05,17431.0
2025-01-09,50,9097699.0,1819154055.0,200.2,201.15,199.0,199.05,-2.3,18459.0
2025-01-10,50,9049013.0,1797943690.0,199.0,199.55,198.0,199.0,-0.05,19280.0
2025-01-13,50,23384365.0,4565969494.0,199.0,199.0,194.1,194.4,-4.6,52476.0
2025-01-14,50,11499417.0,2243491830.0,194.7,195.9,194.05,195.6,1.2,15424.0
2025-01-15,50,18681935.0,3630590932.0,196.0,196.0,193.75,194.1,-1.5,32605.0
2025-01-16,50,16107492.0,3194706441.0,197.9,199.5,197.4,198.05,3.95,15522.0
2025-01-17,50,15650604.0,3065950866.0,197.0,197.35,194.4,196.3,0.0,16641.0
2025-01-20,50,7861450.0,1558092202.0,197.15,198.65,197.15,198.3,2.0,13583.0
2025-01-21,50,11024727.0,2185037920.0,197.3,199.2,196.7,198.7,0.4,11705.0
2025-01-22,50,13730665.0,2759777870.0,200.3,201.7,200.3,201.3,2.6,18273.0
2025-02-03,50,64929799.0,12468670503.0,192.3,193.0,190.65,192.7,-8.6,152822.0
2025-02-04,50,20895891.0,4052034043.0,193.65,194.55,193.05,193.85,1.15,34108.0
2025-02-05,50,16043648.0,3163809227.0,195.75,197.8,195.75,196.8,2.95,22885.0
2025-02-06,50,11822167.0,2338213453.0,198.0,198.4,197.1,197.65,0.85,18509.0
2025-02-07,50,6126992.0,1212818127.0,197.65,198.6,197.1,198.55,0.9,13873.0
2025-02-10,50,18366301.0,3613707048.0,198.2,198.2,196.1,196.3,-2.25,44790.0
2025-02-11,50,5419925.0,1071645166.0,197.5,198.5,197.0,197.5,1.2,12095.0
2025-02-12,50,7415810.0,1466223019.0,198.0,198.65,197.0,197.2,-0.3,15416.0
2025-02-13,50,15306893.0,3006548197.0,197.3,197.4,195.55,196.35,-0.85,25922.0
2025-02-14,50,26452171.0,5136323011.0,195.15,195.15,193.5,194.0,-2.35,69782.0
2025-02-17,50,12309880.0,2415311176.0,194.75,196.95,194.75,196.95,2.95,21505.0
2025-02-18,50,8791794.0,1734030140.0,197.9,197.9,196.6,197.65,0.7,18529.0
2025-02-19,50,12820440.0,2531376761.0,197.65,197.9,197.0,197.3,-0.35,23441.0
2025-02-20,50,15504294.0,3036131580.0,196.95,196.95,195.1,196.55,-0.75,35876.0
2025-02-21,50,9097283.0,1795160598.0,196.5,197.95,195.9,197.95,1.4,16607.0
2025-02-24,50,14227193.0,2788014198.0,196.15,196.4,195.5,196.2,-1.75,37877.0
2025-02-25,50,31389673.0,6070255996.0,194.0,194.05,192.6,193.65,-2.55,88376.0
2025-02-26,50,19951637.0,3853695188.0,192.9,194.7,191.9,194.7,1.05,37866.0
2025-02-27,50,22169864.0,4279513662.0,194.95,194.95,192.35,192.5,-2.2,72029.0
2025-03-03,50,65048097.0,12215218709.0,188.8,189.0,186.8,188.05,-4.45,167213.0
2025-03-04,50,33496023.0,6232920254.0,185.0,187.25,184.65,186.8,-1.25,88274.0
2025-03-05,50,14197516.0,2682191707.0,188.0,189.5,188.0,189.25,2.45,31187.0
2025-03-06,50,16564779.0,3116364519.0,189.35,189.35,187.35,188.1,-1.15,47087.0
2025-03-07,50,20206452.0,3764109128.0,186.8,187.0,185.8,186.35,-1.75,62764.0
2025-03-10,50,22718416.0,4206999678.0,186.35,186.35,184.35,185.25,-1.1,62413.0
2025-03-11,50,39156166.0,7080180542.0,180.75,182.1,179.1,182.0,-3.25,103437.0
2025-03-12,50,14291157.0,2614844140.0,182.1,184.4,181.6,182.8,0.8,33262.0
2025-03-13,50,15273148.0,2792686680.0,185.2,185.85,181.05,181.1,-1.7,48999.0
2025-03-14,50,14434475.0,2605408836.0,181.1,181.15,179.55,180.5,-0.6,44627.0
2025-03-17,50,12068530.0,2202388924.0,182.55,183.5,181.6,182.05,1.55,26331.0
2025-03-18,50,8548696.0,1563309131.0,183.1,183.85,182.35,182.8,0.75,16975.0
2025-03-19,50,13887518.0,2515675574.0,182.6,182.65,180.1,180.55,-2.25,47201.0
2025-03-20,50,8174843.0,1499883058.0,182.45,184.45,182.45,184.45,3.9,16217.0
2025-03-21,50,8012408.0,1467436546.0,184.0,184.0,182.5,182.95,-1.5,19309.0
2025-03-24,50,7931135.0,1452153508.0,184.4,184.4,182.3,182.75,-0.2,17479.0
2025-03-25,50,8367367.0,1544811823.0,184.65,185.5,184.0,184.65,1.9,16044.0
2025-03-26,50,7266932.0,1339869111.0,185.2,185.4,183.85,184.5,-0.15,15574.0
2025-03-27,50,20131926.0,3638675995.0,181.5,181.6,180.45,181.0,-3.5,55820.0
2025-03-28,50,23684306.0,4228868765.0,179.15,179.3,178.0,179.2,-1.8,79495.0
2025-03-31,50,43779527.0,7579944355.0,173.6,174.25,172.2,172.75,-6.45,130516.0
2025-04-01,50,13028846.0,2284423833.0,173.6,176.55,173.6,176.3,3.55,30395.0
2025-04-02,50,11506862.0,2032740660.0,176.85,177.35,176.0,176.0,-0.3,25430.0
2025-04-07,50,29578872.0,4685331802.0,158.4,158.4,158.4,158.4,-17.6,110835.0
2025-04-08,50,88850426.0,13617537740.0,151.2,157.45,150.55,153.25,-5.15,155906.0
2025-04-09,50,83829139.0,12545864892.0,152.5,154.15,145.0,146.2,-7.05,167496.0
2025-04-10,50,6081831.0,977956987.0,160.8,160.8,160.8,160.8,14.6,8425.0
2025-04-11,50,51081199.0,8202752084.0,157.25,164.55,155.35,164.55,3.75,77370.0
2025-04-14,50,47341078.0,7858911823.0,168.5,168.7,163.5,163.7,-0.85,79217.0
2025-04-15,50,19827286.0,3265491048.0,164.05,165.5,163.3,165.35,1.65,37396.0
2025-04-16,50,27131302.0,4408343222.0,163.8,163.8,161.4,162.35,-3.0,64314.0
2025-04-17,50,20055649.0,3217845954.0,161.3,161.3,159.45,160.55,-1.8,41908.0
2025-04-18,50,11985828.0,1932161023.0,161.4,161.8,160.6,160.9,0.35,28258.0
2025-04-21,50,17835479.0,2837544386.0,160.75,160.75,158.5,158.6,-2.3,52059.0
2025-04-22,50,21039511.0,3298295836.0,157.55,157.9,155.95,155.95,-2.65,55872.0
2025-04-23,50,16545775.0,2677643864.0,160.3,163.1,160.3,162.85,6.9,26829.0
2025-04-24,50,14351450.0,2335488916.0,163.9,164.05,161.3,161.9,-0.95,29832.0
2025-04-25,50,18651089.0,3100147680.0,166.2,166.95,165.5,165.75,3.85,31456.0
2025-04-28,50,12807837.0,2140130704.0,166.8,167.5,166.8,167.15,1.4,21747.0
2025-04-29,50,11555125.0,1934243380.0,167.15,168.0,166.5,167.8,0.65,18940.0
2025-04-30,50,10178792.0,1712143049.0,167.85,169.0,167.5,168.6,0.8,20944.0
2025-05-02,50,15243499.0,2627600250.0,172.0,173.5,171.5,173.5,4.9,28658.0
2025-05-05,50,33624386.0,5771537482.0,174.6,174.6,169.9,171.95,-1.55,46170.0
2025-05-06,50,29982445.0,5126154837.0,169.95,172.1,169.35,171.0,-0.95,30431.0
2025-05-07,50,13869395.0,2371470073.0,171.8,172.5,169.95,170.35,-0.65,18052.0
2025-05-08,50,10291384.0,1774490460.0,172.05,173.2,171.6,172.6,2.25,13827.0
2025-05-09,50,13675596.0,2376716685.0,172.7,174.95,172.35,174.75,2.15,18963.0
2025-05-12,50,14200267.0,2507567763.0,175.5,177.0,175.5,176.7,1.95,25113.0
2025-05-13,50,21040721.0,3783370955.0,180.85,181.1,178.85,178.85,2.15,26124.0
2025-05-14,50,23824282.0,4337610111.0,181.85,182.9,181.35,182.9,4.05,27782.0
2025-05-15,50,12236511.0,2235290336.0,182.9,182.9,182.0,182.5,-0.4,26025.0
2025-05-16,50,10104457.0,1846369717.0,182.25,183.2,181.7,183.0,0.5,16289.0
2025-05-19,50,10637473.0,1929029854.0,182.65,182.65,180.35,180.45,-2.55,32608.0
2025-05-20,50,5829657.0,1057784486.0,181.85,182.4,180.5,180.8,0.35,15097.0
2025-05-21,50,14373334.0,2627429657.0,180.9,183.85,180.9,183.6,2.8,20351.0
2025-05-22,50,9075501.0,1644871371.0,182.05,182.05,180.6,181.6,-2.0,19190.0
2025-05-23,50,7223824.0,1307753124.0,182.75,182.8,180.2,180.85,-0.75,18671.0
2025-05-26,50,14332324.0,2592059727.0,180.65,181.5,180.3,180.65,-0.2,17437.0
2025-05-27,50,13688341.0,2448437615.0,180.65,180.65,178.0,179.05,-1.6,38236.0
2025-05-28,50,8703534.0,1562194559.0,180.9,181.35,178.3,179.35,0.3,17323.0
2025-05-29,50,9749184.0,1754874194.0,181.5,181.7,179.3,179.75,0.4,16687.0
2025-06-02,50,21228875.0,3738759521.0,178.0,178.05,175.25,175.9,-3.85,71584.0
2025-06-03,50,7697062.0,1367269242.0,177.5,178.8,177.0,177.15,1.25,17315.0
2025-06-04,50,12228053.0,2210092453.0,179.3,181.3,179.15,181.3,4.15,18859.0
2025-06-05,50,10845068.0,1974428124.0,182.0,182.65,181.5,181.65,0.35,20850.0
2025-06-06,50,8750467.0,1590916800.0,181.9,182.4,181.5,181.95,0.3,15534.0
2025-06-09,50,14115012.0,2592771731.0,183.4,184.05,183.05,183.7,1.75,23612.0
2025-06-10,50,31483080.0,5908431532.0,184.9,188.9,184.9,188.65,4.95,48271.0
2025-06-18,50,252639825.0,12002805591.0,47.5,47.72,47.14,47.57,0.41,197610.0
2025-06-19,50,173652638.0,8194338293.0,47.5,47.55,47.02,47.1,-0.47,151016.0
2025-06-20,50,84926293.0,3983083439.0,47.1,47.16,46.69,47.03,-0.07,91592.0
2025-06-23,50,107319197.0,4985373428.0,46.54,46.66,46.28,46.64,-0.39,106274.0
2025-06-24,50,56021848.0,2656903152.0,47.3,47.49,47.3,47.49,0.85,38901.0
2025-06-25,50,79951752.0,3838838285.0,47.9,48.18,47.89,48.18,0.69,49610.0
2025-06-26,50,79097206.0,3821783656.0,48.3,48.45,48.17,48.24,0.06,46674.0
2025-06-27,50,95810636.0,4616631122.0,48.32,48.37,48.0,48.29,0.05,38294.0
2025-06-30,50,60476067.0,2923441387.0,48.37,48.42,48.24,48.36,0.07,33764.0
2025-07-01,50,77081298.0,3767256390.0,48.38,49.15,48.38,48.64,0.28,50311.0
2025-07-02,50,76741186.0,3729185639.0,48.57,48.75,48.38,48.65,0.01,34114.0
2025-07-03,50,62689710.0,3093443822.0,49.35,49.6,49.26,49.32,0.67,36206.0
2025-07-04,50,77050522.0,3779678053.0,49.4,49.49,48.83,48.86,-0.46,67575.0
2025-07-07,50,82143364.0,3989308273.0,48.82,48.82,48.44,48.57,-0.29,67559.0
2025-07-08,50,52542933.0,2541114698.0,48.45,48.51,48.21,48.35,-0.22,46080.0
2025-07-09,50,39626824.0,1929534522.0,48.35,48.99,48.27,48.85,0.5,25372.0
2025-07-10,50,54779575.0,2699439933.0,49.0,49.47,48.99,49.41,0.56,37631.0
2025-07-11,50,46214252.0,2288749447.0,49.36,49.63,49.28,49.62,0.21,31976.0
2025-07-14,50,65170727.0,3216296277.0,49.59,49.59,49.21,49.33,-0.29,53055.0
2025-07-15,50,69996070.0,3487327916.0,49.35,50.1,49.33,50.0,0.67,43255.0
2025-07-16,50,92296251.0,4662017863.0,50.15,50.7,50.15,50.4,0.4,54882.0
2025-07-17,50,89861784.0,4541576740.0,50.6,50.8,50.3,50.7,0.3,38758.0
2025-07-18,50,107920505.0,5549464817.0,51.4,51.6,51.3,51.45,0.75,50816.0
2025-07-21,50,78953424.0,4016645105.0,51.1,51.1,50.75,50.9,0.0,61723.0
2025-07-22,50,92162175.0,4682585212.0,50.9,51.3,50.45,50.55,-0.35,69929.0
2025-07-23,50,65118595.0,3301594296.0,50.6,50.85,50.55,50.7,0.15,39883.0
2025-07-24,50,80703644.0,4113939185.0,51.0,51.1,50.8,51.0,0.3,30768.0
2025-07-25,50,40414405.0,2058578155.0,51.0,51.1,50.8,50.9,-0.1,33313.0
2025-07-28,50,53609331.0,2737539484.0,51.2,51.4,50.9,51.05,0.15,33617.0
2025-07-29,50,107016033.0,5401314116.0,51.05,51.05,50.25,50.45,-0.6,83702.0
2025-07-30,50,84052507.0,4280957316.0,50.8,51.1,50.65,51.0,0.55,31386.0
2025-07-31,50,83010418.0,4262147126.0,51.1,51.6,51.1,51.55,0.55,34626.0
2025-08-01,50,103281333.0,5266354394.0,50.8,51.2,50.65,51.1,-0.45,89437.0
2025-08-04,50,88936360.0,4503157892.0,50.65,50.8,50.4,50.8,-0.3,68549.0
2025-08-05,50,48253208.0,2474210259.0,51.25,51.45,51.05,51.45,0.65,33010.0
2025-08-06,50,51398358.0,2620193433.0,51.1,51.1,50.85,51.0,-0.45,51603.0
2025-08-07,50,127953769.0,6696844466.0,51.65,52.6,51.65,52.45,1.45,54665.0
2025-08-08,50,61743128.0,3237110911.0,52.55,52.6,52.3,52.45,0.0,42035.0
2025-08-11,50,74255676.0,3905732299.0,52.35,53.1,52.05,52.85,0.4,56445.0
2025-08-12,50,60122164.0,3172099727.0,52.85,53.0,52.55,52.9,0.05,52316.0
2025-08-13,50,78177118.0,4158180656.0,53.15,53.4,52.95,53.35,0.45,52299.0
2025-08-14,50,59818527.0,3176226503.0,53.2,53.3,52.95,53.15,-0.2,52019.0
2025-08-15,50,55175623.0,2926754479.0,53.15,53.3,52.8,53.15,0.0,45703.0
2025-08-18,50,48004775.0,2551608212.0,52.95,53.35,52.8,53.3,0.15,36622.0
2025-08-19,50,31232902.0,1661670987.0,53.3,53.3,53.05,53.2,-0.1,33052.0
2025-08-20,50,241376498.0,12542811400.0,52.55,52.6,51.5,51.7,-1.5,275433.0
2025-08-21,50,76525276.0,3972622579.0,51.75,52.1,51.75,52.0,0.3,58092.0
2025-08-22,50,47853232.0,2477655860.0,52.05,52.1,51.65,51.75,-0.25,55715.0
2025-08-25,50,64451775.0,3394192356.0,52.45,52.95,52.35,52.7,0.95,38694.0
2025-08-26,50,42402036.0,2228387849.0,52.55,52.85,52.3,52.75,0.05,30369.0
2025-08-27,50,91463591.0,4849859263.0,53.0,53.15,52.9,53.0,0.25,31919.0
2025-08-28,50,61856984.0,3260077199.0,52.8,52.9,52.5,52.5,-0.5,47190.0
2025-08-29,50,37614042.0,1979279914.0,52.8,52.95,52.5,52.5,0.0,28006.0
2025-09-01,50,82748402.0,4299875144.0,52.15,52.45,51.75,52.0,-0.5,96546.0
2025-09-02,50,34866736.0,1819209221.0,52.3,52.5,51.95,52.0,0.0,31108.0
2025-09-03,50,41247523.0,2144431268.0,51.9,52.2,51.75,51.95,-0.05,31488.0
2025-09-04,50,38611419.0,2027526211.0,52.55,52.7,52.25,52.3,0.35,22657.0
2025-09-05,50,38976905.0,2057938532.0,52.7,52.9,52.65,52.85,0.55,31389.0
2025-09-08,50,61781569.0,3297972688.0,53.4,53.55,53.25,53.35,0.5,40208.0
2025-09-09,50,57948913.0,3114990525.0,53.55,53.95,53.5,53.9,0.55,37968.0
2025-09-10,50,75585424.0,4140354162.0,54.4,55.0,54.4,54.95,1.05,51692.0
2025-09-11,50,87937880.0,4892216242.0,55.55,55.9,55.25,55.45,0.5,63289.0
2025-09-12,50,59101728.0,3303299908.0,55.75,56.0,55.7,56.0,0.55,36831.0
2025-09-15,50,56031630.0,3133893488.0,56.0,56.05,55.8,56.0,0.0,59230.0
2025-09-16,50,65388179.0,3705092621.0,56.15,56.85,56.15,56.75,0.75,48144.0
2025-09-17,50,70590054.0,3980499506.0,56.6,56.6,56.25,56.35,-0.4,76500.0
2025-09-18,50,45899106.0,2597748047.0,56.5,56.95,56.25,56.95,0.6,37903.0
2025-09-19,50,74098514.0,4216285864.0,57.0,57.1,56.6,57.0,0.05,47867.0
2025-09-22,50,59170020.0,3377484467.0,57.0,57.4,56.75,57.4,0.4,53723.0
2025-09-23,50,92241987.0,5370469463.0,57.85,58.6,57.85,58.45,1.05,65359.0
2025-09-24,50,95128957.0,5555757681.0,58.7,58.95,58.1,58.4,-0.05,81505.0
2025-09-25,50,59962136.0,3488154911.0,58.35,58.4,58.0,58.2,-0.2,64838.0
2025-09-26,50,170962034.0,9763617791.0,57.9,57.9,56.85,57.25,-0.95,199148.0
2025-09-30,50,64586624.0,3728927072.0,57.55,57.9,57.55,57.8,0.55,47696.0
2025-10-01,50,77291614.0,4503366313.0,57.9,58.75,57.9,58.1,0.3,59386.0
2025-10-02,50,73803137.0,4361065414.0,59.0,59.25,58.85,59.2,1.1,45593.0
2025-10-03,50,76083554.0,4545707938.0,59.2,60.1,59.05,60.05,0.85,58010.0
2025-10-07,50,138001575.0,8474594769.0,61.0,61.7,60.9,61.7,1.65,98359.0
2025-10-08,50,119706336.0,7282646193.0,61.0,61.15,60.6,61.15,-0.55,117731.0
2025-10-09,50,76478634.0,4720554315.0,61.85,61.95,61.5,61.6,0.45,62822.0
2025-10-13,50,277610574.0,16788141527.0,59.9,61.0,59.6,61.0,-0.6,257909.0
2025-10-14,50,163441296.0,10048295024.0,61.85,62.15,60.65,60.7,-0.3,129817.0
2025-10-15,50,101918261.0,6245523944.0,61.0,61.8,60.6,61.8,1.1,69593.0
2025-10-16,50,115801585.0,7243965563.0,62.1,63.0,62.1,63.0,1.2,69793.0
2025-10-17,50,166191884.0,10319476518.0,62.05,62.3,61.9,62.05,-0.95,150480.0
2025-10-20,50,105854638.0,6661383731.0,62.35,63.2,62.15,63.1,1.05,71439.0
2025-10-21,50,128793394.0,8163510301.0,63.4,63.65,63.05,63.2,0.1,81028.0
2025-10-22,50,124303290.0,7767140110.0,62.6,62.85,62.25,62.7,-0.5,129615.0
2025-10-23,50,166688171.0,10363437208.0,62.1,62.4,61.75,62.35,-0.35,93117.0
2025-10-27,50,104776108.0,6669961671.0,63.75,63.9,63.45,63.8,1.45,64536.0
2025-10-28,50,99770041.0,6330563186.0,63.55,63.7,63.2,63.35,-0.45,102903.0
2025-10-29,50,67414369.0,4326680379.0,63.7,64.45,63.7,64.4,1.05,50482.0
2025-10-30,50,95106510.0,6125525659.0,64.6,64.8,64.0,64.4,0.0,77635.0
2025-10-31,50,55956524.0,3616991558.0,64.6,64.8,64.4,64.75,0.35,44302.0
2025-11-03,50,140157410.0,9004715647.0,64.45,64.8,63.9,64.15,-0.6,154188.0
2025-11-04,50,88131032.0,5658007897.0,64.5,64.85,63.85,63.95,-0.2,90876.0
2025-11-05,50,229413552.0,14391151897.0,62.95,63.15,62.3,63.15,-0.8,276109.0
2025-11-06,50,68680372.0,4349732858.0,63.35,63.5,63.15,63.3,0.15,57358.0
2025-11-07,50,111187957.0,6952850646.0,62.65,62.75,62.4,62.55,-0.75,136880.0
2025-11-10,50,83130868.0,5234605606.0,62.8,63.35,62.6,63.35,0.8,61928.0
2025-11-11,50,79723934.0,5046877473.0,63.65,63.7,62.85,62.9,-0.45,85077.0
2025-11-12,50,62620173.0,3947348693.0,62.95,63.3,62.75,63.2,0.3,55267.0
2025-11-13,50,80483242.0,5053859324.0,62.8,62.95,62.6,62.9,-0.3,89344.0
2025-11-14,50,223192943.0,13766027280.0,61.65,61.9,61.4,61.7,-1.2,277389.0
2025-11-17,50,91925734.0,5696893851.0,62.0,62.2,61.8,61.9,0.2,85395.0
2025-11-18,50,264956405.0,16077471840.0,61.3,61.3,60.3,60.45,-1.45,354183.0
2025-11-19,50,151383859.0,9097742490.0,60.15,60.5,59.9,60.05,-0.4,198226.0
2025-11-20,50,84027889.0,5187294354.0,61.55,61.95,61.35,61.9,1.85,61552.0
2025-11-21,50,327691489.0,19593794724.0,60.1,60.15,59.5,59.85,-2.05,410104.0
2025-11-24,50,162722018.0,9712201417.0,60.1,60.1,59.45,59.55,-0.3,155513.0
2025-11-25,50,64411018.0,3893075835.0,60.7,60.75,60.1,60.35,0.8,51135.0
2025-11-26,50,75793554.0,4646516112.0,61.1,61.5,61.0,61.35,1.0,49069.0
2025-11-27,50,53852335.0,3333400290.0,61.8,62.1,61.65,61.9,0.55,39232.0
2025-11-28,50,68386478.0,4252497861.0,61.95,62.4,61.85,62.35,0.45,37281.0
2025-12-01,50,103003085.0,6350023506.0,61.8,61.95,61.4,61.5,-0.85,105261.0
2025-12-02,50,43152711.0,2670762886.0,61.8,62.2,61.65,61.7,0.2,33675.0
2025-12-03,50,46546830.0,2900511764.0,62.4,62.5,62.1,62.3,0.6,34300.0
2025-12-04,50,40655322.0,2530843780.0,62.4,62.5,62.0,62.2,-0.1,35535.0
2025-12-05,50,47277037.0,2958378181.0,62.45,62.75,62.35,62.75,0.55,44751.0
2025-12-08,50,78686347.0,4991038407.0,63.0,63.7,62.95,63.7,0.95,60124.0
2025-12-09,50,50671148.0,3225750796.0,63.8,63.85,63.55,63.6,-0.1,49273.0
2025-12-10,50,66717948.0,4264783464.0,63.7,64.2,63.65,64.05,0.45,51254.0
2025-12-11,50,101197570.0,6442627838.0,64.3,64.5,63.2,63.35,-0.7,110925.0
2025-12-12,50,60240146.0,3825611936.0,63.55,63.8,63.3,63.45,0.1,49189.0
2025-12-15,50,114939409.0,7203513013.0,62.5,62.85,62.4,62.8,-0.65,134546.0
2025-12-16,50,169375708.0,10494294870.0,62.1,62.25,61.7,62.25,-0.55,211332.0
2025-12-17,50,98504980.0,6122747371.0,62.15,62.45,61.85,61.9,-0.35,86356.0
2025-12-18,50,117973409.0,7287940742.0,61.8,62.1,61.55,61.9,0.0,87078.0
2025-12-19,50,81027467.0,5067295440.0,62.4,62.75,62.35,62.5,0.6,41675.0
2025-12-22,50,93882538.0,5942586403.0,63.3,63.45,63.05,63.4,0.9,52777.0
2025-12-23,50,101867829.0,6483053926.0,63.5,63.8,63.5,63.7,0.3,44429.0
2025-12-24,50,64106420.0,4094914827.0,63.95,64.05,63.75,63.85,0.15,41909.0
2025-12-26,50,70816194.0,4556213637.0,64.2,64.5,64.1,64.4,0.55,54305.0
2025-12-29,50,86510015.0,5628464300.0,64.65,65.35,64.6,65.25,0.85,63528.0
2025-12-30,50,61058197.0,3970585296.0,64.9,65.3,64.75,65.15,-0.1,54458.0
2025-12-31,50,71868485.0,4709518474.0,65.1,65.85,64.9,65.6,0.45,52512.0
2026-01-02,50,81135717.0,5396295605.0,66.0,67.0,65.8,66.95,1.35,69896.0
2026-01-05,50,232910010.0,16163783922.0,68.1,70.05,68.05,69.5,2.55,141745.0
2026-01-06,50,130176548.0,9090693014.0,69.45,70.4,68.95,70.4,0.9,94772.0
2026-01-07,50,122267721.0,8554349889.0,70.4,70.45,69.7,69.85,-0.55,132657.0
2026-01-08,50,74866080.0,5233314685.0,69.65,70.35,69.4,70.1,0.25,65275.0
2026-01-09,50,113278257.0,7882596065.0,69.8,70.25,68.9,69.85,-0.25,117481.0
2026-01-12,50,84346348.0,5928941344.0,70.5,70.55,70.05,70.35,0.5,74258.0
2026-01-13,50,103565147.0,7323170787.0,71.1,71.2,70.3,70.7,0.35,77504.0
2026-01-14,50,86322515.0,6115431229.0,70.95,71.1,70.65,70.75,0.05,67445.0
2026-01-15,50,97455363.0,6856607422.0,70.7,70.7,70.15,70.65,-0.1,122171.0
2026-01-16,50,101069992.0,7242693243.0,71.75,72.1,71.2,72.0,1.35,80151.0
2026-01-19,50,122970595.0,8839245132.0,71.7,72.8,71.45,72.6,0.6,107729.0
2026-01-20,50,111046335.0,8024448821.0,71.9,72.65,71.85,72.6,0.0,99563.0
2026-01-21,50,173683092.0,12502883011.0,71.8,72.5,71.7,71.85,-0.75,203410.0
2026-01-22,50,101703005.0,7306066892.0,71.9,72.05,71.6,71.8,0.0,92128.0
2026-01-23,50,70983017.0,5116365718.0,72.1,72.3,71.8,72.25,0.45,49675.0
2026-01-26,50,87992466.0,6373835828.0,72.25,72.65,72.2,72.25,0.0,72487.0
2026-01-27,50,73059634.0,5322600617.0,72.4,73.15,72.35,73.05,0.8,53680.0
2026-01-28,50,90901846.0,6711076738.0,73.55,74.2,73.5,74.2,1.15,67825.0
2026-01-29,50,119914950.0,8867286368.0,74.4,74.5,73.5,73.75,-0.45,121772.0
2026-01-30,50,175275799.0,12738811404.0,73.15,73.2,72.3,72.6,-1.15,241546.0
2026-02-02,50,234325396.0,16687566456.0,71.55,71.75,70.9,71.5,-1.1,332048.0
2026-02-03,50,73734001.0,5367935502.0,73.0,73.05,72.4,72.95,1.45,60314.0
2026-02-04,50,59733704.0,4346370749.0,72.4,73.15,72.3,72.9,-0.05,55518.0
2026-02-05,50,107575796.0,7742810789.0,72.05,72.25,71.75,72.0,-0.9,175926.0
2026-02-06,50,110883112.0,7920520483.0,71.4,72.25,70.8,71.9,-0.1,134413.0
2026-02-09,50,122340661.0,9050873718.0,74.05,74.15,73.75,73.95,2.05,81342.0
2026-02-10,50,102315945.0,7703131124.0,74.65,75.5,74.6,75.5,1.55,80773.0
2026-02-11,50,120639150.0,9275271308.0,75.9,77.45,75.9,77.2,1.7,118568.0
2026-02-23,50,227936939.0,17749552954.0,78.45,78.45,77.2,77.4,0.2,220396.0
2026-02-24,50,150367766.0,11848589798.0,77.95,79.65,77.85,79.4,2.0,117830.0
2026-02-25,50,167423484.0,13565896459.0,80.35,81.8,80.25,81.1,1.7,141615.0
2026-02-26,50,133517321.0,10841079880.0,81.25,81.5,80.8,81.15,0.05,133768.0
2026-03-02,50,224651381.0,18053460439.0,79.5,80.8,79.15,80.35,-0.8,297372.0
2026-03-03,50,324317518.0,25713110082.0,80.05,80.4,78.65,78.75,-1.6,516152.0
2026-03-04,50,505217770.0,38471650068.0,77.4,77.45,75.5,75.6,-3.15,711329.0
2026-03-05,50,207004644.0,16090040992.0,78.3,78.85,76.7,77.4,1.8,204272.0
2026-03-06,50,151611764.0,11638160681.0,76.8,77.3,76.3,76.85,-0.55,179651.0
2026-03-09,50,542230074.0,39488306757.0,73.15,73.6,71.65,73.6,-3.25,658991.0
2026-03-10,50,173870150.0,13134447601.0,75.9,76.25,74.3,75.2,1.6,180826.0
2026-03-11,50,151798656.0,11785499671.0,76.3,78.5,76.1,78.2,3.0,104693.0
2026-03-12,50,131518817.0,10107953882.0,77.1,77.6,76.35,76.6,-1.6,180533.0
2026-03-13,50,115111624.0,8723084020.0,75.15,76.55,75.0,75.95,-0.65,160164.0
2026-03-16,50,105392137.0,7994232270.0,76.3,76.7,75.45,75.6,-0.35,135317.0
2026-03-17,50,63986997.0,4901077314.0,76.45,77.0,76.3,76.65,1.05,54634.0
2026-03-18,50,78000193.0,6064253100.0,77.75,78.05,77.45,77.8,1.15,65062.0
2026-03-19,50,141733755.0,10821638440.0,76.6,76.8,75.95,76.0,-1.8,218952.0
2026-03-20,50,72638922.0,5517624557.0,76.2,76.4,75.5,75.9,-0.1,101109.0
2026-03-23,50,233385121.0,17256278289.0,73.5,74.45,73.3,74.25,-1.65,340169.0
2026-03-24,50,90466270.0,6750345110.0,75.5,75.6,73.8,74.4,0.15,111636.0
2026-03-25,50,94344080.0,7201277589.0,76.35,76.65,76.0,76.2,1.8,66655.0
2026-03-26,50,80069071.0,6102674371.0,76.3,76.85,75.6,75.8,-0.4,80270.0
2026-03-27,50,115798710.0,8622872378.0,74.45,75.1,74.1,75.0,-0.8,161501.0
2026-03-30,50,175515568.0,12905676995.0,73.3,74.05,72.8,73.9,-1.1,261697.0
2026-03-31,50,257738774.0,18741416482.0,73.35,73.45,72.15,72.35,-1.55,400630.0
2026-04-01,50,130698663.0,9824716760.0,75.0,75.6,74.6,75.45,3.1,89221.0
2026-04-02,50,113976137.0,8478357215.0,75.9,76.05,73.8,73.95,-1.5,162558.0
2026-04-07,50,80449813.0,6046717969.0,75.15,75.45,74.65,75.3,1.35,81117.0
2026-04-08,50,235675856.0,18578257980.0,78.1,79.25,78.1,79.2,3.9,148473.0
2026-04-09,50,95094893.0,7520522079.0,79.3,79.4,78.8,79.15,-0.05,72839.0
2026-04-10,50,120838644.0,9724171699.0,80.0,80.8,79.95,80.75,1.6,98770.0
2026-04-13,50,91689847.0,7398471916.0,80.6,81.0,80.4,80.6,-0.15,86103.0
2026-04-14,50,129128623.0,10668730259.0,81.75,83.2,81.75,83.1,2.5,101069.0
2026-04-15,50,127729350.0,10793181456.0,84.1,85.1,83.8,84.15,1.05,122459.0
2026-04-16,50,80696269.0,6829488057.0,84.75,85.1,84.15,85.0,0.85,78794.0
2026-04-17,50,101258031.0,8526065307.0,84.2,84.5,84.0,84.15,-0.85,146785.0
2026-04-20,50,100551500.0,8533691370.0,84.55,85.1,84.45,84.55,0.4,90566.0
2026-04-21,50,75557759.0,6477242890.0,85.5,86.1,85.0,86.0,1.45,72495.0
2026-04-22,50,67544248.0,5828004375.0,85.75,86.6,85.55,86.35,0.35,70385.0
2026-04-23,50,156715780.0,13599617688.0,87.65,88.8,85.15,86.35,0.0,161030.0
2026-04-24,50,129885911.0,11539759376.0,87.6,89.95,87.55,89.95,3.6,99531.0
2026-04-27,50,192038103.0,17927615310.0,92.7,94.25,92.7,93.0,3.05,172215.0
2026-04-28,50,126301332.0,11691553456.0,92.55,93.65,91.9,92.0,-1.0,193633.0
2026-04-29,50,103795530.0,9410136420.0,90.7,91.5,90.0,90.75,-1.25,163856.0
2026-04-30,50,89209769.0,8111730781.0,91.25,91.9,90.3,90.5,-0.25,125264.0
2026-05-04,50,125270935.0,11748311547.0,92.5,94.65,92.4,94.6,4.1,114510.0
2026-05-05,50,82851869.0,7821971023.0,94.4,94.75,94.0,94.6,0.0,115951.0
2026-05-06,50,111759164.0,10703702958.0,96.05,96.9,94.7,95.75,1.15,120555.0
2026-05-07,50,117152238.0,11472448704.0,97.95,98.4,97.4,97.7,1.95,119685.0
2026-05-08,50,131188123.0,12716275565.0,97.35,97.7,95.85,97.0,-0.7,217822.0
2026-05-11,50,96606391.0,9362479353.0,96.65,97.15,96.5,96.9,-0.1,148902.0
2026-05-12,50,102303450.0,9876959425.0,96.85,97.35,95.5,96.85,-0.05,142949.0
2026-05-13,50,130654061.0,12419149243.0,94.85,95.8,94.7,95.5,-1.35,260692.0
2026-05-14,50,57229209.0,5510647058.0,96.9,97.2,95.75,96.05,0.55,70419.0
2026-05-15,50,98132989.0,9472541597.0,97.65,98.25,95.2,95.4,-0.65,144425.0
2026-05-18,50,118571453.0,11160721206.0,94.0,95.2,93.3,94.9,-0.5,219202.0
2026-05-19,50,135939820.0,12740872880.0,94.35,94.7,93.1,93.1,-1.8,304750.0
2026-05-20,50,121650308.0,11289688382.0,93.0,93.5,92.45,92.5,-0.6,227369.0
2026-05-21,50,62215954.0,5942503747.0,94.8,96.05,94.7,95.85,3.35,64187.0
2026-05-22,50,64288280.0,6213742970.0,96.3,97.3,96.0,97.3,1.45,70101.0
2026-05-25,50,129483256.0,13010032076.0,99.55,101.0,99.55,100.8,3.5,107787.0
2026-05-26,50,93560313.0,9432115613.0,101.6,101.8,100.1,100.1,-0.7,112958.0
2026-05-27,50,94959812.0,9787482181.0,102.4,103.9,102.0,102.55,2.45,98413.0
2026-05-28,50,152915695.0,15600509184.0,104.0,104.25,100.1,100.5,-2.05,207536.0
2026-05-29,50,102355526.0,10636250508.0,103.2,105.4,102.7,105.4,4.9,80065.0
2026-06-01,50,135817122.0,14329024058.0,105.25,106.7,104.5,105.5,0.1,156361.0
2026-06-02,50,117160979.0,12341210929.0,106.3,106.3,104.2,105.7,0.2,164814.0
2026-06-03,50,79592362.0,8559208311.0,107.3,107.85,107.1,107.6,1.9,86991.0
2026-06-04,50,236782252.0,25181889523.0,106.75,107.0,106.05,106.1,-1.5,210220.0
2026-06-05,50,337031371.0,34914259576.0,105.0,105.35,102.8,104.15,-1.95,355384.0
2026-06-08,50,524952235.0,52211365308.0,98.05,101.3,98.05,100.95,-3.2,599172.0
2026-06-09,50,246039378.0,25054932573.0,102.1,103.6,101.35,103.5,2.55,121189.0
2026-06-10,50,192916596.0,19540045300.0,102.6,102.95,100.2,100.25,-3.25,423917.0
2026-06-11,50,299040372.0,29602350093.0,100.0,100.55,97.6,99.85,-0.4,549697.0
2026-06-12,50,76563613.0,7836572620.0,103.25,103.75,101.55,101.95,2.1,77668.0
2026-06-15,50,100402843.0,10546933582.0,105.1,105.5,104.3,105.25,3.3,105092.0
2026-06-16,50,70824506.0,7474877454.0,106.05,106.05,104.85,105.9,0.65,85915.0
2026-06-17,50,100331952.0,10557198519.0,105.0,106.0,104.5,106.0,0.1,97971.0
2026-06-18,50,78557448.0,8411642386.0,107.0,107.45,106.65,107.3,1.3,85158.0
2026-06-22,50,116042256.0,12844178985.0,109.45,111.2,109.45,111.15,3.85,120547.0
2026-06-23,50,130786727.0,14517633269.0,112.0,112.3,110.05,110.1,-1.05,178179.0
2026-06-24,50,235939737.0,25256473313.0,108.0,108.1,106.15,107.15,-2.95,420543.0
2026-06-25,50,96345582.0,10328992361.0,108.0,108.05,106.35,107.2,0.05,129343.0
2026-06-26,50,291814760.0,30384280200.0,105.4,105.85,102.8,103.1,-4.1,602284.0
2026-06-29,50,106661221.0,11134777810.0,103.35,105.35,103.3,104.45,1.35,101519.0
2026-06-30,50,107704452.0,11603335756.0,106.85,108.25,106.75,107.8,3.35,86511.0
2026-07-01,50,76131395.0,8327320323.0,109.8,109.95,108.6,109.35,1.55,86153.0
2026-07-02,50,73421155.0,7929812970.0,107.2,108.95,106.9,108.8,-0.55,108165.0
2026-07-03,50,82436126.0,8857083457.0,106.15,108.8,106.1,108.35,-0.45,108187.0
2026-07-06,50,75784190.0,8237066196.0,109.05,109.6,107.7,108.25,-0.1,115863.0
2026-07-07,50,124629074.0,13347653985.0,108.55,109.05,105.85,106.2,-2.05,235518.0
2026-07-08,50,96508356.0,10207933035.0,106.4,106.6,105.05,106.05,-0.15,163316.0
2026-07-09,50,56650627.0,6014937416.0,106.35,107.0,105.45,105.8,-0.25,94234.0
2026-07-13,50,71523037.0,7623449944.0,107.0,107.55,105.7,106.0,0.2,122095.0
2026-07-14,50,259927533.0,26920178727.0,105.5,105.5,102.25,104.4,-1.6,522719.0
2026-07-15,50,110911495.0,11736286480.0,105.3,106.45,104.65,106.3,1.9,86260.0
2026-07-16,50,73088988.0,7719935035.0,105.35,106.75,104.55,106.4,0.1,97721.0
2026-07-17,50,520545951.0,52822527292.0,102.9,103.05,100.0,100.15,-6.25,1101380.0
2026-07-20,50,373784717.0,37210773781.0,100.2,100.6,98.3,99.2,-0.95,566640.0
2026-07-21,50,95733411.0,9713623408.0,100.0,102.5,99.85,102.5,0.0,98375.0
2026-07-22,50,107935092.0,11230695541.0,104.5,104.8,103.3,103.85,1.35,91862.0
2026-07-23,50,54786484.0,5669961359.0,104.25,104.8,102.9,103.9,0.05,77048.0
2026-07-24,50,105138918.0,10708319061.0,102.55,103.05,101.3,101.7,-2.2,192582.0
2026-07-27,50,109612623.0,11048530094.0,101.3,101.6,100.05,101.45,-0.25,158222.0
2026-07-28,50,469130535.0,45782587206.0,98.35,98.35,96.9,97.15,-4.3,916358.0
2026-07-29,50,546282926.0,51279482077.0,96.95,97.0,91.8,93.7,-3.45,956082.0
2026-07-30,50,297963128.0,28012249404.0,93.4,96.0,92.0,93.5,-0.2,327916.0
2026-07-31,50,345660955.0,35123786635.0,100.0,102.85,99.8,102.85,9.35,201929.0
2026-08-03,50,169497151.0,17265510345.0,102.0,102.7,101.0,102.0,-0.85,148697.0
2026-08-04,50,121774200.0,12269605488.0,100.65,102.25,99.75,100.65,-1.35,146200.0
2026-08-05,50,168906182.0,17568942082.0,103.75,104.75,102.9,103.8,3.15,128323.0
2026-08-06,50,78928810.0,8137432075.0,103.25,103.7,102.55,103.3,-0.5,91395.0
2026-08-07,50,69373793.0,7133048202.0,103.8,104.0,102.05,102.85,-0.45,94631.0
2026-08-10,50,82086387.0,8557758998.0,103.9,104.75,103.5,104.25,1.4,101254.0
2026-08-11,50,69314252.0,7226919287.0,104.05,104.85,103.4,104.6,0.35,84115.0
2026-08-12,50,64991356.0,6826517977.0,105.0,105.25,104.45,105.2,0.6,154246.0
2026-08-13,50,89418262.0,9538235767.0,106.55,107.0,106.15,106.7,1.5,84691.0
2026-08-14,50,81955573.0,8764204057.0,107.1,107.5,106.05,106.4,-0.3,86009.0
2026-08-17,50,58016480.0,6183538233.0,106.4,106.95,106.0,106.45,0.05,85240.0
2026-08-18,50,66471402.0,7016506044.0,106.45,106.45,104.85,104.9,-1.55,134347.0
2026-08-19,50,100818593.0,10411883849.0,103.05,103.85,102.7,103.1,-1.8,192749.0
2026-08-20,50,43382378.0,4488617614.0,104.2,104.25,102.95,103.8,0.7,68638.0
2026-08-21,50,41340817.0,4312427815.0,103.8,104.8,103.2,104.65,0.85,50553.0
2026-08-24,50,44713618.0,4660940086.0,104.65,104.8,103.8,103.8,-0.85,83826.0
2026-08-25,50,61162385.0,6298550541.0,102.9,104.4,102.4,104.4,0.6,116150.0
2026-08-26,50,88919251.0,9385535872.0,104.1,106.05,103.5,105.9,1.5,82153.0
2026-08-27,50,76015854.0,8101493444.0,106.5,107.0,105.9,106.05,0.15,62717.0
2026-08-28,50,78158934.0,8369173993.0,107.1,107.35,106.7,106.95,0.9,70286.0
2026-08-31,50,69132826.0,7292329546.0,105.6,106.25,105.0,106.25,-0.7,104298.0
2026-09-01,50,111066980.0,12012866945.0,106.5,108.7,106.5,108.45,2.2,106004.0
2026-09-02,50,67681102.0,7244048852.0,107.5,107.85,106.65,106.8,-1.65,118025.0
2026-09-03,50,48818422.0,5214024570.0,106.9,107.4,106.15,106.2,-0.6,68878.0
2026-09-04,50,46705557.0,5017991081.0,107.7,108.0,106.85,107.9,1.7,49703.0
2026-09-07,50,108677081.0,11915554302.0,109.05,110.0,108.85,109.9,2.0,116883.0
2026-09-08,0050,75243156.0,8285982385.0,110.0,110.75,109.55,109.65,-0.25,87371.0
